nivel_territorial_codigo;nivel_territorial_nome;territorio_codigo;territorio_nome;ano_codigo;ano_nome;variavel_codigo;variavel_nome;unidade;valor;valor_numerico;status_valor
N1;Brasil;1;Brasil;2022;2022;706;Número de unidades locais;Unidades;10607102.0;10607102.0;disponivel
N3;Unidade da Federação;23;Ceará;2022;2022;706;Número de unidades locais;Unidades;273117.0;273117.0;disponivel
N6;Município;2300101;Abaiara - CE;2022;2022;706;Número de unidades locais;Unidades;125.0;125.0;disponivel
N6;Município;2300150;Acarape - CE;2022;2022;706;Número de unidades locais;Unidades;239.0;239.0;disponivel
N6;Município;2300200;Acaraú - CE;2022;2022;706;Número de unidades locais;Unidades;1164.0;1164.0;disponivel
N6;Município;2300309;Acopiara - CE;2022;2022;706;Número de unidades locais;Unidades;939.0;939.0;disponivel
N6;Município;2300408;Aiuaba - CE;2022;2022;706;Número de unidades locais;Unidades;221.0;221.0;disponivel
N6;Município;2300507;Alcântaras - CE;2022;2022;706;Número de unidades locais;Unidades;192.0;192.0;disponivel
N6;Município;2300606;Altaneira - CE;2022;2022;706;Número de unidades locais;Unidades;125.0;125.0;disponivel
N6;Município;2300705;Alto Santo - CE;2022;2022;706;Número de unidades locais;Unidades;368.0;368.0;disponivel
N6;Município;2300754;Amontada - CE;2022;2022;706;Número de unidades locais;Unidades;753.0;753.0;disponivel
N6;Município;2300804;Antonina do Norte - CE;2022;2022;706;Número de unidades locais;Unidades;160.0;160.0;disponivel
N6;Município;2300903;Apuiarés - CE;2022;2022;706;Número de unidades locais;Unidades;244.0;244.0;disponivel
N6;Município;2301000;Aquiraz - CE;2022;2022;706;Número de unidades locais;Unidades;2427.0;2427.0;disponivel
N6;Município;2301109;Aracati - CE;2022;2022;706;Número de unidades locais;Unidades;2249.0;2249.0;disponivel
N6;Município;2301208;Aracoiaba - CE;2022;2022;706;Número de unidades locais;Unidades;464.0;464.0;disponivel
N6;Município;2301257;Ararendá - CE;2022;2022;706;Número de unidades locais;Unidades;222.0;222.0;disponivel
N6;Município;2301307;Araripe - CE;2022;2022;706;Número de unidades locais;Unidades;330.0;330.0;disponivel
N6;Município;2301406;Aratuba - CE;2022;2022;706;Número de unidades locais;Unidades;187.0;187.0;disponivel
N6;Município;2301505;Arneiroz - CE;2022;2022;706;Número de unidades locais;Unidades;133.0;133.0;disponivel
N6;Município;2301604;Assaré - CE;2022;2022;706;Número de unidades locais;Unidades;388.0;388.0;disponivel
N6;Município;2301703;Aurora - CE;2022;2022;706;Número de unidades locais;Unidades;401.0;401.0;disponivel
N6;Município;2301802;Baixio - CE;2022;2022;706;Número de unidades locais;Unidades;115.0;115.0;disponivel
N6;Município;2301851;Banabuiú - CE;2022;2022;706;Número de unidades locais;Unidades;304.0;304.0;disponivel
N6;Município;2301901;Barbalha - CE;2022;2022;706;Número de unidades locais;Unidades;1652.0;1652.0;disponivel
N6;Município;2301950;Barreira - CE;2022;2022;706;Número de unidades locais;Unidades;436.0;436.0;disponivel
N6;Município;2302008;Barro - CE;2022;2022;706;Número de unidades locais;Unidades;356.0;356.0;disponivel
N6;Município;2302057;Barroquinha - CE;2022;2022;706;Número de unidades locais;Unidades;262.0;262.0;disponivel
N6;Município;2302107;Baturité - CE;2022;2022;706;Número de unidades locais;Unidades;859.0;859.0;disponivel
N6;Município;2302206;Beberibe - CE;2022;2022;706;Número de unidades locais;Unidades;1103.0;1103.0;disponivel
N6;Município;2302305;Bela Cruz - CE;2022;2022;706;Número de unidades locais;Unidades;519.0;519.0;disponivel
N6;Município;2302404;Boa Viagem - CE;2022;2022;706;Número de unidades locais;Unidades;940.0;940.0;disponivel
N6;Município;2302503;Brejo Santo - CE;2022;2022;706;Número de unidades locais;Unidades;1190.0;1190.0;disponivel
N6;Município;2302602;Camocim - CE;2022;2022;706;Número de unidades locais;Unidades;1357.0;1357.0;disponivel
N6;Município;2302701;Campos Sales - CE;2022;2022;706;Número de unidades locais;Unidades;551.0;551.0;disponivel
N6;Município;2302800;Canindé - CE;2022;2022;706;Número de unidades locais;Unidades;1878.0;1878.0;disponivel
N6;Município;2302909;Capistrano - CE;2022;2022;706;Número de unidades locais;Unidades;265.0;265.0;disponivel
N6;Município;2303006;Caridade - CE;2022;2022;706;Número de unidades locais;Unidades;305.0;305.0;disponivel
N6;Município;2303105;Cariré - CE;2022;2022;706;Número de unidades locais;Unidades;303.0;303.0;disponivel
N6;Município;2303204;Caririaçu - CE;2022;2022;706;Número de unidades locais;Unidades;319.0;319.0;disponivel
N6;Município;2303303;Cariús - CE;2022;2022;706;Número de unidades locais;Unidades;328.0;328.0;disponivel
N6;Município;2303402;Carnaubal - CE;2022;2022;706;Número de unidades locais;Unidades;276.0;276.0;disponivel
N6;Município;2303501;Cascavel - CE;2022;2022;706;Número de unidades locais;Unidades;1726.0;1726.0;disponivel
N6;Município;2303600;Catarina - CE;2022;2022;706;Número de unidades locais;Unidades;189.0;189.0;disponivel
N6;Município;2303659;Catunda - CE;2022;2022;706;Número de unidades locais;Unidades;232.0;232.0;disponivel
N6;Município;2303709;Caucaia - CE;2022;2022;706;Número de unidades locais;Unidades;8108.0;8108.0;disponivel
N6;Município;2303808;Cedro - CE;2022;2022;706;Número de unidades locais;Unidades;445.0;445.0;disponivel
N6;Município;2303907;Chaval - CE;2022;2022;706;Número de unidades locais;Unidades;199.0;199.0;disponivel
N6;Município;2303931;Choró - CE;2022;2022;706;Número de unidades locais;Unidades;189.0;189.0;disponivel
N6;Município;2303956;Chorozinho - CE;2022;2022;706;Número de unidades locais;Unidades;401.0;401.0;disponivel
N6;Município;2304004;Coreaú - CE;2022;2022;706;Número de unidades locais;Unidades;337.0;337.0;disponivel
N6;Município;2304103;Crateús - CE;2022;2022;706;Número de unidades locais;Unidades;1995.0;1995.0;disponivel
N6;Município;2304202;Crato - CE;2022;2022;706;Número de unidades locais;Unidades;3552.0;3552.0;disponivel
N6;Município;2304236;Croatá - CE;2022;2022;706;Número de unidades locais;Unidades;280.0;280.0;disponivel
N6;Município;2304251;Cruz - CE;2022;2022;706;Número de unidades locais;Unidades;952.0;952.0;disponivel
N6;Município;2304269;Deputado Irapuan Pinheiro - CE;2022;2022;706;Número de unidades locais;Unidades;177.0;177.0;disponivel
N6;Município;2304277;Ereré - CE;2022;2022;706;Número de unidades locais;Unidades;101.0;101.0;disponivel
N6;Município;2304285;Eusébio - CE;2022;2022;706;Número de unidades locais;Unidades;6112.0;6112.0;disponivel
N6;Município;2304301;Farias Brito - CE;2022;2022;706;Número de unidades locais;Unidades;334.0;334.0;disponivel
N6;Município;2304350;Forquilha - CE;2022;2022;706;Número de unidades locais;Unidades;506.0;506.0;disponivel
N6;Município;2304400;Fortaleza - CE;2022;2022;706;Número de unidades locais;Unidades;122522.0;122522.0;disponivel
N6;Município;2304459;Fortim - CE;2022;2022;706;Número de unidades locais;Unidades;520.0;520.0;disponivel
N6;Município;2304509;Frecheirinha - CE;2022;2022;706;Número de unidades locais;Unidades;288.0;288.0;disponivel
N6;Município;2304608;General Sampaio - CE;2022;2022;706;Número de unidades locais;Unidades;151.0;151.0;disponivel
N6;Município;2304657;Graça - CE;2022;2022;706;Número de unidades locais;Unidades;192.0;192.0;disponivel
N6;Município;2304707;Granja - CE;2022;2022;706;Número de unidades locais;Unidades;653.0;653.0;disponivel
N6;Município;2304806;Granjeiro - CE;2022;2022;706;Número de unidades locais;Unidades;80.0;80.0;disponivel
N6;Município;2304905;Groaíras - CE;2022;2022;706;Número de unidades locais;Unidades;313.0;313.0;disponivel
N6;Município;2304954;Guaiúba - CE;2022;2022;706;Número de unidades locais;Unidades;369.0;369.0;disponivel
N6;Município;2305001;Guaraciaba do Norte - CE;2022;2022;706;Número de unidades locais;Unidades;926.0;926.0;disponivel
N6;Município;2305100;Guaramiranga - CE;2022;2022;706;Número de unidades locais;Unidades;249.0;249.0;disponivel
N6;Município;2305209;Hidrolândia - CE;2022;2022;706;Número de unidades locais;Unidades;338.0;338.0;disponivel
N6;Município;2305233;Horizonte - CE;2022;2022;706;Número de unidades locais;Unidades;1653.0;1653.0;disponivel
N6;Município;2305266;Ibaretama - CE;2022;2022;706;Número de unidades locais;Unidades;210.0;210.0;disponivel
N6;Município;2305308;Ibiapina - CE;2022;2022;706;Número de unidades locais;Unidades;430.0;430.0;disponivel
N6;Município;2305332;Ibicuitinga - CE;2022;2022;706;Número de unidades locais;Unidades;188.0;188.0;disponivel
N6;Município;2305357;Icapuí - CE;2022;2022;706;Número de unidades locais;Unidades;670.0;670.0;disponivel
N6;Município;2305407;Icó - CE;2022;2022;706;Número de unidades locais;Unidades;1191.0;1191.0;disponivel
N6;Município;2305506;Iguatu - CE;2022;2022;706;Número de unidades locais;Unidades;3526.0;3526.0;disponivel
N6;Município;2305605;Independência - CE;2022;2022;706;Número de unidades locais;Unidades;552.0;552.0;disponivel
N6;Município;2305654;Ipaporanga - CE;2022;2022;706;Número de unidades locais;Unidades;163.0;163.0;disponivel
N6;Município;2305704;Ipaumirim - CE;2022;2022;706;Número de unidades locais;Unidades;274.0;274.0;disponivel
N6;Município;2305803;Ipu - CE;2022;2022;706;Número de unidades locais;Unidades;928.0;928.0;disponivel
N6;Município;2305902;Ipueiras - CE;2022;2022;706;Número de unidades locais;Unidades;629.0;629.0;disponivel
N6;Município;2306009;Iracema - CE;2022;2022;706;Número de unidades locais;Unidades;406.0;406.0;disponivel
N6;Município;2306108;Irauçuba - CE;2022;2022;706;Número de unidades locais;Unidades;407.0;407.0;disponivel
N6;Município;2306207;Itaiçaba - CE;2022;2022;706;Número de unidades locais;Unidades;168.0;168.0;disponivel
N6;Município;2306256;Itaitinga - CE;2022;2022;706;Número de unidades locais;Unidades;1379.0;1379.0;disponivel
N6;Município;2306306;Itapajé - CE;2022;2022;706;Número de unidades locais;Unidades;910.0;910.0;disponivel
N6;Município;2306405;Itapipoca - CE;2022;2022;706;Número de unidades locais;Unidades;2314.0;2314.0;disponivel
N6;Município;2306504;Itapiúna - CE;2022;2022;706;Número de unidades locais;Unidades;254.0;254.0;disponivel
N6;Município;2306553;Itarema - CE;2022;2022;706;Número de unidades locais;Unidades;924.0;924.0;disponivel
N6;Município;2306603;Itatira - CE;2022;2022;706;Número de unidades locais;Unidades;450.0;450.0;disponivel
N6;Município;2306702;Jaguaretama - CE;2022;2022;706;Número de unidades locais;Unidades;388.0;388.0;disponivel
N6;Município;2306801;Jaguaribara - CE;2022;2022;706;Número de unidades locais;Unidades;262.0;262.0;disponivel
N6;Município;2306900;Jaguaribe - CE;2022;2022;706;Número de unidades locais;Unidades;1071.0;1071.0;disponivel
N6;Município;2307007;Jaguaruana - CE;2022;2022;706;Número de unidades locais;Unidades;963.0;963.0;disponivel
N6;Município;2307106;Jardim - CE;2022;2022;706;Número de unidades locais;Unidades;544.0;544.0;disponivel
N6;Município;2307205;Jati - CE;2022;2022;706;Número de unidades locais;Unidades;129.0;129.0;disponivel
N6;Município;2307254;Jijoca de Jericoacoara - CE;2022;2022;706;Número de unidades locais;Unidades;1377.0;1377.0;disponivel
N6;Município;2307304;Juazeiro do Norte - CE;2022;2022;706;Número de unidades locais;Unidades;10042.0;10042.0;disponivel
N6;Município;2307403;Jucás - CE;2022;2022;706;Número de unidades locais;Unidades;446.0;446.0;disponivel
N6;Município;2307502;Lavras da Mangabeira - CE;2022;2022;706;Número de unidades locais;Unidades;602.0;602.0;disponivel
N6;Município;2307601;Limoeiro do Norte - CE;2022;2022;706;Número de unidades locais;Unidades;1977.0;1977.0;disponivel
N6;Município;2307635;Madalena - CE;2022;2022;706;Número de unidades locais;Unidades;357.0;357.0;disponivel
N6;Município;2307650;Maracanaú - CE;2022;2022;706;Número de unidades locais;Unidades;7064.0;7064.0;disponivel
N6;Município;2307700;Maranguape - CE;2022;2022;706;Número de unidades locais;Unidades;2199.0;2199.0;disponivel
N6;Município;2307809;Marco - CE;2022;2022;706;Número de unidades locais;Unidades;685.0;685.0;disponivel
N6;Município;2307908;Martinópole - CE;2022;2022;706;Número de unidades locais;Unidades;164.0;164.0;disponivel
N6;Município;2308005;Massapê - CE;2022;2022;706;Número de unidades locais;Unidades;637.0;637.0;disponivel
N6;Município;2308104;Mauriti - CE;2022;2022;706;Número de unidades locais;Unidades;803.0;803.0;disponivel
N6;Município;2308203;Meruoca - CE;2022;2022;706;Número de unidades locais;Unidades;306.0;306.0;disponivel
N6;Município;2308302;Milagres - CE;2022;2022;706;Número de unidades locais;Unidades;494.0;494.0;disponivel
N6;Município;2308351;Milhã - CE;2022;2022;706;Número de unidades locais;Unidades;288.0;288.0;disponivel
N6;Município;2308377;Miraíma - CE;2022;2022;706;Número de unidades locais;Unidades;152.0;152.0;disponivel
N6;Município;2308401;Missão Velha - CE;2022;2022;706;Número de unidades locais;Unidades;593.0;593.0;disponivel
N6;Município;2308500;Mombaça - CE;2022;2022;706;Número de unidades locais;Unidades;800.0;800.0;disponivel
N6;Município;2308609;Monsenhor Tabosa - CE;2022;2022;706;Número de unidades locais;Unidades;307.0;307.0;disponivel
N6;Município;2308708;Morada Nova - CE;2022;2022;706;Número de unidades locais;Unidades;1321.0;1321.0;disponivel
N6;Município;2308807;Moraújo - CE;2022;2022;706;Número de unidades locais;Unidades;111.0;111.0;disponivel
N6;Município;2308906;Morrinhos - CE;2022;2022;706;Número de unidades locais;Unidades;404.0;404.0;disponivel
N6;Município;2309003;Mucambo - CE;2022;2022;706;Número de unidades locais;Unidades;227.0;227.0;disponivel
N6;Município;2309102;Mulungu - CE;2022;2022;706;Número de unidades locais;Unidades;188.0;188.0;disponivel
N6;Município;2309201;Nova Olinda - CE;2022;2022;706;Número de unidades locais;Unidades;329.0;329.0;disponivel
N6;Município;2309300;Nova Russas - CE;2022;2022;706;Número de unidades locais;Unidades;799.0;799.0;disponivel
N6;Município;2309409;Novo Oriente - CE;2022;2022;706;Número de unidades locais;Unidades;535.0;535.0;disponivel
N6;Município;2309458;Ocara - CE;2022;2022;706;Número de unidades locais;Unidades;430.0;430.0;disponivel
N6;Município;2309508;Orós - CE;2022;2022;706;Número de unidades locais;Unidades;391.0;391.0;disponivel
N6;Município;2309607;Pacajus - CE;2022;2022;706;Número de unidades locais;Unidades;1621.0;1621.0;disponivel
N6;Município;2309706;Pacatuba - CE;2022;2022;706;Número de unidades locais;Unidades;1335.0;1335.0;disponivel
N6;Município;2309805;Pacoti - CE;2022;2022;706;Número de unidades locais;Unidades;240.0;240.0;disponivel
N6;Município;2309904;Pacujá - CE;2022;2022;706;Número de unidades locais;Unidades;140.0;140.0;disponivel
N6;Município;2310001;Palhano - CE;2022;2022;706;Número de unidades locais;Unidades;179.0;179.0;disponivel
N6;Município;2310100;Palmácia - CE;2022;2022;706;Número de unidades locais;Unidades;156.0;156.0;disponivel
N6;Município;2310209;Paracuru - CE;2022;2022;706;Número de unidades locais;Unidades;938.0;938.0;disponivel
N6;Município;2310258;Paraipaba - CE;2022;2022;706;Número de unidades locais;Unidades;810.0;810.0;disponivel
N6;Município;2310308;Parambu - CE;2022;2022;706;Número de unidades locais;Unidades;548.0;548.0;disponivel
N6;Município;2310407;Paramoti - CE;2022;2022;706;Número de unidades locais;Unidades;199.0;199.0;disponivel
N6;Município;2310506;Pedra Branca - CE;2022;2022;706;Número de unidades locais;Unidades;737.0;737.0;disponivel
N6;Município;2310605;Penaforte - CE;2022;2022;706;Número de unidades locais;Unidades;200.0;200.0;disponivel
N6;Município;2310704;Pentecoste - CE;2022;2022;706;Número de unidades locais;Unidades;728.0;728.0;disponivel
N6;Município;2310803;Pereiro - CE;2022;2022;706;Número de unidades locais;Unidades;255.0;255.0;disponivel
N6;Município;2310852;Pindoretama - CE;2022;2022;706;Número de unidades locais;Unidades;555.0;555.0;disponivel
N6;Município;2310902;Piquet Carneiro - CE;2022;2022;706;Número de unidades locais;Unidades;275.0;275.0;disponivel
N6;Município;2310951;Pires Ferreira - CE;2022;2022;706;Número de unidades locais;Unidades;138.0;138.0;disponivel
N6;Município;2311009;Poranga - CE;2022;2022;706;Número de unidades locais;Unidades;163.0;163.0;disponivel
N6;Município;2311108;Porteiras - CE;2022;2022;706;Número de unidades locais;Unidades;249.0;249.0;disponivel
N6;Município;2311207;Potengi - CE;2022;2022;706;Número de unidades locais;Unidades;179.0;179.0;disponivel
N6;Município;2311231;Potiretama - CE;2022;2022;706;Número de unidades locais;Unidades;144.0;144.0;disponivel
N6;Município;2311264;Quiterianópolis - CE;2022;2022;706;Número de unidades locais;Unidades;348.0;348.0;disponivel
N6;Município;2311306;Quixadá - CE;2022;2022;706;Número de unidades locais;Unidades;1848.0;1848.0;disponivel
N6;Município;2311355;Quixelô - CE;2022;2022;706;Número de unidades locais;Unidades;289.0;289.0;disponivel
N6;Município;2311405;Quixeramobim - CE;2022;2022;706;Número de unidades locais;Unidades;1593.0;1593.0;disponivel
N6;Município;2311504;Quixeré - CE;2022;2022;706;Número de unidades locais;Unidades;507.0;507.0;disponivel
N6;Município;2311603;Redenção - CE;2022;2022;706;Número de unidades locais;Unidades;489.0;489.0;disponivel
N6;Município;2311702;Reriutaba - CE;2022;2022;706;Número de unidades locais;Unidades;482.0;482.0;disponivel
N6;Município;2311801;Russas - CE;2022;2022;706;Número de unidades locais;Unidades;2016.0;2016.0;disponivel
N6;Município;2311900;Saboeiro - CE;2022;2022;706;Número de unidades locais;Unidades;237.0;237.0;disponivel
N6;Município;2311959;Salitre - CE;2022;2022;706;Número de unidades locais;Unidades;260.0;260.0;disponivel
N6;Município;2312007;Santana do Acaraú - CE;2022;2022;706;Número de unidades locais;Unidades;530.0;530.0;disponivel
N6;Município;2312106;Santana do Cariri - CE;2022;2022;706;Número de unidades locais;Unidades;205.0;205.0;disponivel
N6;Município;2312205;Santa Quitéria - CE;2022;2022;706;Número de unidades locais;Unidades;1195.0;1195.0;disponivel
N6;Município;2312304;São Benedito - CE;2022;2022;706;Número de unidades locais;Unidades;1152.0;1152.0;disponivel
N6;Município;2312403;São Gonçalo do Amarante - CE;2022;2022;706;Número de unidades locais;Unidades;1524.0;1524.0;disponivel
N6;Município;2312502;São João do Jaguaribe - CE;2022;2022;706;Número de unidades locais;Unidades;119.0;119.0;disponivel
N6;Município;2312601;São Luís do Curu - CE;2022;2022;706;Número de unidades locais;Unidades;199.0;199.0;disponivel
N6;Município;2312700;Senador Pompeu - CE;2022;2022;706;Número de unidades locais;Unidades;599.0;599.0;disponivel
N6;Município;2312809;Senador Sá - CE;2022;2022;706;Número de unidades locais;Unidades;142.0;142.0;disponivel
N6;Município;2312908;Sobral - CE;2022;2022;706;Número de unidades locais;Unidades;5996.0;5996.0;disponivel
N6;Município;2313005;Solonópole - CE;2022;2022;706;Número de unidades locais;Unidades;398.0;398.0;disponivel
N6;Município;2313104;Tabuleiro do Norte - CE;2022;2022;706;Número de unidades locais;Unidades;850.0;850.0;disponivel
N6;Município;2313203;Tamboril - CE;2022;2022;706;Número de unidades locais;Unidades;426.0;426.0;disponivel
N6;Município;2313252;Tarrafas - CE;2022;2022;706;Número de unidades locais;Unidades;131.0;131.0;disponivel
N6;Município;2313302;Tauá - CE;2022;2022;706;Número de unidades locais;Unidades;1414.0;1414.0;disponivel
N6;Município;2313351;Tejuçuoca - CE;2022;2022;706;Número de unidades locais;Unidades;228.0;228.0;disponivel
N6;Município;2313401;Tianguá - CE;2022;2022;706;Número de unidades locais;Unidades;2590.0;2590.0;disponivel
N6;Município;2313500;Trairi - CE;2022;2022;706;Número de unidades locais;Unidades;1256.0;1256.0;disponivel
N6;Município;2313559;Tururu - CE;2022;2022;706;Número de unidades locais;Unidades;176.0;176.0;disponivel
N6;Município;2313609;Ubajara - CE;2022;2022;706;Número de unidades locais;Unidades;773.0;773.0;disponivel
N6;Município;2313708;Umari - CE;2022;2022;706;Número de unidades locais;Unidades;102.0;102.0;disponivel
N6;Município;2313757;Umirim - CE;2022;2022;706;Número de unidades locais;Unidades;203.0;203.0;disponivel
N6;Município;2313807;Uruburetama - CE;2022;2022;706;Número de unidades locais;Unidades;298.0;298.0;disponivel
N6;Município;2313906;Uruoca - CE;2022;2022;706;Número de unidades locais;Unidades;216.0;216.0;disponivel
N6;Município;2313955;Varjota - CE;2022;2022;706;Número de unidades locais;Unidades;550.0;550.0;disponivel
N6;Município;2314003;Várzea Alegre - CE;2022;2022;706;Número de unidades locais;Unidades;842.0;842.0;disponivel
N6;Município;2314102;Viçosa do Ceará - CE;2022;2022;706;Número de unidades locais;Unidades;1049.0;1049.0;disponivel
N1;Brasil;1;Brasil;2022;2022;367;Número de empresas e outras organizações atuantes;Unidades;10001520.0;10001520.0;disponivel
N3;Unidade da Federação;23;Ceará;2022;2022;367;Número de empresas e outras organizações atuantes;Unidades;257122.0;257122.0;disponivel
N6;Município;2300101;Abaiara - CE;2022;2022;367;Número de empresas e outras organizações atuantes;Unidades;122.0;122.0;disponivel
N6;Município;2300150;Acarape - CE;2022;2022;367;Número de empresas e outras organizações atuantes;Unidades;232.0;232.0;disponivel
N6;Município;2300200;Acaraú - CE;2022;2022;367;Número de empresas e outras organizações atuantes;Unidades;1116.0;1116.0;disponivel
N6;Município;2300309;Acopiara - CE;2022;2022;367;Número de empresas e outras organizações atuantes;Unidades;904.0;904.0;disponivel
N6;Município;2300408;Aiuaba - CE;2022;2022;367;Número de empresas e outras organizações atuantes;Unidades;218.0;218.0;disponivel
N6;Município;2300507;Alcântaras - CE;2022;2022;367;Número de empresas e outras organizações atuantes;Unidades;191.0;191.0;disponivel
N6;Município;2300606;Altaneira - CE;2022;2022;367;Número de empresas e outras organizações atuantes;Unidades;125.0;125.0;disponivel
N6;Município;2300705;Alto Santo - CE;2022;2022;367;Número de empresas e outras organizações atuantes;Unidades;357.0;357.0;disponivel
N6;Município;2300754;Amontada - CE;2022;2022;367;Número de empresas e outras organizações atuantes;Unidades;737.0;737.0;disponivel
N6;Município;2300804;Antonina do Norte - CE;2022;2022;367;Número de empresas e outras organizações atuantes;Unidades;156.0;156.0;disponivel
N6;Município;2300903;Apuiarés - CE;2022;2022;367;Número de empresas e outras organizações atuantes;Unidades;242.0;242.0;disponivel
N6;Município;2301000;Aquiraz - CE;2022;2022;367;Número de empresas e outras organizações atuantes;Unidades;2313.0;2313.0;disponivel
N6;Município;2301109;Aracati - CE;2022;2022;367;Número de empresas e outras organizações atuantes;Unidades;2136.0;2136.0;disponivel
N6;Município;2301208;Aracoiaba - CE;2022;2022;367;Número de empresas e outras organizações atuantes;Unidades;451.0;451.0;disponivel
N6;Município;2301257;Ararendá - CE;2022;2022;367;Número de empresas e outras organizações atuantes;Unidades;218.0;218.0;disponivel
N6;Município;2301307;Araripe - CE;2022;2022;367;Número de empresas e outras organizações atuantes;Unidades;322.0;322.0;disponivel
N6;Município;2301406;Aratuba - CE;2022;2022;367;Número de empresas e outras organizações atuantes;Unidades;184.0;184.0;disponivel
N6;Município;2301505;Arneiroz - CE;2022;2022;367;Número de empresas e outras organizações atuantes;Unidades;131.0;131.0;disponivel
N6;Município;2301604;Assaré - CE;2022;2022;367;Número de empresas e outras organizações atuantes;Unidades;375.0;375.0;disponivel
N6;Município;2301703;Aurora - CE;2022;2022;367;Número de empresas e outras organizações atuantes;Unidades;377.0;377.0;disponivel
N6;Município;2301802;Baixio - CE;2022;2022;367;Número de empresas e outras organizações atuantes;Unidades;113.0;113.0;disponivel
N6;Município;2301851;Banabuiú - CE;2022;2022;367;Número de empresas e outras organizações atuantes;Unidades;299.0;299.0;disponivel
N6;Município;2301901;Barbalha - CE;2022;2022;367;Número de empresas e outras organizações atuantes;Unidades;1597.0;1597.0;disponivel
N6;Município;2301950;Barreira - CE;2022;2022;367;Número de empresas e outras organizações atuantes;Unidades;430.0;430.0;disponivel
N6;Município;2302008;Barro - CE;2022;2022;367;Número de empresas e outras organizações atuantes;Unidades;337.0;337.0;disponivel
N6;Município;2302057;Barroquinha - CE;2022;2022;367;Número de empresas e outras organizações atuantes;Unidades;252.0;252.0;disponivel
N6;Município;2302107;Baturité - CE;2022;2022;367;Número de empresas e outras organizações atuantes;Unidades;832.0;832.0;disponivel
N6;Município;2302206;Beberibe - CE;2022;2022;367;Número de empresas e outras organizações atuantes;Unidades;1056.0;1056.0;disponivel
N6;Município;2302305;Bela Cruz - CE;2022;2022;367;Número de empresas e outras organizações atuantes;Unidades;500.0;500.0;disponivel
N6;Município;2302404;Boa Viagem - CE;2022;2022;367;Número de empresas e outras organizações atuantes;Unidades;910.0;910.0;disponivel
N6;Município;2302503;Brejo Santo - CE;2022;2022;367;Número de empresas e outras organizações atuantes;Unidades;1134.0;1134.0;disponivel
N6;Município;2302602;Camocim - CE;2022;2022;367;Número de empresas e outras organizações atuantes;Unidades;1306.0;1306.0;disponivel
N6;Município;2302701;Campos Sales - CE;2022;2022;367;Número de empresas e outras organizações atuantes;Unidades;535.0;535.0;disponivel
N6;Município;2302800;Canindé - CE;2022;2022;367;Número de empresas e outras organizações atuantes;Unidades;1797.0;1797.0;disponivel
N6;Município;2302909;Capistrano - CE;2022;2022;367;Número de empresas e outras organizações atuantes;Unidades;262.0;262.0;disponivel
N6;Município;2303006;Caridade - CE;2022;2022;367;Número de empresas e outras organizações atuantes;Unidades;295.0;295.0;disponivel
N6;Município;2303105;Cariré - CE;2022;2022;367;Número de empresas e outras organizações atuantes;Unidades;300.0;300.0;disponivel
N6;Município;2303204;Caririaçu - CE;2022;2022;367;Número de empresas e outras organizações atuantes;Unidades;317.0;317.0;disponivel
N6;Município;2303303;Cariús - CE;2022;2022;367;Número de empresas e outras organizações atuantes;Unidades;317.0;317.0;disponivel
N6;Município;2303402;Carnaubal - CE;2022;2022;367;Número de empresas e outras organizações atuantes;Unidades;270.0;270.0;disponivel
N6;Município;2303501;Cascavel - CE;2022;2022;367;Número de empresas e outras organizações atuantes;Unidades;1639.0;1639.0;disponivel
N6;Município;2303600;Catarina - CE;2022;2022;367;Número de empresas e outras organizações atuantes;Unidades;184.0;184.0;disponivel
N6;Município;2303659;Catunda - CE;2022;2022;367;Número de empresas e outras organizações atuantes;Unidades;223.0;223.0;disponivel
N6;Município;2303709;Caucaia - CE;2022;2022;367;Número de empresas e outras organizações atuantes;Unidades;7678.0;7678.0;disponivel
N6;Município;2303808;Cedro - CE;2022;2022;367;Número de empresas e outras organizações atuantes;Unidades;428.0;428.0;disponivel
N6;Município;2303907;Chaval - CE;2022;2022;367;Número de empresas e outras organizações atuantes;Unidades;194.0;194.0;disponivel
N6;Município;2303931;Choró - CE;2022;2022;367;Número de empresas e outras organizações atuantes;Unidades;187.0;187.0;disponivel
N6;Município;2303956;Chorozinho - CE;2022;2022;367;Número de empresas e outras organizações atuantes;Unidades;399.0;399.0;disponivel
N6;Município;2304004;Coreaú - CE;2022;2022;367;Número de empresas e outras organizações atuantes;Unidades;325.0;325.0;disponivel
N6;Município;2304103;Crateús - CE;2022;2022;367;Número de empresas e outras organizações atuantes;Unidades;1895.0;1895.0;disponivel
N6;Município;2304202;Crato - CE;2022;2022;367;Número de empresas e outras organizações atuantes;Unidades;3372.0;3372.0;disponivel
N6;Município;2304236;Croatá - CE;2022;2022;367;Número de empresas e outras organizações atuantes;Unidades;269.0;269.0;disponivel
N6;Município;2304251;Cruz - CE;2022;2022;367;Número de empresas e outras organizações atuantes;Unidades;915.0;915.0;disponivel
N6;Município;2304269;Deputado Irapuan Pinheiro - CE;2022;2022;367;Número de empresas e outras organizações atuantes;Unidades;172.0;172.0;disponivel
N6;Município;2304277;Ereré - CE;2022;2022;367;Número de empresas e outras organizações atuantes;Unidades;100.0;100.0;disponivel
N6;Município;2304285;Eusébio - CE;2022;2022;367;Número de empresas e outras organizações atuantes;Unidades;5983.0;5983.0;disponivel
N6;Município;2304301;Farias Brito - CE;2022;2022;367;Número de empresas e outras organizações atuantes;Unidades;326.0;326.0;disponivel
N6;Município;2304350;Forquilha - CE;2022;2022;367;Número de empresas e outras organizações atuantes;Unidades;500.0;500.0;disponivel
N6;Município;2304400;Fortaleza - CE;2022;2022;367;Número de empresas e outras organizações atuantes;Unidades;112708.0;112708.0;disponivel
N6;Município;2304459;Fortim - CE;2022;2022;367;Número de empresas e outras organizações atuantes;Unidades;512.0;512.0;disponivel
N6;Município;2304509;Frecheirinha - CE;2022;2022;367;Número de empresas e outras organizações atuantes;Unidades;273.0;273.0;disponivel
N6;Município;2304608;General Sampaio - CE;2022;2022;367;Número de empresas e outras organizações atuantes;Unidades;150.0;150.0;disponivel
N6;Município;2304657;Graça - CE;2022;2022;367;Número de empresas e outras organizações atuantes;Unidades;186.0;186.0;disponivel
N6;Município;2304707;Granja - CE;2022;2022;367;Número de empresas e outras organizações atuantes;Unidades;624.0;624.0;disponivel
N6;Município;2304806;Granjeiro - CE;2022;2022;367;Número de empresas e outras organizações atuantes;Unidades;79.0;79.0;disponivel
N6;Município;2304905;Groaíras - CE;2022;2022;367;Número de empresas e outras organizações atuantes;Unidades;310.0;310.0;disponivel
N6;Município;2304954;Guaiúba - CE;2022;2022;367;Número de empresas e outras organizações atuantes;Unidades;364.0;364.0;disponivel
N6;Município;2305001;Guaraciaba do Norte - CE;2022;2022;367;Número de empresas e outras organizações atuantes;Unidades;894.0;894.0;disponivel
N6;Município;2305100;Guaramiranga - CE;2022;2022;367;Número de empresas e outras organizações atuantes;Unidades;242.0;242.0;disponivel
N6;Município;2305209;Hidrolândia - CE;2022;2022;367;Número de empresas e outras organizações atuantes;Unidades;336.0;336.0;disponivel
N6;Município;2305233;Horizonte - CE;2022;2022;367;Número de empresas e outras organizações atuantes;Unidades;1508.0;1508.0;disponivel
N6;Município;2305266;Ibaretama - CE;2022;2022;367;Número de empresas e outras organizações atuantes;Unidades;208.0;208.0;disponivel
N6;Município;2305308;Ibiapina - CE;2022;2022;367;Número de empresas e outras organizações atuantes;Unidades;414.0;414.0;disponivel
N6;Município;2305332;Ibicuitinga - CE;2022;2022;367;Número de empresas e outras organizações atuantes;Unidades;185.0;185.0;disponivel
N6;Município;2305357;Icapuí - CE;2022;2022;367;Número de empresas e outras organizações atuantes;Unidades;658.0;658.0;disponivel
N6;Município;2305407;Icó - CE;2022;2022;367;Número de empresas e outras organizações atuantes;Unidades;1147.0;1147.0;disponivel
N6;Município;2305506;Iguatu - CE;2022;2022;367;Número de empresas e outras organizações atuantes;Unidades;3346.0;3346.0;disponivel
N6;Município;2305605;Independência - CE;2022;2022;367;Número de empresas e outras organizações atuantes;Unidades;536.0;536.0;disponivel
N6;Município;2305654;Ipaporanga - CE;2022;2022;367;Número de empresas e outras organizações atuantes;Unidades;160.0;160.0;disponivel
N6;Município;2305704;Ipaumirim - CE;2022;2022;367;Número de empresas e outras organizações atuantes;Unidades;254.0;254.0;disponivel
N6;Município;2305803;Ipu - CE;2022;2022;367;Número de empresas e outras organizações atuantes;Unidades;899.0;899.0;disponivel
N6;Município;2305902;Ipueiras - CE;2022;2022;367;Número de empresas e outras organizações atuantes;Unidades;623.0;623.0;disponivel
N6;Município;2306009;Iracema - CE;2022;2022;367;Número de empresas e outras organizações atuantes;Unidades;389.0;389.0;disponivel
N6;Município;2306108;Irauçuba - CE;2022;2022;367;Número de empresas e outras organizações atuantes;Unidades;400.0;400.0;disponivel
N6;Município;2306207;Itaiçaba - CE;2022;2022;367;Número de empresas e outras organizações atuantes;Unidades;164.0;164.0;disponivel
N6;Município;2306256;Itaitinga - CE;2022;2022;367;Número de empresas e outras organizações atuantes;Unidades;1332.0;1332.0;disponivel
N6;Município;2306306;Itapajé - CE;2022;2022;367;Número de empresas e outras organizações atuantes;Unidades;883.0;883.0;disponivel
N6;Município;2306405;Itapipoca - CE;2022;2022;367;Número de empresas e outras organizações atuantes;Unidades;2206.0;2206.0;disponivel
N6;Município;2306504;Itapiúna - CE;2022;2022;367;Número de empresas e outras organizações atuantes;Unidades;249.0;249.0;disponivel
N6;Município;2306553;Itarema - CE;2022;2022;367;Número de empresas e outras organizações atuantes;Unidades;890.0;890.0;disponivel
N6;Município;2306603;Itatira - CE;2022;2022;367;Número de empresas e outras organizações atuantes;Unidades;437.0;437.0;disponivel
N6;Município;2306702;Jaguaretama - CE;2022;2022;367;Número de empresas e outras organizações atuantes;Unidades;382.0;382.0;disponivel
N6;Município;2306801;Jaguaribara - CE;2022;2022;367;Número de empresas e outras organizações atuantes;Unidades;255.0;255.0;disponivel
N6;Município;2306900;Jaguaribe - CE;2022;2022;367;Número de empresas e outras organizações atuantes;Unidades;1023.0;1023.0;disponivel
N6;Município;2307007;Jaguaruana - CE;2022;2022;367;Número de empresas e outras organizações atuantes;Unidades;928.0;928.0;disponivel
N6;Município;2307106;Jardim - CE;2022;2022;367;Número de empresas e outras organizações atuantes;Unidades;535.0;535.0;disponivel
N6;Município;2307205;Jati - CE;2022;2022;367;Número de empresas e outras organizações atuantes;Unidades;128.0;128.0;disponivel
N6;Município;2307254;Jijoca de Jericoacoara - CE;2022;2022;367;Número de empresas e outras organizações atuantes;Unidades;1287.0;1287.0;disponivel
N6;Município;2307304;Juazeiro do Norte - CE;2022;2022;367;Número de empresas e outras organizações atuantes;Unidades;9419.0;9419.0;disponivel
N6;Município;2307403;Jucás - CE;2022;2022;367;Número de empresas e outras organizações atuantes;Unidades;433.0;433.0;disponivel
N6;Município;2307502;Lavras da Mangabeira - CE;2022;2022;367;Número de empresas e outras organizações atuantes;Unidades;582.0;582.0;disponivel
N6;Município;2307601;Limoeiro do Norte - CE;2022;2022;367;Número de empresas e outras organizações atuantes;Unidades;1892.0;1892.0;disponivel
N6;Município;2307635;Madalena - CE;2022;2022;367;Número de empresas e outras organizações atuantes;Unidades;351.0;351.0;disponivel
N6;Município;2307650;Maracanaú - CE;2022;2022;367;Número de empresas e outras organizações atuantes;Unidades;6650.0;6650.0;disponivel
N6;Município;2307700;Maranguape - CE;2022;2022;367;Número de empresas e outras organizações atuantes;Unidades;2039.0;2039.0;disponivel
N6;Município;2307809;Marco - CE;2022;2022;367;Número de empresas e outras organizações atuantes;Unidades;641.0;641.0;disponivel
N6;Município;2307908;Martinópole - CE;2022;2022;367;Número de empresas e outras organizações atuantes;Unidades;158.0;158.0;disponivel
N6;Município;2308005;Massapê - CE;2022;2022;367;Número de empresas e outras organizações atuantes;Unidades;621.0;621.0;disponivel
N6;Município;2308104;Mauriti - CE;2022;2022;367;Número de empresas e outras organizações atuantes;Unidades;775.0;775.0;disponivel
N6;Município;2308203;Meruoca - CE;2022;2022;367;Número de empresas e outras organizações atuantes;Unidades;306.0;306.0;disponivel
N6;Município;2308302;Milagres - CE;2022;2022;367;Número de empresas e outras organizações atuantes;Unidades;486.0;486.0;disponivel
N6;Município;2308351;Milhã - CE;2022;2022;367;Número de empresas e outras organizações atuantes;Unidades;282.0;282.0;disponivel
N6;Município;2308377;Miraíma - CE;2022;2022;367;Número de empresas e outras organizações atuantes;Unidades;152.0;152.0;disponivel
N6;Município;2308401;Missão Velha - CE;2022;2022;367;Número de empresas e outras organizações atuantes;Unidades;573.0;573.0;disponivel
N6;Município;2308500;Mombaça - CE;2022;2022;367;Número de empresas e outras organizações atuantes;Unidades;775.0;775.0;disponivel
N6;Município;2308609;Monsenhor Tabosa - CE;2022;2022;367;Número de empresas e outras organizações atuantes;Unidades;291.0;291.0;disponivel
N6;Município;2308708;Morada Nova - CE;2022;2022;367;Número de empresas e outras organizações atuantes;Unidades;1266.0;1266.0;disponivel
N6;Município;2308807;Moraújo - CE;2022;2022;367;Número de empresas e outras organizações atuantes;Unidades;108.0;108.0;disponivel
N6;Município;2308906;Morrinhos - CE;2022;2022;367;Número de empresas e outras organizações atuantes;Unidades;395.0;395.0;disponivel
N6;Município;2309003;Mucambo - CE;2022;2022;367;Número de empresas e outras organizações atuantes;Unidades;221.0;221.0;disponivel
N6;Município;2309102;Mulungu - CE;2022;2022;367;Número de empresas e outras organizações atuantes;Unidades;187.0;187.0;disponivel
N6;Município;2309201;Nova Olinda - CE;2022;2022;367;Número de empresas e outras organizações atuantes;Unidades;318.0;318.0;disponivel
N6;Município;2309300;Nova Russas - CE;2022;2022;367;Número de empresas e outras organizações atuantes;Unidades;764.0;764.0;disponivel
N6;Município;2309409;Novo Oriente - CE;2022;2022;367;Número de empresas e outras organizações atuantes;Unidades;525.0;525.0;disponivel
N6;Município;2309458;Ocara - CE;2022;2022;367;Número de empresas e outras organizações atuantes;Unidades;423.0;423.0;disponivel
N6;Município;2309508;Orós - CE;2022;2022;367;Número de empresas e outras organizações atuantes;Unidades;373.0;373.0;disponivel
N6;Município;2309607;Pacajus - CE;2022;2022;367;Número de empresas e outras organizações atuantes;Unidades;1551.0;1551.0;disponivel
N6;Município;2309706;Pacatuba - CE;2022;2022;367;Número de empresas e outras organizações atuantes;Unidades;1249.0;1249.0;disponivel
N6;Município;2309805;Pacoti - CE;2022;2022;367;Número de empresas e outras organizações atuantes;Unidades;236.0;236.0;disponivel
N6;Município;2309904;Pacujá - CE;2022;2022;367;Número de empresas e outras organizações atuantes;Unidades;139.0;139.0;disponivel
N6;Município;2310001;Palhano - CE;2022;2022;367;Número de empresas e outras organizações atuantes;Unidades;176.0;176.0;disponivel
N6;Município;2310100;Palmácia - CE;2022;2022;367;Número de empresas e outras organizações atuantes;Unidades;151.0;151.0;disponivel
N6;Município;2310209;Paracuru - CE;2022;2022;367;Número de empresas e outras organizações atuantes;Unidades;905.0;905.0;disponivel
N6;Município;2310258;Paraipaba - CE;2022;2022;367;Número de empresas e outras organizações atuantes;Unidades;788.0;788.0;disponivel
N6;Município;2310308;Parambu - CE;2022;2022;367;Número de empresas e outras organizações atuantes;Unidades;537.0;537.0;disponivel
N6;Município;2310407;Paramoti - CE;2022;2022;367;Número de empresas e outras organizações atuantes;Unidades;197.0;197.0;disponivel
N6;Município;2310506;Pedra Branca - CE;2022;2022;367;Número de empresas e outras organizações atuantes;Unidades;714.0;714.0;disponivel
N6;Município;2310605;Penaforte - CE;2022;2022;367;Número de empresas e outras organizações atuantes;Unidades;196.0;196.0;disponivel
N6;Município;2310704;Pentecoste - CE;2022;2022;367;Número de empresas e outras organizações atuantes;Unidades;712.0;712.0;disponivel
N6;Município;2310803;Pereiro - CE;2022;2022;367;Número de empresas e outras organizações atuantes;Unidades;247.0;247.0;disponivel
N6;Município;2310852;Pindoretama - CE;2022;2022;367;Número de empresas e outras organizações atuantes;Unidades;540.0;540.0;disponivel
N6;Município;2310902;Piquet Carneiro - CE;2022;2022;367;Número de empresas e outras organizações atuantes;Unidades;271.0;271.0;disponivel
N6;Município;2310951;Pires Ferreira - CE;2022;2022;367;Número de empresas e outras organizações atuantes;Unidades;138.0;138.0;disponivel
N6;Município;2311009;Poranga - CE;2022;2022;367;Número de empresas e outras organizações atuantes;Unidades;160.0;160.0;disponivel
N6;Município;2311108;Porteiras - CE;2022;2022;367;Número de empresas e outras organizações atuantes;Unidades;246.0;246.0;disponivel
N6;Município;2311207;Potengi - CE;2022;2022;367;Número de empresas e outras organizações atuantes;Unidades;177.0;177.0;disponivel
N6;Município;2311231;Potiretama - CE;2022;2022;367;Número de empresas e outras organizações atuantes;Unidades;141.0;141.0;disponivel
N6;Município;2311264;Quiterianópolis - CE;2022;2022;367;Número de empresas e outras organizações atuantes;Unidades;343.0;343.0;disponivel
N6;Município;2311306;Quixadá - CE;2022;2022;367;Número de empresas e outras organizações atuantes;Unidades;1740.0;1740.0;disponivel
N6;Município;2311355;Quixelô - CE;2022;2022;367;Número de empresas e outras organizações atuantes;Unidades;277.0;277.0;disponivel
N6;Município;2311405;Quixeramobim - CE;2022;2022;367;Número de empresas e outras organizações atuantes;Unidades;1528.0;1528.0;disponivel
N6;Município;2311504;Quixeré - CE;2022;2022;367;Número de empresas e outras organizações atuantes;Unidades;486.0;486.0;disponivel
N6;Município;2311603;Redenção - CE;2022;2022;367;Número de empresas e outras organizações atuantes;Unidades;458.0;458.0;disponivel
N6;Município;2311702;Reriutaba - CE;2022;2022;367;Número de empresas e outras organizações atuantes;Unidades;476.0;476.0;disponivel
N6;Município;2311801;Russas - CE;2022;2022;367;Número de empresas e outras organizações atuantes;Unidades;1939.0;1939.0;disponivel
N6;Município;2311900;Saboeiro - CE;2022;2022;367;Número de empresas e outras organizações atuantes;Unidades;236.0;236.0;disponivel
N6;Município;2311959;Salitre - CE;2022;2022;367;Número de empresas e outras organizações atuantes;Unidades;254.0;254.0;disponivel
N6;Município;2312007;Santana do Acaraú - CE;2022;2022;367;Número de empresas e outras organizações atuantes;Unidades;526.0;526.0;disponivel
N6;Município;2312106;Santana do Cariri - CE;2022;2022;367;Número de empresas e outras organizações atuantes;Unidades;198.0;198.0;disponivel
N6;Município;2312205;Santa Quitéria - CE;2022;2022;367;Número de empresas e outras organizações atuantes;Unidades;1156.0;1156.0;disponivel
N6;Município;2312304;São Benedito - CE;2022;2022;367;Número de empresas e outras organizações atuantes;Unidades;1111.0;1111.0;disponivel
N6;Município;2312403;São Gonçalo do Amarante - CE;2022;2022;367;Número de empresas e outras organizações atuantes;Unidades;1468.0;1468.0;disponivel
N6;Município;2312502;São João do Jaguaribe - CE;2022;2022;367;Número de empresas e outras organizações atuantes;Unidades;115.0;115.0;disponivel
N6;Município;2312601;São Luís do Curu - CE;2022;2022;367;Número de empresas e outras organizações atuantes;Unidades;194.0;194.0;disponivel
N6;Município;2312700;Senador Pompeu - CE;2022;2022;367;Número de empresas e outras organizações atuantes;Unidades;582.0;582.0;disponivel
N6;Município;2312809;Senador Sá - CE;2022;2022;367;Número de empresas e outras organizações atuantes;Unidades;139.0;139.0;disponivel
N6;Município;2312908;Sobral - CE;2022;2022;367;Número de empresas e outras organizações atuantes;Unidades;5659.0;5659.0;disponivel
N6;Município;2313005;Solonópole - CE;2022;2022;367;Número de empresas e outras organizações atuantes;Unidades;383.0;383.0;disponivel
N6;Município;2313104;Tabuleiro do Norte - CE;2022;2022;367;Número de empresas e outras organizações atuantes;Unidades;836.0;836.0;disponivel
N6;Município;2313203;Tamboril - CE;2022;2022;367;Número de empresas e outras organizações atuantes;Unidades;414.0;414.0;disponivel
N6;Município;2313252;Tarrafas - CE;2022;2022;367;Número de empresas e outras organizações atuantes;Unidades;126.0;126.0;disponivel
N6;Município;2313302;Tauá - CE;2022;2022;367;Número de empresas e outras organizações atuantes;Unidades;1356.0;1356.0;disponivel
N6;Município;2313351;Tejuçuoca - CE;2022;2022;367;Número de empresas e outras organizações atuantes;Unidades;228.0;228.0;disponivel
N6;Município;2313401;Tianguá - CE;2022;2022;367;Número de empresas e outras organizações atuantes;Unidades;2464.0;2464.0;disponivel
N6;Município;2313500;Trairi - CE;2022;2022;367;Número de empresas e outras organizações atuantes;Unidades;1211.0;1211.0;disponivel
N6;Município;2313559;Tururu - CE;2022;2022;367;Número de empresas e outras organizações atuantes;Unidades;175.0;175.0;disponivel
N6;Município;2313609;Ubajara - CE;2022;2022;367;Número de empresas e outras organizações atuantes;Unidades;742.0;742.0;disponivel
N6;Município;2313708;Umari - CE;2022;2022;367;Número de empresas e outras organizações atuantes;Unidades;100.0;100.0;disponivel
N6;Município;2313757;Umirim - CE;2022;2022;367;Número de empresas e outras organizações atuantes;Unidades;199.0;199.0;disponivel
N6;Município;2313807;Uruburetama - CE;2022;2022;367;Número de empresas e outras organizações atuantes;Unidades;292.0;292.0;disponivel
N6;Município;2313906;Uruoca - CE;2022;2022;367;Número de empresas e outras organizações atuantes;Unidades;215.0;215.0;disponivel
N6;Município;2313955;Varjota - CE;2022;2022;367;Número de empresas e outras organizações atuantes;Unidades;539.0;539.0;disponivel
N6;Município;2314003;Várzea Alegre - CE;2022;2022;367;Número de empresas e outras organizações atuantes;Unidades;811.0;811.0;disponivel
N6;Município;2314102;Viçosa do Ceará - CE;2022;2022;367;Número de empresas e outras organizações atuantes;Unidades;1010.0;1010.0;disponivel
N1;Brasil;1;Brasil;2022;2022;707;Pessoal ocupado total;Pessoas;62746860.0;62746860.0;disponivel
N3;Unidade da Federação;23;Ceará;2022;2022;707;Pessoal ocupado total;Pessoas;1916471.0;1916471.0;disponivel
N6;Município;2300101;Abaiara - CE;2022;2022;707;Pessoal ocupado total;Pessoas;1184.0;1184.0;disponivel
N6;Município;2300150;Acarape - CE;2022;2022;707;Pessoal ocupado total;Pessoas;1936.0;1936.0;disponivel
N6;Município;2300200;Acaraú - CE;2022;2022;707;Pessoal ocupado total;Pessoas;6296.0;6296.0;disponivel
N6;Município;2300309;Acopiara - CE;2022;2022;707;Pessoal ocupado total;Pessoas;3840.0;3840.0;disponivel
N6;Município;2300408;Aiuaba - CE;2022;2022;707;Pessoal ocupado total;Pessoas;1457.0;1457.0;disponivel
N6;Município;2300507;Alcântaras - CE;2022;2022;707;Pessoal ocupado total;Pessoas;977.0;977.0;disponivel
N6;Município;2300606;Altaneira - CE;2022;2022;707;Pessoal ocupado total;Pessoas;663.0;663.0;disponivel
N6;Município;2300705;Alto Santo - CE;2022;2022;707;Pessoal ocupado total;Pessoas;1890.0;1890.0;disponivel
N6;Município;2300754;Amontada - CE;2022;2022;707;Pessoal ocupado total;Pessoas;4193.0;4193.0;disponivel
N6;Município;2300804;Antonina do Norte - CE;2022;2022;707;Pessoal ocupado total;Pessoas;751.0;751.0;disponivel
N6;Município;2300903;Apuiarés - CE;2022;2022;707;Pessoal ocupado total;Pessoas;1216.0;1216.0;disponivel
N6;Município;2301000;Aquiraz - CE;2022;2022;707;Pessoal ocupado total;Pessoas;22598.0;22598.0;disponivel
N6;Município;2301109;Aracati - CE;2022;2022;707;Pessoal ocupado total;Pessoas;13078.0;13078.0;disponivel
N6;Município;2301208;Aracoiaba - CE;2022;2022;707;Pessoal ocupado total;Pessoas;3085.0;3085.0;disponivel
N6;Município;2301257;Ararendá - CE;2022;2022;707;Pessoal ocupado total;Pessoas;1229.0;1229.0;disponivel
N6;Município;2301307;Araripe - CE;2022;2022;707;Pessoal ocupado total;Pessoas;1440.0;1440.0;disponivel
N6;Município;2301406;Aratuba - CE;2022;2022;707;Pessoal ocupado total;Pessoas;1119.0;1119.0;disponivel
N6;Município;2301505;Arneiroz - CE;2022;2022;707;Pessoal ocupado total;Pessoas;684.0;684.0;disponivel
N6;Município;2301604;Assaré - CE;2022;2022;707;Pessoal ocupado total;Pessoas;1897.0;1897.0;disponivel
N6;Município;2301703;Aurora - CE;2022;2022;707;Pessoal ocupado total;Pessoas;1744.0;1744.0;disponivel
N6;Município;2301802;Baixio - CE;2022;2022;707;Pessoal ocupado total;Pessoas;717.0;717.0;disponivel
N6;Município;2301851;Banabuiú - CE;2022;2022;707;Pessoal ocupado total;Pessoas;1920.0;1920.0;disponivel
N6;Município;2301901;Barbalha - CE;2022;2022;707;Pessoal ocupado total;Pessoas;13522.0;13522.0;disponivel
N6;Município;2301950;Barreira - CE;2022;2022;707;Pessoal ocupado total;Pessoas;1663.0;1663.0;disponivel
N6;Município;2302008;Barro - CE;2022;2022;707;Pessoal ocupado total;Pessoas;1539.0;1539.0;disponivel
N6;Município;2302057;Barroquinha - CE;2022;2022;707;Pessoal ocupado total;Pessoas;1442.0;1442.0;disponivel
N6;Município;2302107;Baturité - CE;2022;2022;707;Pessoal ocupado total;Pessoas;4243.0;4243.0;disponivel
N6;Município;2302206;Beberibe - CE;2022;2022;707;Pessoal ocupado total;Pessoas;6060.0;6060.0;disponivel
N6;Município;2302305;Bela Cruz - CE;2022;2022;707;Pessoal ocupado total;Pessoas;2335.0;2335.0;disponivel
N6;Município;2302404;Boa Viagem - CE;2022;2022;707;Pessoal ocupado total;Pessoas;4334.0;4334.0;disponivel
N6;Município;2302503;Brejo Santo - CE;2022;2022;707;Pessoal ocupado total;Pessoas;10811.0;10811.0;disponivel
N6;Município;2302602;Camocim - CE;2022;2022;707;Pessoal ocupado total;Pessoas;7046.0;7046.0;disponivel
N6;Município;2302701;Campos Sales - CE;2022;2022;707;Pessoal ocupado total;Pessoas;2474.0;2474.0;disponivel
N6;Município;2302800;Canindé - CE;2022;2022;707;Pessoal ocupado total;Pessoas;10991.0;10991.0;disponivel
N6;Município;2302909;Capistrano - CE;2022;2022;707;Pessoal ocupado total;Pessoas;1216.0;1216.0;disponivel
N6;Município;2303006;Caridade - CE;2022;2022;707;Pessoal ocupado total;Pessoas;1665.0;1665.0;disponivel
N6;Município;2303105;Cariré - CE;2022;2022;707;Pessoal ocupado total;Pessoas;1568.0;1568.0;disponivel
N6;Município;2303204;Caririaçu - CE;2022;2022;707;Pessoal ocupado total;Pessoas;2080.0;2080.0;disponivel
N6;Município;2303303;Cariús - CE;2022;2022;707;Pessoal ocupado total;Pessoas;1188.0;1188.0;disponivel
N6;Município;2303402;Carnaubal - CE;2022;2022;707;Pessoal ocupado total;Pessoas;1591.0;1591.0;disponivel
N6;Município;2303501;Cascavel - CE;2022;2022;707;Pessoal ocupado total;Pessoas;11677.0;11677.0;disponivel
N6;Município;2303600;Catarina - CE;2022;2022;707;Pessoal ocupado total;Pessoas;1010.0;1010.0;disponivel
N6;Município;2303659;Catunda - CE;2022;2022;707;Pessoal ocupado total;Pessoas;1002.0;1002.0;disponivel
N6;Município;2303709;Caucaia - CE;2022;2022;707;Pessoal ocupado total;Pessoas;53554.0;53554.0;disponivel
N6;Município;2303808;Cedro - CE;2022;2022;707;Pessoal ocupado total;Pessoas;1863.0;1863.0;disponivel
N6;Município;2303907;Chaval - CE;2022;2022;707;Pessoal ocupado total;Pessoas;1757.0;1757.0;disponivel
N6;Município;2303931;Choró - CE;2022;2022;707;Pessoal ocupado total;Pessoas;650.0;650.0;disponivel
N6;Município;2303956;Chorozinho - CE;2022;2022;707;Pessoal ocupado total;Pessoas;2333.0;2333.0;disponivel
N6;Município;2304004;Coreaú - CE;2022;2022;707;Pessoal ocupado total;Pessoas;1569.0;1569.0;disponivel
N6;Município;2304103;Crateús - CE;2022;2022;707;Pessoal ocupado total;Pessoas;8749.0;8749.0;disponivel
N6;Município;2304202;Crato - CE;2022;2022;707;Pessoal ocupado total;Pessoas;21989.0;21989.0;disponivel
N6;Município;2304236;Croatá - CE;2022;2022;707;Pessoal ocupado total;Pessoas;1080.0;1080.0;disponivel
N6;Município;2304251;Cruz - CE;2022;2022;707;Pessoal ocupado total;Pessoas;3590.0;3590.0;disponivel
N6;Município;2304269;Deputado Irapuan Pinheiro - CE;2022;2022;707;Pessoal ocupado total;Pessoas;810.0;810.0;disponivel
N6;Município;2304277;Ereré - CE;2022;2022;707;Pessoal ocupado total;Pessoas;715.0;715.0;disponivel
N6;Município;2304285;Eusébio - CE;2022;2022;707;Pessoal ocupado total;Pessoas;51973.0;51973.0;disponivel
N6;Município;2304301;Farias Brito - CE;2022;2022;707;Pessoal ocupado total;Pessoas;1505.0;1505.0;disponivel
N6;Município;2304350;Forquilha - CE;2022;2022;707;Pessoal ocupado total;Pessoas;2763.0;2763.0;disponivel
N6;Município;2304400;Fortaleza - CE;2022;2022;707;Pessoal ocupado total;Pessoas;951646.0;951646.0;disponivel
N6;Município;2304459;Fortim - CE;2022;2022;707;Pessoal ocupado total;Pessoas;2470.0;2470.0;disponivel
N6;Município;2304509;Frecheirinha - CE;2022;2022;707;Pessoal ocupado total;Pessoas;4369.0;4369.0;disponivel
N6;Município;2304608;General Sampaio - CE;2022;2022;707;Pessoal ocupado total;Pessoas;756.0;756.0;disponivel
N6;Município;2304657;Graça - CE;2022;2022;707;Pessoal ocupado total;Pessoas;1005.0;1005.0;disponivel
N6;Município;2304707;Granja - CE;2022;2022;707;Pessoal ocupado total;Pessoas;3981.0;3981.0;disponivel
N6;Município;2304806;Granjeiro - CE;2022;2022;707;Pessoal ocupado total;Pessoas;556.0;556.0;disponivel
N6;Município;2304905;Groaíras - CE;2022;2022;707;Pessoal ocupado total;Pessoas;1247.0;1247.0;disponivel
N6;Município;2304954;Guaiúba - CE;2022;2022;707;Pessoal ocupado total;Pessoas;2378.0;2378.0;disponivel
N6;Município;2305001;Guaraciaba do Norte - CE;2022;2022;707;Pessoal ocupado total;Pessoas;3899.0;3899.0;disponivel
N6;Município;2305100;Guaramiranga - CE;2022;2022;707;Pessoal ocupado total;Pessoas;1208.0;1208.0;disponivel
N6;Município;2305209;Hidrolândia - CE;2022;2022;707;Pessoal ocupado total;Pessoas;1560.0;1560.0;disponivel
N6;Município;2305233;Horizonte - CE;2022;2022;707;Pessoal ocupado total;Pessoas;22530.0;22530.0;disponivel
N6;Município;2305266;Ibaretama - CE;2022;2022;707;Pessoal ocupado total;Pessoas;1078.0;1078.0;disponivel
N6;Município;2305308;Ibiapina - CE;2022;2022;707;Pessoal ocupado total;Pessoas;1983.0;1983.0;disponivel
N6;Município;2305332;Ibicuitinga - CE;2022;2022;707;Pessoal ocupado total;Pessoas;1153.0;1153.0;disponivel
N6;Município;2305357;Icapuí - CE;2022;2022;707;Pessoal ocupado total;Pessoas;4464.0;4464.0;disponivel
N6;Município;2305407;Icó - CE;2022;2022;707;Pessoal ocupado total;Pessoas;6520.0;6520.0;disponivel
N6;Município;2305506;Iguatu - CE;2022;2022;707;Pessoal ocupado total;Pessoas;18052.0;18052.0;disponivel
N6;Município;2305605;Independência - CE;2022;2022;707;Pessoal ocupado total;Pessoas;1877.0;1877.0;disponivel
N6;Município;2305654;Ipaporanga - CE;2022;2022;707;Pessoal ocupado total;Pessoas;877.0;877.0;disponivel
N6;Município;2305704;Ipaumirim - CE;2022;2022;707;Pessoal ocupado total;Pessoas;1243.0;1243.0;disponivel
N6;Município;2305803;Ipu - CE;2022;2022;707;Pessoal ocupado total;Pessoas;4453.0;4453.0;disponivel
N6;Município;2305902;Ipueiras - CE;2022;2022;707;Pessoal ocupado total;Pessoas;2417.0;2417.0;disponivel
N6;Município;2306009;Iracema - CE;2022;2022;707;Pessoal ocupado total;Pessoas;1303.0;1303.0;disponivel
N6;Município;2306108;Irauçuba - CE;2022;2022;707;Pessoal ocupado total;Pessoas;2177.0;2177.0;disponivel
N6;Município;2306207;Itaiçaba - CE;2022;2022;707;Pessoal ocupado total;Pessoas;911.0;911.0;disponivel
N6;Município;2306256;Itaitinga - CE;2022;2022;707;Pessoal ocupado total;Pessoas;11353.0;11353.0;disponivel
N6;Município;2306306;Itapajé - CE;2022;2022;707;Pessoal ocupado total;Pessoas;6043.0;6043.0;disponivel
N6;Município;2306405;Itapipoca - CE;2022;2022;707;Pessoal ocupado total;Pessoas;17887.0;17887.0;disponivel
N6;Município;2306504;Itapiúna - CE;2022;2022;707;Pessoal ocupado total;Pessoas;1341.0;1341.0;disponivel
N6;Município;2306553;Itarema - CE;2022;2022;707;Pessoal ocupado total;Pessoas;3941.0;3941.0;disponivel
N6;Município;2306603;Itatira - CE;2022;2022;707;Pessoal ocupado total;Pessoas;1311.0;1311.0;disponivel
N6;Município;2306702;Jaguaretama - CE;2022;2022;707;Pessoal ocupado total;Pessoas;1522.0;1522.0;disponivel
N6;Município;2306801;Jaguaribara - CE;2022;2022;707;Pessoal ocupado total;Pessoas;1169.0;1169.0;disponivel
N6;Município;2306900;Jaguaribe - CE;2022;2022;707;Pessoal ocupado total;Pessoas;4110.0;4110.0;disponivel
N6;Município;2307007;Jaguaruana - CE;2022;2022;707;Pessoal ocupado total;Pessoas;4959.0;4959.0;disponivel
N6;Município;2307106;Jardim - CE;2022;2022;707;Pessoal ocupado total;Pessoas;2251.0;2251.0;disponivel
N6;Município;2307205;Jati - CE;2022;2022;707;Pessoal ocupado total;Pessoas;816.0;816.0;disponivel
N6;Município;2307254;Jijoca de Jericoacoara - CE;2022;2022;707;Pessoal ocupado total;Pessoas;6923.0;6923.0;disponivel
N6;Município;2307304;Juazeiro do Norte - CE;2022;2022;707;Pessoal ocupado total;Pessoas;62913.0;62913.0;disponivel
N6;Município;2307403;Jucás - CE;2022;2022;707;Pessoal ocupado total;Pessoas;2001.0;2001.0;disponivel
N6;Município;2307502;Lavras da Mangabeira - CE;2022;2022;707;Pessoal ocupado total;Pessoas;2296.0;2296.0;disponivel
N6;Município;2307601;Limoeiro do Norte - CE;2022;2022;707;Pessoal ocupado total;Pessoas;11059.0;11059.0;disponivel
N6;Município;2307635;Madalena - CE;2022;2022;707;Pessoal ocupado total;Pessoas;1607.0;1607.0;disponivel
N6;Município;2307650;Maracanaú - CE;2022;2022;707;Pessoal ocupado total;Pessoas;70298.0;70298.0;disponivel
N6;Município;2307700;Maranguape - CE;2022;2022;707;Pessoal ocupado total;Pessoas;16945.0;16945.0;disponivel
N6;Município;2307809;Marco - CE;2022;2022;707;Pessoal ocupado total;Pessoas;3906.0;3906.0;disponivel
N6;Município;2307908;Martinópole - CE;2022;2022;707;Pessoal ocupado total;Pessoas;984.0;984.0;disponivel
N6;Município;2308005;Massapê - CE;2022;2022;707;Pessoal ocupado total;Pessoas;3493.0;3493.0;disponivel
N6;Município;2308104;Mauriti - CE;2022;2022;707;Pessoal ocupado total;Pessoas;3876.0;3876.0;disponivel
N6;Município;2308203;Meruoca - CE;2022;2022;707;Pessoal ocupado total;Pessoas;1457.0;1457.0;disponivel
N6;Município;2308302;Milagres - CE;2022;2022;707;Pessoal ocupado total;Pessoas;2649.0;2649.0;disponivel
N6;Município;2308351;Milhã - CE;2022;2022;707;Pessoal ocupado total;Pessoas;1071.0;1071.0;disponivel
N6;Município;2308377;Miraíma - CE;2022;2022;707;Pessoal ocupado total;Pessoas;221.0;221.0;disponivel
N6;Município;2308401;Missão Velha - CE;2022;2022;707;Pessoal ocupado total;Pessoas;3472.0;3472.0;disponivel
N6;Município;2308500;Mombaça - CE;2022;2022;707;Pessoal ocupado total;Pessoas;3440.0;3440.0;disponivel
N6;Município;2308609;Monsenhor Tabosa - CE;2022;2022;707;Pessoal ocupado total;Pessoas;1471.0;1471.0;disponivel
N6;Município;2308708;Morada Nova - CE;2022;2022;707;Pessoal ocupado total;Pessoas;11073.0;11073.0;disponivel
N6;Município;2308807;Moraújo - CE;2022;2022;707;Pessoal ocupado total;Pessoas;892.0;892.0;disponivel
N6;Município;2308906;Morrinhos - CE;2022;2022;707;Pessoal ocupado total;Pessoas;1797.0;1797.0;disponivel
N6;Município;2309003;Mucambo - CE;2022;2022;707;Pessoal ocupado total;Pessoas;1404.0;1404.0;disponivel
N6;Município;2309102;Mulungu - CE;2022;2022;707;Pessoal ocupado total;Pessoas;1049.0;1049.0;disponivel
N6;Município;2309201;Nova Olinda - CE;2022;2022;707;Pessoal ocupado total;Pessoas;1822.0;1822.0;disponivel
N6;Município;2309300;Nova Russas - CE;2022;2022;707;Pessoal ocupado total;Pessoas;3541.0;3541.0;disponivel
N6;Município;2309409;Novo Oriente - CE;2022;2022;707;Pessoal ocupado total;Pessoas;2238.0;2238.0;disponivel
N6;Município;2309458;Ocara - CE;2022;2022;707;Pessoal ocupado total;Pessoas;1359.0;1359.0;disponivel
N6;Município;2309508;Orós - CE;2022;2022;707;Pessoal ocupado total;Pessoas;1606.0;1606.0;disponivel
N6;Município;2309607;Pacajus - CE;2022;2022;707;Pessoal ocupado total;Pessoas;10338.0;10338.0;disponivel
N6;Município;2309706;Pacatuba - CE;2022;2022;707;Pessoal ocupado total;Pessoas;8185.0;8185.0;disponivel
N6;Município;2309805;Pacoti - CE;2022;2022;707;Pessoal ocupado total;Pessoas;1245.0;1245.0;disponivel
N6;Município;2309904;Pacujá - CE;2022;2022;707;Pessoal ocupado total;Pessoas;733.0;733.0;disponivel
N6;Município;2310001;Palhano - CE;2022;2022;707;Pessoal ocupado total;Pessoas;1127.0;1127.0;disponivel
N6;Município;2310100;Palmácia - CE;2022;2022;707;Pessoal ocupado total;Pessoas;903.0;903.0;disponivel
N6;Município;2310209;Paracuru - CE;2022;2022;707;Pessoal ocupado total;Pessoas;4480.0;4480.0;disponivel
N6;Município;2310258;Paraipaba - CE;2022;2022;707;Pessoal ocupado total;Pessoas;4828.0;4828.0;disponivel
N6;Município;2310308;Parambu - CE;2022;2022;707;Pessoal ocupado total;Pessoas;2681.0;2681.0;disponivel
N6;Município;2310407;Paramoti - CE;2022;2022;707;Pessoal ocupado total;Pessoas;889.0;889.0;disponivel
N6;Município;2310506;Pedra Branca - CE;2022;2022;707;Pessoal ocupado total;Pessoas;4355.0;4355.0;disponivel
N6;Município;2310605;Penaforte - CE;2022;2022;707;Pessoal ocupado total;Pessoas;983.0;983.0;disponivel
N6;Município;2310704;Pentecoste - CE;2022;2022;707;Pessoal ocupado total;Pessoas;5144.0;5144.0;disponivel
N6;Município;2310803;Pereiro - CE;2022;2022;707;Pessoal ocupado total;Pessoas;4748.0;4748.0;disponivel
N6;Município;2310852;Pindoretama - CE;2022;2022;707;Pessoal ocupado total;Pessoas;3074.0;3074.0;disponivel
N6;Município;2310902;Piquet Carneiro - CE;2022;2022;707;Pessoal ocupado total;Pessoas;1269.0;1269.0;disponivel
N6;Município;2310951;Pires Ferreira - CE;2022;2022;707;Pessoal ocupado total;Pessoas;906.0;906.0;disponivel
N6;Município;2311009;Poranga - CE;2022;2022;707;Pessoal ocupado total;Pessoas;871.0;871.0;disponivel
N6;Município;2311108;Porteiras - CE;2022;2022;707;Pessoal ocupado total;Pessoas;1489.0;1489.0;disponivel
N6;Município;2311207;Potengi - CE;2022;2022;707;Pessoal ocupado total;Pessoas;902.0;902.0;disponivel
N6;Município;2311231;Potiretama - CE;2022;2022;707;Pessoal ocupado total;Pessoas;725.0;725.0;disponivel
N6;Município;2311264;Quiterianópolis - CE;2022;2022;707;Pessoal ocupado total;Pessoas;1533.0;1533.0;disponivel
N6;Município;2311306;Quixadá - CE;2022;2022;707;Pessoal ocupado total;Pessoas;11265.0;11265.0;disponivel
N6;Município;2311355;Quixelô - CE;2022;2022;707;Pessoal ocupado total;Pessoas;1226.0;1226.0;disponivel
N6;Município;2311405;Quixeramobim - CE;2022;2022;707;Pessoal ocupado total;Pessoas;14156.0;14156.0;disponivel
N6;Município;2311504;Quixeré - CE;2022;2022;707;Pessoal ocupado total;Pessoas;4174.0;4174.0;disponivel
N6;Município;2311603;Redenção - CE;2022;2022;707;Pessoal ocupado total;Pessoas;3733.0;3733.0;disponivel
N6;Município;2311702;Reriutaba - CE;2022;2022;707;Pessoal ocupado total;Pessoas;2038.0;2038.0;disponivel
N6;Município;2311801;Russas - CE;2022;2022;707;Pessoal ocupado total;Pessoas;13778.0;13778.0;disponivel
N6;Município;2311900;Saboeiro - CE;2022;2022;707;Pessoal ocupado total;Pessoas;985.0;985.0;disponivel
N6;Município;2311959;Salitre - CE;2022;2022;707;Pessoal ocupado total;Pessoas;1942.0;1942.0;disponivel
N6;Município;2312007;Santana do Acaraú - CE;2022;2022;707;Pessoal ocupado total;Pessoas;2298.0;2298.0;disponivel
N6;Município;2312106;Santana do Cariri - CE;2022;2022;707;Pessoal ocupado total;Pessoas;1338.0;1338.0;disponivel
N6;Município;2312205;Santa Quitéria - CE;2022;2022;707;Pessoal ocupado total;Pessoas;6340.0;6340.0;disponivel
N6;Município;2312304;São Benedito - CE;2022;2022;707;Pessoal ocupado total;Pessoas;5393.0;5393.0;disponivel
N6;Município;2312403;São Gonçalo do Amarante - CE;2022;2022;707;Pessoal ocupado total;Pessoas;16076.0;16076.0;disponivel
N6;Município;2312502;São João do Jaguaribe - CE;2022;2022;707;Pessoal ocupado total;Pessoas;642.0;642.0;disponivel
N6;Município;2312601;São Luís do Curu - CE;2022;2022;707;Pessoal ocupado total;Pessoas;908.0;908.0;disponivel
N6;Município;2312700;Senador Pompeu - CE;2022;2022;707;Pessoal ocupado total;Pessoas;4181.0;4181.0;disponivel
N6;Município;2312809;Senador Sá - CE;2022;2022;707;Pessoal ocupado total;Pessoas;628.0;628.0;disponivel
N6;Município;2312908;Sobral - CE;2022;2022;707;Pessoal ocupado total;Pessoas;58392.0;58392.0;disponivel
N6;Município;2313005;Solonópole - CE;2022;2022;707;Pessoal ocupado total;Pessoas;2625.0;2625.0;disponivel
N6;Município;2313104;Tabuleiro do Norte - CE;2022;2022;707;Pessoal ocupado total;Pessoas;3333.0;3333.0;disponivel
N6;Município;2313203;Tamboril - CE;2022;2022;707;Pessoal ocupado total;Pessoas;1658.0;1658.0;disponivel
N6;Município;2313252;Tarrafas - CE;2022;2022;707;Pessoal ocupado total;Pessoas;703.0;703.0;disponivel
N6;Município;2313302;Tauá - CE;2022;2022;707;Pessoal ocupado total;Pessoas;6999.0;6999.0;disponivel
N6;Município;2313351;Tejuçuoca - CE;2022;2022;707;Pessoal ocupado total;Pessoas;1716.0;1716.0;disponivel
N6;Município;2313401;Tianguá - CE;2022;2022;707;Pessoal ocupado total;Pessoas;12042.0;12042.0;disponivel
N6;Município;2313500;Trairi - CE;2022;2022;707;Pessoal ocupado total;Pessoas;5254.0;5254.0;disponivel
N6;Município;2313559;Tururu - CE;2022;2022;707;Pessoal ocupado total;Pessoas;1499.0;1499.0;disponivel
N6;Município;2313609;Ubajara - CE;2022;2022;707;Pessoal ocupado total;Pessoas;3906.0;3906.0;disponivel
N6;Município;2313708;Umari - CE;2022;2022;707;Pessoal ocupado total;Pessoas;571.0;571.0;disponivel
N6;Município;2313757;Umirim - CE;2022;2022;707;Pessoal ocupado total;Pessoas;1395.0;1395.0;disponivel
N6;Município;2313807;Uruburetama - CE;2022;2022;707;Pessoal ocupado total;Pessoas;2933.0;2933.0;disponivel
N6;Município;2313906;Uruoca - CE;2022;2022;707;Pessoal ocupado total;Pessoas;1728.0;1728.0;disponivel
N6;Município;2313955;Varjota - CE;2022;2022;707;Pessoal ocupado total;Pessoas;2952.0;2952.0;disponivel
N6;Município;2314003;Várzea Alegre - CE;2022;2022;707;Pessoal ocupado total;Pessoas;4049.0;4049.0;disponivel
N6;Município;2314102;Viçosa do Ceará - CE;2022;2022;707;Pessoal ocupado total;Pessoas;4257.0;4257.0;disponivel
N1;Brasil;1;Brasil;2022;2022;708;Pessoal ocupado assalariado;Pessoas;50223399.0;50223399.0;disponivel
N3;Unidade da Federação;23;Ceará;2022;2022;708;Pessoal ocupado assalariado;Pessoas;1611038.0;1611038.0;disponivel
N6;Município;2300101;Abaiara - CE;2022;2022;708;Pessoal ocupado assalariado;Pessoas;1080.0;1080.0;disponivel
N6;Município;2300150;Acarape - CE;2022;2022;708;Pessoal ocupado assalariado;Pessoas;1708.0;1708.0;disponivel
N6;Município;2300200;Acaraú - CE;2022;2022;708;Pessoal ocupado assalariado;Pessoas;4961.0;4961.0;disponivel
N6;Município;2300309;Acopiara - CE;2022;2022;708;Pessoal ocupado assalariado;Pessoas;2937.0;2937.0;disponivel
N6;Município;2300408;Aiuaba - CE;2022;2022;708;Pessoal ocupado assalariado;Pessoas;1259.0;1259.0;disponivel
N6;Município;2300507;Alcântaras - CE;2022;2022;708;Pessoal ocupado assalariado;Pessoas;802.0;802.0;disponivel
N6;Município;2300606;Altaneira - CE;2022;2022;708;Pessoal ocupado assalariado;Pessoas;567.0;567.0;disponivel
N6;Município;2300705;Alto Santo - CE;2022;2022;708;Pessoal ocupado assalariado;Pessoas;1471.0;1471.0;disponivel
N6;Município;2300754;Amontada - CE;2022;2022;708;Pessoal ocupado assalariado;Pessoas;3389.0;3389.0;disponivel
N6;Município;2300804;Antonina do Norte - CE;2022;2022;708;Pessoal ocupado assalariado;Pessoas;629.0;629.0;disponivel
N6;Município;2300903;Apuiarés - CE;2022;2022;708;Pessoal ocupado assalariado;Pessoas;987.0;987.0;disponivel
N6;Município;2301000;Aquiraz - CE;2022;2022;708;Pessoal ocupado assalariado;Pessoas;19882.0;19882.0;disponivel
N6;Município;2301109;Aracati - CE;2022;2022;708;Pessoal ocupado assalariado;Pessoas;10729.0;10729.0;disponivel
N6;Município;2301208;Aracoiaba - CE;2022;2022;708;Pessoal ocupado assalariado;Pessoas;2669.0;2669.0;disponivel
N6;Município;2301257;Ararendá - CE;2022;2022;708;Pessoal ocupado assalariado;Pessoas;1020.0;1020.0;disponivel
N6;Município;2301307;Araripe - CE;2022;2022;708;Pessoal ocupado assalariado;Pessoas;1147.0;1147.0;disponivel
N6;Município;2301406;Aratuba - CE;2022;2022;708;Pessoal ocupado assalariado;Pessoas;966.0;966.0;disponivel
N6;Município;2301505;Arneiroz - CE;2022;2022;708;Pessoal ocupado assalariado;Pessoas;563.0;563.0;disponivel
N6;Município;2301604;Assaré - CE;2022;2022;708;Pessoal ocupado assalariado;Pessoas;1550.0;1550.0;disponivel
N6;Município;2301703;Aurora - CE;2022;2022;708;Pessoal ocupado assalariado;Pessoas;1345.0;1345.0;disponivel
N6;Município;2301802;Baixio - CE;2022;2022;708;Pessoal ocupado assalariado;Pessoas;619.0;619.0;disponivel
N6;Município;2301851;Banabuiú - CE;2022;2022;708;Pessoal ocupado assalariado;Pessoas;1653.0;1653.0;disponivel
N6;Município;2301901;Barbalha - CE;2022;2022;708;Pessoal ocupado assalariado;Pessoas;11654.0;11654.0;disponivel
N6;Município;2301950;Barreira - CE;2022;2022;708;Pessoal ocupado assalariado;Pessoas;1239.0;1239.0;disponivel
N6;Município;2302008;Barro - CE;2022;2022;708;Pessoal ocupado assalariado;Pessoas;1218.0;1218.0;disponivel
N6;Município;2302057;Barroquinha - CE;2022;2022;708;Pessoal ocupado assalariado;Pessoas;1202.0;1202.0;disponivel
N6;Município;2302107;Baturité - CE;2022;2022;708;Pessoal ocupado assalariado;Pessoas;3388.0;3388.0;disponivel
N6;Município;2302206;Beberibe - CE;2022;2022;708;Pessoal ocupado assalariado;Pessoas;4858.0;4858.0;disponivel
N6;Município;2302305;Bela Cruz - CE;2022;2022;708;Pessoal ocupado assalariado;Pessoas;1830.0;1830.0;disponivel
N6;Município;2302404;Boa Viagem - CE;2022;2022;708;Pessoal ocupado assalariado;Pessoas;3449.0;3449.0;disponivel
N6;Município;2302503;Brejo Santo - CE;2022;2022;708;Pessoal ocupado assalariado;Pessoas;9369.0;9369.0;disponivel
N6;Município;2302602;Camocim - CE;2022;2022;708;Pessoal ocupado assalariado;Pessoas;5699.0;5699.0;disponivel
N6;Município;2302701;Campos Sales - CE;2022;2022;708;Pessoal ocupado assalariado;Pessoas;1973.0;1973.0;disponivel
N6;Município;2302800;Canindé - CE;2022;2022;708;Pessoal ocupado assalariado;Pessoas;9122.0;9122.0;disponivel
N6;Município;2302909;Capistrano - CE;2022;2022;708;Pessoal ocupado assalariado;Pessoas;978.0;978.0;disponivel
N6;Município;2303006;Caridade - CE;2022;2022;708;Pessoal ocupado assalariado;Pessoas;1362.0;1362.0;disponivel
N6;Município;2303105;Cariré - CE;2022;2022;708;Pessoal ocupado assalariado;Pessoas;1246.0;1246.0;disponivel
N6;Município;2303204;Caririaçu - CE;2022;2022;708;Pessoal ocupado assalariado;Pessoas;1789.0;1789.0;disponivel
N6;Município;2303303;Cariús - CE;2022;2022;708;Pessoal ocupado assalariado;Pessoas;906.0;906.0;disponivel
N6;Município;2303402;Carnaubal - CE;2022;2022;708;Pessoal ocupado assalariado;Pessoas;1342.0;1342.0;disponivel
N6;Município;2303501;Cascavel - CE;2022;2022;708;Pessoal ocupado assalariado;Pessoas;9897.0;9897.0;disponivel
N6;Município;2303600;Catarina - CE;2022;2022;708;Pessoal ocupado assalariado;Pessoas;842.0;842.0;disponivel
N6;Município;2303659;Catunda - CE;2022;2022;708;Pessoal ocupado assalariado;Pessoas;804.0;804.0;disponivel
N6;Município;2303709;Caucaia - CE;2022;2022;708;Pessoal ocupado assalariado;Pessoas;45512.0;45512.0;disponivel
N6;Município;2303808;Cedro - CE;2022;2022;708;Pessoal ocupado assalariado;Pessoas;1431.0;1431.0;disponivel
N6;Município;2303907;Chaval - CE;2022;2022;708;Pessoal ocupado assalariado;Pessoas;1588.0;1588.0;disponivel
N6;Município;2303931;Choró - CE;2022;2022;708;Pessoal ocupado assalariado;Pessoas;481.0;481.0;disponivel
N6;Município;2303956;Chorozinho - CE;2022;2022;708;Pessoal ocupado assalariado;Pessoas;1911.0;1911.0;disponivel
N6;Município;2304004;Coreaú - CE;2022;2022;708;Pessoal ocupado assalariado;Pessoas;1242.0;1242.0;disponivel
N6;Município;2304103;Crateús - CE;2022;2022;708;Pessoal ocupado assalariado;Pessoas;6640.0;6640.0;disponivel
N6;Município;2304202;Crato - CE;2022;2022;708;Pessoal ocupado assalariado;Pessoas;18149.0;18149.0;disponivel
N6;Município;2304236;Croatá - CE;2022;2022;708;Pessoal ocupado assalariado;Pessoas;823.0;823.0;disponivel
N6;Município;2304251;Cruz - CE;2022;2022;708;Pessoal ocupado assalariado;Pessoas;2560.0;2560.0;disponivel
N6;Município;2304269;Deputado Irapuan Pinheiro - CE;2022;2022;708;Pessoal ocupado assalariado;Pessoas;651.0;651.0;disponivel
N6;Município;2304277;Ereré - CE;2022;2022;708;Pessoal ocupado assalariado;Pessoas;627.0;627.0;disponivel
N6;Município;2304285;Eusébio - CE;2022;2022;708;Pessoal ocupado assalariado;Pessoas;43459.0;43459.0;disponivel
N6;Município;2304301;Farias Brito - CE;2022;2022;708;Pessoal ocupado assalariado;Pessoas;1197.0;1197.0;disponivel
N6;Município;2304350;Forquilha - CE;2022;2022;708;Pessoal ocupado assalariado;Pessoas;2266.0;2266.0;disponivel
N6;Município;2304400;Fortaleza - CE;2022;2022;708;Pessoal ocupado assalariado;Pessoas;802592.0;802592.0;disponivel
N6;Município;2304459;Fortim - CE;2022;2022;708;Pessoal ocupado assalariado;Pessoas;1824.0;1824.0;disponivel
N6;Município;2304509;Frecheirinha - CE;2022;2022;708;Pessoal ocupado assalariado;Pessoas;4125.0;4125.0;disponivel
N6;Município;2304608;General Sampaio - CE;2022;2022;708;Pessoal ocupado assalariado;Pessoas;594.0;594.0;disponivel
N6;Município;2304657;Graça - CE;2022;2022;708;Pessoal ocupado assalariado;Pessoas;837.0;837.0;disponivel
N6;Município;2304707;Granja - CE;2022;2022;708;Pessoal ocupado assalariado;Pessoas;3423.0;3423.0;disponivel
N6;Município;2304806;Granjeiro - CE;2022;2022;708;Pessoal ocupado assalariado;Pessoas;499.0;499.0;disponivel
N6;Município;2304905;Groaíras - CE;2022;2022;708;Pessoal ocupado assalariado;Pessoas;956.0;956.0;disponivel
N6;Município;2304954;Guaiúba - CE;2022;2022;708;Pessoal ocupado assalariado;Pessoas;1944.0;1944.0;disponivel
N6;Município;2305001;Guaraciaba do Norte - CE;2022;2022;708;Pessoal ocupado assalariado;Pessoas;2985.0;2985.0;disponivel
N6;Município;2305100;Guaramiranga - CE;2022;2022;708;Pessoal ocupado assalariado;Pessoas;952.0;952.0;disponivel
N6;Município;2305209;Hidrolândia - CE;2022;2022;708;Pessoal ocupado assalariado;Pessoas;1246.0;1246.0;disponivel
N6;Município;2305233;Horizonte - CE;2022;2022;708;Pessoal ocupado assalariado;Pessoas;20922.0;20922.0;disponivel
N6;Município;2305266;Ibaretama - CE;2022;2022;708;Pessoal ocupado assalariado;Pessoas;915.0;915.0;disponivel
N6;Município;2305308;Ibiapina - CE;2022;2022;708;Pessoal ocupado assalariado;Pessoas;1566.0;1566.0;disponivel
N6;Município;2305332;Ibicuitinga - CE;2022;2022;708;Pessoal ocupado assalariado;Pessoas;991.0;991.0;disponivel
N6;Município;2305357;Icapuí - CE;2022;2022;708;Pessoal ocupado assalariado;Pessoas;3792.0;3792.0;disponivel
N6;Município;2305407;Icó - CE;2022;2022;708;Pessoal ocupado assalariado;Pessoas;5275.0;5275.0;disponivel
N6;Município;2305506;Iguatu - CE;2022;2022;708;Pessoal ocupado assalariado;Pessoas;14299.0;14299.0;disponivel
N6;Município;2305605;Independência - CE;2022;2022;708;Pessoal ocupado assalariado;Pessoas;1340.0;1340.0;disponivel
N6;Município;2305654;Ipaporanga - CE;2022;2022;708;Pessoal ocupado assalariado;Pessoas;732.0;732.0;disponivel
N6;Município;2305704;Ipaumirim - CE;2022;2022;708;Pessoal ocupado assalariado;Pessoas;1008.0;1008.0;disponivel
N6;Município;2305803;Ipu - CE;2022;2022;708;Pessoal ocupado assalariado;Pessoas;3542.0;3542.0;disponivel
N6;Município;2305902;Ipueiras - CE;2022;2022;708;Pessoal ocupado assalariado;Pessoas;1808.0;1808.0;disponivel
N6;Município;2306009;Iracema - CE;2022;2022;708;Pessoal ocupado assalariado;Pessoas;944.0;944.0;disponivel
N6;Município;2306108;Irauçuba - CE;2022;2022;708;Pessoal ocupado assalariado;Pessoas;1837.0;1837.0;disponivel
N6;Município;2306207;Itaiçaba - CE;2022;2022;708;Pessoal ocupado assalariado;Pessoas;771.0;771.0;disponivel
N6;Município;2306256;Itaitinga - CE;2022;2022;708;Pessoal ocupado assalariado;Pessoas;9875.0;9875.0;disponivel
N6;Município;2306306;Itapajé - CE;2022;2022;708;Pessoal ocupado assalariado;Pessoas;5150.0;5150.0;disponivel
N6;Município;2306405;Itapipoca - CE;2022;2022;708;Pessoal ocupado assalariado;Pessoas;15391.0;15391.0;disponivel
N6;Município;2306504;Itapiúna - CE;2022;2022;708;Pessoal ocupado assalariado;Pessoas;1120.0;1120.0;disponivel
N6;Município;2306553;Itarema - CE;2022;2022;708;Pessoal ocupado assalariado;Pessoas;2981.0;2981.0;disponivel
N6;Município;2306603;Itatira - CE;2022;2022;708;Pessoal ocupado assalariado;Pessoas;903.0;903.0;disponivel
N6;Município;2306702;Jaguaretama - CE;2022;2022;708;Pessoal ocupado assalariado;Pessoas;1171.0;1171.0;disponivel
N6;Município;2306801;Jaguaribara - CE;2022;2022;708;Pessoal ocupado assalariado;Pessoas;924.0;924.0;disponivel
N6;Município;2306900;Jaguaribe - CE;2022;2022;708;Pessoal ocupado assalariado;Pessoas;3010.0;3010.0;disponivel
N6;Município;2307007;Jaguaruana - CE;2022;2022;708;Pessoal ocupado assalariado;Pessoas;3945.0;3945.0;disponivel
N6;Município;2307106;Jardim - CE;2022;2022;708;Pessoal ocupado assalariado;Pessoas;1710.0;1710.0;disponivel
N6;Município;2307205;Jati - CE;2022;2022;708;Pessoal ocupado assalariado;Pessoas;719.0;719.0;disponivel
N6;Município;2307254;Jijoca de Jericoacoara - CE;2022;2022;708;Pessoal ocupado assalariado;Pessoas;5432.0;5432.0;disponivel
N6;Município;2307304;Juazeiro do Norte - CE;2022;2022;708;Pessoal ocupado assalariado;Pessoas;51668.0;51668.0;disponivel
N6;Município;2307403;Jucás - CE;2022;2022;708;Pessoal ocupado assalariado;Pessoas;1580.0;1580.0;disponivel
N6;Município;2307502;Lavras da Mangabeira - CE;2022;2022;708;Pessoal ocupado assalariado;Pessoas;1700.0;1700.0;disponivel
N6;Município;2307601;Limoeiro do Norte - CE;2022;2022;708;Pessoal ocupado assalariado;Pessoas;9011.0;9011.0;disponivel
N6;Município;2307635;Madalena - CE;2022;2022;708;Pessoal ocupado assalariado;Pessoas;1264.0;1264.0;disponivel
N6;Município;2307650;Maracanaú - CE;2022;2022;708;Pessoal ocupado assalariado;Pessoas;62628.0;62628.0;disponivel
N6;Município;2307700;Maranguape - CE;2022;2022;708;Pessoal ocupado assalariado;Pessoas;14723.0;14723.0;disponivel
N6;Município;2307809;Marco - CE;2022;2022;708;Pessoal ocupado assalariado;Pessoas;3050.0;3050.0;disponivel
N6;Município;2307908;Martinópole - CE;2022;2022;708;Pessoal ocupado assalariado;Pessoas;847.0;847.0;disponivel
N6;Município;2308005;Massapê - CE;2022;2022;708;Pessoal ocupado assalariado;Pessoas;2909.0;2909.0;disponivel
N6;Município;2308104;Mauriti - CE;2022;2022;708;Pessoal ocupado assalariado;Pessoas;3042.0;3042.0;disponivel
N6;Município;2308203;Meruoca - CE;2022;2022;708;Pessoal ocupado assalariado;Pessoas;1134.0;1134.0;disponivel
N6;Município;2308302;Milagres - CE;2022;2022;708;Pessoal ocupado assalariado;Pessoas;2140.0;2140.0;disponivel
N6;Município;2308351;Milhã - CE;2022;2022;708;Pessoal ocupado assalariado;Pessoas;800.0;800.0;disponivel
N6;Município;2308377;Miraíma - CE;2022;2022;708;Pessoal ocupado assalariado;Pessoas;87.0;87.0;disponivel
N6;Município;2308401;Missão Velha - CE;2022;2022;708;Pessoal ocupado assalariado;Pessoas;2873.0;2873.0;disponivel
N6;Município;2308500;Mombaça - CE;2022;2022;708;Pessoal ocupado assalariado;Pessoas;2714.0;2714.0;disponivel
N6;Município;2308609;Monsenhor Tabosa - CE;2022;2022;708;Pessoal ocupado assalariado;Pessoas;1184.0;1184.0;disponivel
N6;Município;2308708;Morada Nova - CE;2022;2022;708;Pessoal ocupado assalariado;Pessoas;9805.0;9805.0;disponivel
N6;Município;2308807;Moraújo - CE;2022;2022;708;Pessoal ocupado assalariado;Pessoas;672.0;672.0;disponivel
N6;Município;2308906;Morrinhos - CE;2022;2022;708;Pessoal ocupado assalariado;Pessoas;1411.0;1411.0;disponivel
N6;Município;2309003;Mucambo - CE;2022;2022;708;Pessoal ocupado assalariado;Pessoas;1191.0;1191.0;disponivel
N6;Município;2309102;Mulungu - CE;2022;2022;708;Pessoal ocupado assalariado;Pessoas;883.0;883.0;disponivel
N6;Município;2309201;Nova Olinda - CE;2022;2022;708;Pessoal ocupado assalariado;Pessoas;1529.0;1529.0;disponivel
N6;Município;2309300;Nova Russas - CE;2022;2022;708;Pessoal ocupado assalariado;Pessoas;2721.0;2721.0;disponivel
N6;Município;2309409;Novo Oriente - CE;2022;2022;708;Pessoal ocupado assalariado;Pessoas;1743.0;1743.0;disponivel
N6;Município;2309458;Ocara - CE;2022;2022;708;Pessoal ocupado assalariado;Pessoas;939.0;939.0;disponivel
N6;Município;2309508;Orós - CE;2022;2022;708;Pessoal ocupado assalariado;Pessoas;1261.0;1261.0;disponivel
N6;Município;2309607;Pacajus - CE;2022;2022;708;Pessoal ocupado assalariado;Pessoas;8635.0;8635.0;disponivel
N6;Município;2309706;Pacatuba - CE;2022;2022;708;Pessoal ocupado assalariado;Pessoas;6855.0;6855.0;disponivel
N6;Município;2309805;Pacoti - CE;2022;2022;708;Pessoal ocupado assalariado;Pessoas;1015.0;1015.0;disponivel
N6;Município;2309904;Pacujá - CE;2022;2022;708;Pessoal ocupado assalariado;Pessoas;619.0;619.0;disponivel
N6;Município;2310001;Palhano - CE;2022;2022;708;Pessoal ocupado assalariado;Pessoas;925.0;925.0;disponivel
N6;Município;2310100;Palmácia - CE;2022;2022;708;Pessoal ocupado assalariado;Pessoas;780.0;780.0;disponivel
N6;Município;2310209;Paracuru - CE;2022;2022;708;Pessoal ocupado assalariado;Pessoas;3527.0;3527.0;disponivel
N6;Município;2310258;Paraipaba - CE;2022;2022;708;Pessoal ocupado assalariado;Pessoas;3964.0;3964.0;disponivel
N6;Município;2310308;Parambu - CE;2022;2022;708;Pessoal ocupado assalariado;Pessoas;2151.0;2151.0;disponivel
N6;Município;2310407;Paramoti - CE;2022;2022;708;Pessoal ocupado assalariado;Pessoas;721.0;721.0;disponivel
N6;Município;2310506;Pedra Branca - CE;2022;2022;708;Pessoal ocupado assalariado;Pessoas;3634.0;3634.0;disponivel
N6;Município;2310605;Penaforte - CE;2022;2022;708;Pessoal ocupado assalariado;Pessoas;802.0;802.0;disponivel
N6;Município;2310704;Pentecoste - CE;2022;2022;708;Pessoal ocupado assalariado;Pessoas;4430.0;4430.0;disponivel
N6;Município;2310803;Pereiro - CE;2022;2022;708;Pessoal ocupado assalariado;Pessoas;4503.0;4503.0;disponivel
N6;Município;2310852;Pindoretama - CE;2022;2022;708;Pessoal ocupado assalariado;Pessoas;2476.0;2476.0;disponivel
N6;Município;2310902;Piquet Carneiro - CE;2022;2022;708;Pessoal ocupado assalariado;Pessoas;1014.0;1014.0;disponivel
N6;Município;2310951;Pires Ferreira - CE;2022;2022;708;Pessoal ocupado assalariado;Pessoas;797.0;797.0;disponivel
N6;Município;2311009;Poranga - CE;2022;2022;708;Pessoal ocupado assalariado;Pessoas;725.0;725.0;disponivel
N6;Município;2311108;Porteiras - CE;2022;2022;708;Pessoal ocupado assalariado;Pessoas;1263.0;1263.0;disponivel
N6;Município;2311207;Potengi - CE;2022;2022;708;Pessoal ocupado assalariado;Pessoas;755.0;755.0;disponivel
N6;Município;2311231;Potiretama - CE;2022;2022;708;Pessoal ocupado assalariado;Pessoas;603.0;603.0;disponivel
N6;Município;2311264;Quiterianópolis - CE;2022;2022;708;Pessoal ocupado assalariado;Pessoas;1214.0;1214.0;disponivel
N6;Município;2311306;Quixadá - CE;2022;2022;708;Pessoal ocupado assalariado;Pessoas;9388.0;9388.0;disponivel
N6;Município;2311355;Quixelô - CE;2022;2022;708;Pessoal ocupado assalariado;Pessoas;968.0;968.0;disponivel
N6;Município;2311405;Quixeramobim - CE;2022;2022;708;Pessoal ocupado assalariado;Pessoas;12527.0;12527.0;disponivel
N6;Município;2311504;Quixeré - CE;2022;2022;708;Pessoal ocupado assalariado;Pessoas;3686.0;3686.0;disponivel
N6;Município;2311603;Redenção - CE;2022;2022;708;Pessoal ocupado assalariado;Pessoas;3318.0;3318.0;disponivel
N6;Município;2311702;Reriutaba - CE;2022;2022;708;Pessoal ocupado assalariado;Pessoas;1545.0;1545.0;disponivel
N6;Município;2311801;Russas - CE;2022;2022;708;Pessoal ocupado assalariado;Pessoas;11726.0;11726.0;disponivel
N6;Município;2311900;Saboeiro - CE;2022;2022;708;Pessoal ocupado assalariado;Pessoas;774.0;774.0;disponivel
N6;Município;2311959;Salitre - CE;2022;2022;708;Pessoal ocupado assalariado;Pessoas;1736.0;1736.0;disponivel
N6;Município;2312007;Santana do Acaraú - CE;2022;2022;708;Pessoal ocupado assalariado;Pessoas;1723.0;1723.0;disponivel
N6;Município;2312106;Santana do Cariri - CE;2022;2022;708;Pessoal ocupado assalariado;Pessoas;1166.0;1166.0;disponivel
N6;Município;2312205;Santa Quitéria - CE;2022;2022;708;Pessoal ocupado assalariado;Pessoas;5205.0;5205.0;disponivel
N6;Município;2312304;São Benedito - CE;2022;2022;708;Pessoal ocupado assalariado;Pessoas;4228.0;4228.0;disponivel
N6;Município;2312403;São Gonçalo do Amarante - CE;2022;2022;708;Pessoal ocupado assalariado;Pessoas;14530.0;14530.0;disponivel
N6;Município;2312502;São João do Jaguaribe - CE;2022;2022;708;Pessoal ocupado assalariado;Pessoas;542.0;542.0;disponivel
N6;Município;2312601;São Luís do Curu - CE;2022;2022;708;Pessoal ocupado assalariado;Pessoas;725.0;725.0;disponivel
N6;Município;2312700;Senador Pompeu - CE;2022;2022;708;Pessoal ocupado assalariado;Pessoas;3581.0;3581.0;disponivel
N6;Município;2312809;Senador Sá - CE;2022;2022;708;Pessoal ocupado assalariado;Pessoas;511.0;511.0;disponivel
N6;Município;2312908;Sobral - CE;2022;2022;708;Pessoal ocupado assalariado;Pessoas;51719.0;51719.0;disponivel
N6;Município;2313005;Solonópole - CE;2022;2022;708;Pessoal ocupado assalariado;Pessoas;2240.0;2240.0;disponivel
N6;Município;2313104;Tabuleiro do Norte - CE;2022;2022;708;Pessoal ocupado assalariado;Pessoas;2452.0;2452.0;disponivel
N6;Município;2313203;Tamboril - CE;2022;2022;708;Pessoal ocupado assalariado;Pessoas;1267.0;1267.0;disponivel
N6;Município;2313252;Tarrafas - CE;2022;2022;708;Pessoal ocupado assalariado;Pessoas;600.0;600.0;disponivel
N6;Município;2313302;Tauá - CE;2022;2022;708;Pessoal ocupado assalariado;Pessoas;5557.0;5557.0;disponivel
N6;Município;2313351;Tejuçuoca - CE;2022;2022;708;Pessoal ocupado assalariado;Pessoas;1512.0;1512.0;disponivel
N6;Município;2313401;Tianguá - CE;2022;2022;708;Pessoal ocupado assalariado;Pessoas;9224.0;9224.0;disponivel
N6;Município;2313500;Trairi - CE;2022;2022;708;Pessoal ocupado assalariado;Pessoas;3847.0;3847.0;disponivel
N6;Município;2313559;Tururu - CE;2022;2022;708;Pessoal ocupado assalariado;Pessoas;1350.0;1350.0;disponivel
N6;Município;2313609;Ubajara - CE;2022;2022;708;Pessoal ocupado assalariado;Pessoas;3095.0;3095.0;disponivel
N6;Município;2313708;Umari - CE;2022;2022;708;Pessoal ocupado assalariado;Pessoas;491.0;491.0;disponivel
N6;Município;2313757;Umirim - CE;2022;2022;708;Pessoal ocupado assalariado;Pessoas;1230.0;1230.0;disponivel
N6;Município;2313807;Uruburetama - CE;2022;2022;708;Pessoal ocupado assalariado;Pessoas;2643.0;2643.0;disponivel
N6;Município;2313906;Uruoca - CE;2022;2022;708;Pessoal ocupado assalariado;Pessoas;1530.0;1530.0;disponivel
N6;Município;2313955;Varjota - CE;2022;2022;708;Pessoal ocupado assalariado;Pessoas;2397.0;2397.0;disponivel
N6;Município;2314003;Várzea Alegre - CE;2022;2022;708;Pessoal ocupado assalariado;Pessoas;3219.0;3219.0;disponivel
N6;Município;2314102;Viçosa do Ceará - CE;2022;2022;708;Pessoal ocupado assalariado;Pessoas;3182.0;3182.0;disponivel
N1;Brasil;1;Brasil;2022;2022;662;Salários e outras remunerações;Mil Reais;2293500597.0;2293500597.0;disponivel
N3;Unidade da Federação;23;Ceará;2022;2022;662;Salários e outras remunerações;Mil Reais;57711215.0;57711215.0;disponivel
N6;Município;2300101;Abaiara - CE;2022;2022;662;Salários e outras remunerações;Mil Reais;25670.0;25670.0;disponivel
N6;Município;2300150;Acarape - CE;2022;2022;662;Salários e outras remunerações;Mil Reais;38919.0;38919.0;disponivel
N6;Município;2300200;Acaraú - CE;2022;2022;662;Salários e outras remunerações;Mil Reais;164309.0;164309.0;disponivel
N6;Município;2300309;Acopiara - CE;2022;2022;662;Salários e outras remunerações;Mil Reais;76738.0;76738.0;disponivel
N6;Município;2300408;Aiuaba - CE;2022;2022;662;Salários e outras remunerações;Mil Reais;24337.0;24337.0;disponivel
N6;Município;2300507;Alcântaras - CE;2022;2022;662;Salários e outras remunerações;Mil Reais;20117.0;20117.0;disponivel
N6;Município;2300606;Altaneira - CE;2022;2022;662;Salários e outras remunerações;Mil Reais;17607.0;17607.0;disponivel
N6;Município;2300705;Alto Santo - CE;2022;2022;662;Salários e outras remunerações;Mil Reais;35695.0;35695.0;disponivel
N6;Município;2300754;Amontada - CE;2022;2022;662;Salários e outras remunerações;Mil Reais;105421.0;105421.0;disponivel
N6;Município;2300804;Antonina do Norte - CE;2022;2022;662;Salários e outras remunerações;Mil Reais;16917.0;16917.0;disponivel
N6;Município;2300903;Apuiarés - CE;2022;2022;662;Salários e outras remunerações;Mil Reais;27344.0;27344.0;disponivel
N6;Município;2301000;Aquiraz - CE;2022;2022;662;Salários e outras remunerações;Mil Reais;628398.0;628398.0;disponivel
N6;Município;2301109;Aracati - CE;2022;2022;662;Salários e outras remunerações;Mil Reais;268988.0;268988.0;disponivel
N6;Município;2301208;Aracoiaba - CE;2022;2022;662;Salários e outras remunerações;Mil Reais;57979.0;57979.0;disponivel
N6;Município;2301257;Ararendá - CE;2022;2022;662;Salários e outras remunerações;Mil Reais;22720.0;22720.0;disponivel
N6;Município;2301307;Araripe - CE;2022;2022;662;Salários e outras remunerações;Mil Reais;42236.0;42236.0;disponivel
N6;Município;2301406;Aratuba - CE;2022;2022;662;Salários e outras remunerações;Mil Reais;27369.0;27369.0;disponivel
N6;Município;2301505;Arneiroz - CE;2022;2022;662;Salários e outras remunerações;Mil Reais;12835.0;12835.0;disponivel
N6;Município;2301604;Assaré - CE;2022;2022;662;Salários e outras remunerações;Mil Reais;38673.0;38673.0;disponivel
N6;Município;2301703;Aurora - CE;2022;2022;662;Salários e outras remunerações;Mil Reais;37631.0;37631.0;disponivel
N6;Município;2301802;Baixio - CE;2022;2022;662;Salários e outras remunerações;Mil Reais;13800.0;13800.0;disponivel
N6;Município;2301851;Banabuiú - CE;2022;2022;662;Salários e outras remunerações;Mil Reais;44800.0;44800.0;disponivel
N6;Município;2301901;Barbalha - CE;2022;2022;662;Salários e outras remunerações;Mil Reais;322364.0;322364.0;disponivel
N6;Município;2301950;Barreira - CE;2022;2022;662;Salários e outras remunerações;Mil Reais;39194.0;39194.0;disponivel
N6;Município;2302008;Barro - CE;2022;2022;662;Salários e outras remunerações;Mil Reais;35785.0;35785.0;disponivel
N6;Município;2302057;Barroquinha - CE;2022;2022;662;Salários e outras remunerações;Mil Reais;30175.0;30175.0;disponivel
N6;Município;2302107;Baturité - CE;2022;2022;662;Salários e outras remunerações;Mil Reais;102963.0;102963.0;disponivel
N6;Município;2302206;Beberibe - CE;2022;2022;662;Salários e outras remunerações;Mil Reais;127185.0;127185.0;disponivel
N6;Município;2302305;Bela Cruz - CE;2022;2022;662;Salários e outras remunerações;Mil Reais;62469.0;62469.0;disponivel
N6;Município;2302404;Boa Viagem - CE;2022;2022;662;Salários e outras remunerações;Mil Reais;92603.0;92603.0;disponivel
N6;Município;2302503;Brejo Santo - CE;2022;2022;662;Salários e outras remunerações;Mil Reais;228626.0;228626.0;disponivel
N6;Município;2302602;Camocim - CE;2022;2022;662;Salários e outras remunerações;Mil Reais;153021.0;153021.0;disponivel
N6;Município;2302701;Campos Sales - CE;2022;2022;662;Salários e outras remunerações;Mil Reais;43760.0;43760.0;disponivel
N6;Município;2302800;Canindé - CE;2022;2022;662;Salários e outras remunerações;Mil Reais;259278.0;259278.0;disponivel
N6;Município;2302909;Capistrano - CE;2022;2022;662;Salários e outras remunerações;Mil Reais;33564.0;33564.0;disponivel
N6;Município;2303006;Caridade - CE;2022;2022;662;Salários e outras remunerações;Mil Reais;36205.0;36205.0;disponivel
N6;Município;2303105;Cariré - CE;2022;2022;662;Salários e outras remunerações;Mil Reais;32427.0;32427.0;disponivel
N6;Município;2303204;Caririaçu - CE;2022;2022;662;Salários e outras remunerações;Mil Reais;48548.0;48548.0;disponivel
N6;Município;2303303;Cariús - CE;2022;2022;662;Salários e outras remunerações;Mil Reais;24102.0;24102.0;disponivel
N6;Município;2303402;Carnaubal - CE;2022;2022;662;Salários e outras remunerações;Mil Reais;34455.0;34455.0;disponivel
N6;Município;2303501;Cascavel - CE;2022;2022;662;Salários e outras remunerações;Mil Reais;237325.0;237325.0;disponivel
N6;Município;2303600;Catarina - CE;2022;2022;662;Salários e outras remunerações;Mil Reais;27630.0;27630.0;disponivel
N6;Município;2303659;Catunda - CE;2022;2022;662;Salários e outras remunerações;Mil Reais;28517.0;28517.0;disponivel
N6;Município;2303709;Caucaia - CE;2022;2022;662;Salários e outras remunerações;Mil Reais;1421985.0;1421985.0;disponivel
N6;Município;2303808;Cedro - CE;2022;2022;662;Salários e outras remunerações;Mil Reais;40772.0;40772.0;disponivel
N6;Município;2303907;Chaval - CE;2022;2022;662;Salários e outras remunerações;Mil Reais;26622.0;26622.0;disponivel
N6;Município;2303931;Choró - CE;2022;2022;662;Salários e outras remunerações;Mil Reais;22031.0;22031.0;disponivel
N6;Município;2303956;Chorozinho - CE;2022;2022;662;Salários e outras remunerações;Mil Reais;47378.0;47378.0;disponivel
N6;Município;2304004;Coreaú - CE;2022;2022;662;Salários e outras remunerações;Mil Reais;35714.0;35714.0;disponivel
N6;Município;2304103;Crateús - CE;2022;2022;662;Salários e outras remunerações;Mil Reais;198790.0;198790.0;disponivel
N6;Município;2304202;Crato - CE;2022;2022;662;Salários e outras remunerações;Mil Reais;546004.0;546004.0;disponivel
N6;Município;2304236;Croatá - CE;2022;2022;662;Salários e outras remunerações;Mil Reais;29722.0;29722.0;disponivel
N6;Município;2304251;Cruz - CE;2022;2022;662;Salários e outras remunerações;Mil Reais;78210.0;78210.0;disponivel
N6;Município;2304269;Deputado Irapuan Pinheiro - CE;2022;2022;662;Salários e outras remunerações;Mil Reais;18622.0;18622.0;disponivel
N6;Município;2304277;Ereré - CE;2022;2022;662;Salários e outras remunerações;Mil Reais;16549.0;16549.0;disponivel
N6;Município;2304285;Eusébio - CE;2022;2022;662;Salários e outras remunerações;Mil Reais;1444263.0;1444263.0;disponivel
N6;Município;2304301;Farias Brito - CE;2022;2022;662;Salários e outras remunerações;Mil Reais;38562.0;38562.0;disponivel
N6;Município;2304350;Forquilha - CE;2022;2022;662;Salários e outras remunerações;Mil Reais;60515.0;60515.0;disponivel
N6;Município;2304400;Fortaleza - CE;2022;2022;662;Salários e outras remunerações;Mil Reais;34250818.0;34250818.0;disponivel
N6;Município;2304459;Fortim - CE;2022;2022;662;Salários e outras remunerações;Mil Reais;54242.0;54242.0;disponivel
N6;Município;2304509;Frecheirinha - CE;2022;2022;662;Salários e outras remunerações;Mil Reais;82859.0;82859.0;disponivel
N6;Município;2304608;General Sampaio - CE;2022;2022;662;Salários e outras remunerações;Mil Reais;17322.0;17322.0;disponivel
N6;Município;2304657;Graça - CE;2022;2022;662;Salários e outras remunerações;Mil Reais;29058.0;29058.0;disponivel
N6;Município;2304707;Granja - CE;2022;2022;662;Salários e outras remunerações;Mil Reais;96062.0;96062.0;disponivel
N6;Município;2304806;Granjeiro - CE;2022;2022;662;Salários e outras remunerações;Mil Reais;11701.0;11701.0;disponivel
N6;Município;2304905;Groaíras - CE;2022;2022;662;Salários e outras remunerações;Mil Reais;25133.0;25133.0;disponivel
N6;Município;2304954;Guaiúba - CE;2022;2022;662;Salários e outras remunerações;Mil Reais;48983.0;48983.0;disponivel
N6;Município;2305001;Guaraciaba do Norte - CE;2022;2022;662;Salários e outras remunerações;Mil Reais;80255.0;80255.0;disponivel
N6;Município;2305100;Guaramiranga - CE;2022;2022;662;Salários e outras remunerações;Mil Reais;21126.0;21126.0;disponivel
N6;Município;2305209;Hidrolândia - CE;2022;2022;662;Salários e outras remunerações;Mil Reais;31182.0;31182.0;disponivel
N6;Município;2305233;Horizonte - CE;2022;2022;662;Salários e outras remunerações;Mil Reais;497819.0;497819.0;disponivel
N6;Município;2305266;Ibaretama - CE;2022;2022;662;Salários e outras remunerações;Mil Reais;24966.0;24966.0;disponivel
N6;Município;2305308;Ibiapina - CE;2022;2022;662;Salários e outras remunerações;Mil Reais;44243.0;44243.0;disponivel
N6;Município;2305332;Ibicuitinga - CE;2022;2022;662;Salários e outras remunerações;Mil Reais;23934.0;23934.0;disponivel
N6;Município;2305357;Icapuí - CE;2022;2022;662;Salários e outras remunerações;Mil Reais;99269.0;99269.0;disponivel
N6;Município;2305407;Icó - CE;2022;2022;662;Salários e outras remunerações;Mil Reais;120751.0;120751.0;disponivel
N6;Município;2305506;Iguatu - CE;2022;2022;662;Salários e outras remunerações;Mil Reais;358299.0;358299.0;disponivel
N6;Município;2305605;Independência - CE;2022;2022;662;Salários e outras remunerações;Mil Reais;37853.0;37853.0;disponivel
N6;Município;2305654;Ipaporanga - CE;2022;2022;662;Salários e outras remunerações;Mil Reais;22386.0;22386.0;disponivel
N6;Município;2305704;Ipaumirim - CE;2022;2022;662;Salários e outras remunerações;Mil Reais;24275.0;24275.0;disponivel
N6;Município;2305803;Ipu - CE;2022;2022;662;Salários e outras remunerações;Mil Reais;89278.0;89278.0;disponivel
N6;Município;2305902;Ipueiras - CE;2022;2022;662;Salários e outras remunerações;Mil Reais;67330.0;67330.0;disponivel
N6;Município;2306009;Iracema - CE;2022;2022;662;Salários e outras remunerações;Mil Reais;32278.0;32278.0;disponivel
N6;Município;2306108;Irauçuba - CE;2022;2022;662;Salários e outras remunerações;Mil Reais;53110.0;53110.0;disponivel
N6;Município;2306207;Itaiçaba - CE;2022;2022;662;Salários e outras remunerações;Mil Reais;17024.0;17024.0;disponivel
N6;Município;2306256;Itaitinga - CE;2022;2022;662;Salários e outras remunerações;Mil Reais;328994.0;328994.0;disponivel
N6;Município;2306306;Itapajé - CE;2022;2022;662;Salários e outras remunerações;Mil Reais;137368.0;137368.0;disponivel
N6;Município;2306405;Itapipoca - CE;2022;2022;662;Salários e outras remunerações;Mil Reais;438445.0;438445.0;disponivel
N6;Município;2306504;Itapiúna - CE;2022;2022;662;Salários e outras remunerações;Mil Reais;30132.0;30132.0;disponivel
N6;Município;2306553;Itarema - CE;2022;2022;662;Salários e outras remunerações;Mil Reais;102891.0;102891.0;disponivel
N6;Município;2306603;Itatira - CE;2022;2022;662;Salários e outras remunerações;Mil Reais;40226.0;40226.0;disponivel
N6;Município;2306702;Jaguaretama - CE;2022;2022;662;Salários e outras remunerações;Mil Reais;31224.0;31224.0;disponivel
N6;Município;2306801;Jaguaribara - CE;2022;2022;662;Salários e outras remunerações;Mil Reais;29882.0;29882.0;disponivel
N6;Município;2306900;Jaguaribe - CE;2022;2022;662;Salários e outras remunerações;Mil Reais;117750.0;117750.0;disponivel
N6;Município;2307007;Jaguaruana - CE;2022;2022;662;Salários e outras remunerações;Mil Reais;89014.0;89014.0;disponivel
N6;Município;2307106;Jardim - CE;2022;2022;662;Salários e outras remunerações;Mil Reais;51069.0;51069.0;disponivel
N6;Município;2307205;Jati - CE;2022;2022;662;Salários e outras remunerações;Mil Reais;17707.0;17707.0;disponivel
N6;Município;2307254;Jijoca de Jericoacoara - CE;2022;2022;662;Salários e outras remunerações;Mil Reais;126415.0;126415.0;disponivel
N6;Município;2307304;Juazeiro do Norte - CE;2022;2022;662;Salários e outras remunerações;Mil Reais;1472252.0;1472252.0;disponivel
N6;Município;2307403;Jucás - CE;2022;2022;662;Salários e outras remunerações;Mil Reais;55615.0;55615.0;disponivel
N6;Município;2307502;Lavras da Mangabeira - CE;2022;2022;662;Salários e outras remunerações;Mil Reais;53638.0;53638.0;disponivel
N6;Município;2307601;Limoeiro do Norte - CE;2022;2022;662;Salários e outras remunerações;Mil Reais;236621.0;236621.0;disponivel
N6;Município;2307635;Madalena - CE;2022;2022;662;Salários e outras remunerações;Mil Reais;36663.0;36663.0;disponivel
N6;Município;2307650;Maracanaú - CE;2022;2022;662;Salários e outras remunerações;Mil Reais;2118821.0;2118821.0;disponivel
N6;Município;2307700;Maranguape - CE;2022;2022;662;Salários e outras remunerações;Mil Reais;391355.0;391355.0;disponivel
N6;Município;2307809;Marco - CE;2022;2022;662;Salários e outras remunerações;Mil Reais;81227.0;81227.0;disponivel
N6;Município;2307908;Martinópole - CE;2022;2022;662;Salários e outras remunerações;Mil Reais;20884.0;20884.0;disponivel
N6;Município;2308005;Massapê - CE;2022;2022;662;Salários e outras remunerações;Mil Reais;67248.0;67248.0;disponivel
N6;Município;2308104;Mauriti - CE;2022;2022;662;Salários e outras remunerações;Mil Reais;83987.0;83987.0;disponivel
N6;Município;2308203;Meruoca - CE;2022;2022;662;Salários e outras remunerações;Mil Reais;30640.0;30640.0;disponivel
N6;Município;2308302;Milagres - CE;2022;2022;662;Salários e outras remunerações;Mil Reais;66867.0;66867.0;disponivel
N6;Município;2308351;Milhã - CE;2022;2022;662;Salários e outras remunerações;Mil Reais;26514.0;26514.0;disponivel
N6;Município;2308377;Miraíma - CE;2022;2022;662;Salários e outras remunerações;Mil Reais;1253.0;1253.0;disponivel
N6;Município;2308401;Missão Velha - CE;2022;2022;662;Salários e outras remunerações;Mil Reais;83003.0;83003.0;disponivel
N6;Município;2308500;Mombaça - CE;2022;2022;662;Salários e outras remunerações;Mil Reais;71324.0;71324.0;disponivel
N6;Município;2308609;Monsenhor Tabosa - CE;2022;2022;662;Salários e outras remunerações;Mil Reais;32620.0;32620.0;disponivel
N6;Município;2308708;Morada Nova - CE;2022;2022;662;Salários e outras remunerações;Mil Reais;249966.0;249966.0;disponivel
N6;Município;2308807;Moraújo - CE;2022;2022;662;Salários e outras remunerações;Mil Reais;14632.0;14632.0;disponivel
N6;Município;2308906;Morrinhos - CE;2022;2022;662;Salários e outras remunerações;Mil Reais;34476.0;34476.0;disponivel
N6;Município;2309003;Mucambo - CE;2022;2022;662;Salários e outras remunerações;Mil Reais;27082.0;27082.0;disponivel
N6;Município;2309102;Mulungu - CE;2022;2022;662;Salários e outras remunerações;Mil Reais;24384.0;24384.0;disponivel
N6;Município;2309201;Nova Olinda - CE;2022;2022;662;Salários e outras remunerações;Mil Reais;37753.0;37753.0;disponivel
N6;Município;2309300;Nova Russas - CE;2022;2022;662;Salários e outras remunerações;Mil Reais;69113.0;69113.0;disponivel
N6;Município;2309409;Novo Oriente - CE;2022;2022;662;Salários e outras remunerações;Mil Reais;48034.0;48034.0;disponivel
N6;Município;2309458;Ocara - CE;2022;2022;662;Salários e outras remunerações;Mil Reais;43180.0;43180.0;disponivel
N6;Município;2309508;Orós - CE;2022;2022;662;Salários e outras remunerações;Mil Reais;37778.0;37778.0;disponivel
N6;Município;2309607;Pacajus - CE;2022;2022;662;Salários e outras remunerações;Mil Reais;252909.0;252909.0;disponivel
N6;Município;2309706;Pacatuba - CE;2022;2022;662;Salários e outras remunerações;Mil Reais;211200.0;211200.0;disponivel
N6;Município;2309805;Pacoti - CE;2022;2022;662;Salários e outras remunerações;Mil Reais;24425.0;24425.0;disponivel
N6;Município;2309904;Pacujá - CE;2022;2022;662;Salários e outras remunerações;Mil Reais;14372.0;14372.0;disponivel
N6;Município;2310001;Palhano - CE;2022;2022;662;Salários e outras remunerações;Mil Reais;23229.0;23229.0;disponivel
N6;Município;2310100;Palmácia - CE;2022;2022;662;Salários e outras remunerações;Mil Reais;20510.0;20510.0;disponivel
N6;Município;2310209;Paracuru - CE;2022;2022;662;Salários e outras remunerações;Mil Reais;100560.0;100560.0;disponivel
N6;Município;2310258;Paraipaba - CE;2022;2022;662;Salários e outras remunerações;Mil Reais;108835.0;108835.0;disponivel
N6;Município;2310308;Parambu - CE;2022;2022;662;Salários e outras remunerações;Mil Reais;36661.0;36661.0;disponivel
N6;Município;2310407;Paramoti - CE;2022;2022;662;Salários e outras remunerações;Mil Reais;19165.0;19165.0;disponivel
N6;Município;2310506;Pedra Branca - CE;2022;2022;662;Salários e outras remunerações;Mil Reais;76241.0;76241.0;disponivel
N6;Município;2310605;Penaforte - CE;2022;2022;662;Salários e outras remunerações;Mil Reais;21999.0;21999.0;disponivel
N6;Município;2310704;Pentecoste - CE;2022;2022;662;Salários e outras remunerações;Mil Reais;116818.0;116818.0;disponivel
N6;Município;2310803;Pereiro - CE;2022;2022;662;Salários e outras remunerações;Mil Reais;110436.0;110436.0;disponivel
N6;Município;2310852;Pindoretama - CE;2022;2022;662;Salários e outras remunerações;Mil Reais;57854.0;57854.0;disponivel
N6;Município;2310902;Piquet Carneiro - CE;2022;2022;662;Salários e outras remunerações;Mil Reais;27317.0;27317.0;disponivel
N6;Município;2310951;Pires Ferreira - CE;2022;2022;662;Salários e outras remunerações;Mil Reais;15104.0;15104.0;disponivel
N6;Município;2311009;Poranga - CE;2022;2022;662;Salários e outras remunerações;Mil Reais;24980.0;24980.0;disponivel
N6;Município;2311108;Porteiras - CE;2022;2022;662;Salários e outras remunerações;Mil Reais;32415.0;32415.0;disponivel
N6;Município;2311207;Potengi - CE;2022;2022;662;Salários e outras remunerações;Mil Reais;20685.0;20685.0;disponivel
N6;Município;2311231;Potiretama - CE;2022;2022;662;Salários e outras remunerações;Mil Reais;17189.0;17189.0;disponivel
N6;Município;2311264;Quiterianópolis - CE;2022;2022;662;Salários e outras remunerações;Mil Reais;28782.0;28782.0;disponivel
N6;Município;2311306;Quixadá - CE;2022;2022;662;Salários e outras remunerações;Mil Reais;248074.0;248074.0;disponivel
N6;Município;2311355;Quixelô - CE;2022;2022;662;Salários e outras remunerações;Mil Reais;29748.0;29748.0;disponivel
N6;Município;2311405;Quixeramobim - CE;2022;2022;662;Salários e outras remunerações;Mil Reais;316526.0;316526.0;disponivel
N6;Município;2311504;Quixeré - CE;2022;2022;662;Salários e outras remunerações;Mil Reais;120084.0;120084.0;disponivel
N6;Município;2311603;Redenção - CE;2022;2022;662;Salários e outras remunerações;Mil Reais;163331.0;163331.0;disponivel
N6;Município;2311702;Reriutaba - CE;2022;2022;662;Salários e outras remunerações;Mil Reais;37516.0;37516.0;disponivel
N6;Município;2311801;Russas - CE;2022;2022;662;Salários e outras remunerações;Mil Reais;281354.0;281354.0;disponivel
N6;Município;2311900;Saboeiro - CE;2022;2022;662;Salários e outras remunerações;Mil Reais;29695.0;29695.0;disponivel
N6;Município;2311959;Salitre - CE;2022;2022;662;Salários e outras remunerações;Mil Reais;34344.0;34344.0;disponivel
N6;Município;2312007;Santana do Acaraú - CE;2022;2022;662;Salários e outras remunerações;Mil Reais;45344.0;45344.0;disponivel
N6;Município;2312106;Santana do Cariri - CE;2022;2022;662;Salários e outras remunerações;Mil Reais;32322.0;32322.0;disponivel
N6;Município;2312205;Santa Quitéria - CE;2022;2022;662;Salários e outras remunerações;Mil Reais;123644.0;123644.0;disponivel
N6;Município;2312304;São Benedito - CE;2022;2022;662;Salários e outras remunerações;Mil Reais;112348.0;112348.0;disponivel
N6;Município;2312403;São Gonçalo do Amarante - CE;2022;2022;662;Salários e outras remunerações;Mil Reais;775087.0;775087.0;disponivel
N6;Município;2312502;São João do Jaguaribe - CE;2022;2022;662;Salários e outras remunerações;Mil Reais;13567.0;13567.0;disponivel
N6;Município;2312601;São Luís do Curu - CE;2022;2022;662;Salários e outras remunerações;Mil Reais;22822.0;22822.0;disponivel
N6;Município;2312700;Senador Pompeu - CE;2022;2022;662;Salários e outras remunerações;Mil Reais;82277.0;82277.0;disponivel
N6;Município;2312809;Senador Sá - CE;2022;2022;662;Salários e outras remunerações;Mil Reais;14660.0;14660.0;disponivel
N6;Município;2312908;Sobral - CE;2022;2022;662;Salários e outras remunerações;Mil Reais;1533122.0;1533122.0;disponivel
N6;Município;2313005;Solonópole - CE;2022;2022;662;Salários e outras remunerações;Mil Reais;43191.0;43191.0;disponivel
N6;Município;2313104;Tabuleiro do Norte - CE;2022;2022;662;Salários e outras remunerações;Mil Reais;67736.0;67736.0;disponivel
N6;Município;2313203;Tamboril - CE;2022;2022;662;Salários e outras remunerações;Mil Reais;47372.0;47372.0;disponivel
N6;Município;2313252;Tarrafas - CE;2022;2022;662;Salários e outras remunerações;Mil Reais;16208.0;16208.0;disponivel
N6;Município;2313302;Tauá - CE;2022;2022;662;Salários e outras remunerações;Mil Reais;143392.0;143392.0;disponivel
N6;Município;2313351;Tejuçuoca - CE;2022;2022;662;Salários e outras remunerações;Mil Reais;38127.0;38127.0;disponivel
N6;Município;2313401;Tianguá - CE;2022;2022;662;Salários e outras remunerações;Mil Reais;250783.0;250783.0;disponivel
N6;Município;2313500;Trairi - CE;2022;2022;662;Salários e outras remunerações;Mil Reais;120459.0;120459.0;disponivel
N6;Município;2313559;Tururu - CE;2022;2022;662;Salários e outras remunerações;Mil Reais;33601.0;33601.0;disponivel
N6;Município;2313609;Ubajara - CE;2022;2022;662;Salários e outras remunerações;Mil Reais;92978.0;92978.0;disponivel
N6;Município;2313708;Umari - CE;2022;2022;662;Salários e outras remunerações;Mil Reais;15597.0;15597.0;disponivel
N6;Município;2313757;Umirim - CE;2022;2022;662;Salários e outras remunerações;Mil Reais;36330.0;36330.0;disponivel
N6;Município;2313807;Uruburetama - CE;2022;2022;662;Salários e outras remunerações;Mil Reais;68662.0;68662.0;disponivel
N6;Município;2313906;Uruoca - CE;2022;2022;662;Salários e outras remunerações;Mil Reais;45556.0;45556.0;disponivel
N6;Município;2313955;Varjota - CE;2022;2022;662;Salários e outras remunerações;Mil Reais;50260.0;50260.0;disponivel
N6;Município;2314003;Várzea Alegre - CE;2022;2022;662;Salários e outras remunerações;Mil Reais;83788.0;83788.0;disponivel
N6;Município;2314102;Viçosa do Ceará - CE;2022;2022;662;Salários e outras remunerações;Mil Reais;85583.0;85583.0;disponivel
N1;Brasil;1;Brasil;2022;2022;10143;Salário médio mensal em reais;Reais;3542.19;3542.19;disponivel
N3;Unidade da Federação;23;Ceará;2022;2022;10143;Salário médio mensal em reais;Reais;2798.5;2798.5;disponivel
N6;Município;2300101;Abaiara - CE;2022;2022;10143;Salário médio mensal em reais;Reais;2283.58;2283.58;disponivel
N6;Município;2300150;Acarape - CE;2022;2022;10143;Salário médio mensal em reais;Reais;1794.11;1794.11;disponivel
N6;Município;2300200;Acaraú - CE;2022;2022;10143;Salário médio mensal em reais;Reais;2273.63;2273.63;disponivel
N6;Município;2300309;Acopiara - CE;2022;2022;10143;Salário médio mensal em reais;Reais;2022.61;2022.61;disponivel
N6;Município;2300408;Aiuaba - CE;2022;2022;10143;Salário médio mensal em reais;Reais;1455.29;1455.29;disponivel
N6;Município;2300507;Alcântaras - CE;2022;2022;10143;Salário médio mensal em reais;Reais;1799.64;1799.64;disponivel
N6;Município;2300606;Altaneira - CE;2022;2022;10143;Salário médio mensal em reais;Reais;1858.19;1858.19;disponivel
N6;Município;2300705;Alto Santo - CE;2022;2022;10143;Salário médio mensal em reais;Reais;1837.88;1837.88;disponivel
N6;Município;2300754;Amontada - CE;2022;2022;10143;Salário médio mensal em reais;Reais;2214.68;2214.68;disponivel
N6;Município;2300804;Antonina do Norte - CE;2022;2022;10143;Salário médio mensal em reais;Reais;2087.79;2087.79;disponivel
N6;Município;2300903;Apuiarés - CE;2022;2022;10143;Salário médio mensal em reais;Reais;2084.28;2084.28;disponivel
N6;Município;2301000;Aquiraz - CE;2022;2022;10143;Salário médio mensal em reais;Reais;2455.59;2455.59;disponivel
N6;Município;2301109;Aracati - CE;2022;2022;10143;Salário médio mensal em reais;Reais;1950.45;1950.45;disponivel
N6;Município;2301208;Aracoiaba - CE;2022;2022;10143;Salário médio mensal em reais;Reais;1777.94;1777.94;disponivel
N6;Município;2301257;Ararendá - CE;2022;2022;10143;Salário médio mensal em reais;Reais;1749.17;1749.17;disponivel
N6;Município;2301307;Araripe - CE;2022;2022;10143;Salário médio mensal em reais;Reais;2546.5;2546.5;disponivel
N6;Município;2301406;Aratuba - CE;2022;2022;10143;Salário médio mensal em reais;Reais;2025.72;2025.72;disponivel
N6;Município;2301505;Arneiroz - CE;2022;2022;10143;Salário médio mensal em reais;Reais;1762.52;1762.52;disponivel
N6;Município;2301604;Assaré - CE;2022;2022;10143;Salário médio mensal em reais;Reais;1993.0;1993.0;disponivel
N6;Município;2301703;Aurora - CE;2022;2022;10143;Salário médio mensal em reais;Reais;1995.15;1995.15;disponivel
N6;Município;2301802;Baixio - CE;2022;2022;10143;Salário médio mensal em reais;Reais;1849.93;1849.93;disponivel
N6;Município;2301851;Banabuiú - CE;2022;2022;10143;Salário médio mensal em reais;Reais;2089.06;2089.06;disponivel
N6;Município;2301901;Barbalha - CE;2022;2022;10143;Salário médio mensal em reais;Reais;2140.7;2140.7;disponivel
N6;Município;2301950;Barreira - CE;2022;2022;10143;Salário médio mensal em reais;Reais;2390.79;2390.79;disponivel
N6;Município;2302008;Barro - CE;2022;2022;10143;Salário médio mensal em reais;Reais;1929.2;1929.2;disponivel
N6;Município;2302057;Barroquinha - CE;2022;2022;10143;Salário médio mensal em reais;Reais;2142.05;2142.05;disponivel
N6;Município;2302107;Baturité - CE;2022;2022;10143;Salário médio mensal em reais;Reais;2133.38;2133.38;disponivel
N6;Município;2302206;Beberibe - CE;2022;2022;10143;Salário médio mensal em reais;Reais;2097.75;2097.75;disponivel
N6;Município;2302305;Bela Cruz - CE;2022;2022;10143;Salário médio mensal em reais;Reais;2457.06;2457.06;disponivel
N6;Município;2302404;Boa Viagem - CE;2022;2022;10143;Salário médio mensal em reais;Reais;2043.9;2043.9;disponivel
N6;Município;2302503;Brejo Santo - CE;2022;2022;10143;Salário médio mensal em reais;Reais;1953.49;1953.49;disponivel
N6;Município;2302602;Camocim - CE;2022;2022;10143;Salário médio mensal em reais;Reais;1685.49;1685.49;disponivel
N6;Município;2302701;Campos Sales - CE;2022;2022;10143;Salário médio mensal em reais;Reais;1752.61;1752.61;disponivel
N6;Município;2302800;Canindé - CE;2022;2022;10143;Salário médio mensal em reais;Reais;2320.99;2320.99;disponivel
N6;Município;2302909;Capistrano - CE;2022;2022;10143;Salário médio mensal em reais;Reais;2213.67;2213.67;disponivel
N6;Município;2303006;Caridade - CE;2022;2022;10143;Salário médio mensal em reais;Reais;2199.04;2199.04;disponivel
N6;Município;2303105;Cariré - CE;2022;2022;10143;Salário médio mensal em reais;Reais;1576.68;1576.68;disponivel
N6;Município;2303204;Caririaçu - CE;2022;2022;10143;Salário médio mensal em reais;Reais;2082.83;2082.83;disponivel
N6;Município;2303303;Cariús - CE;2022;2022;10143;Salário médio mensal em reais;Reais;2098.06;2098.06;disponivel
N6;Município;2303402;Carnaubal - CE;2022;2022;10143;Salário médio mensal em reais;Reais;1952.95;1952.95;disponivel
N6;Município;2303501;Cascavel - CE;2022;2022;10143;Salário médio mensal em reais;Reais;1934.71;1934.71;disponivel
N6;Município;2303600;Catarina - CE;2022;2022;10143;Salário médio mensal em reais;Reais;2128.25;2128.25;disponivel
N6;Município;2303659;Catunda - CE;2022;2022;10143;Salário médio mensal em reais;Reais;2640.8;2640.8;disponivel
N6;Município;2303709;Caucaia - CE;2022;2022;10143;Salário médio mensal em reais;Reais;2395.77;2395.77;disponivel
N6;Município;2303808;Cedro - CE;2022;2022;10143;Salário médio mensal em reais;Reais;2210.09;2210.09;disponivel
N6;Município;2303907;Chaval - CE;2022;2022;10143;Salário médio mensal em reais;Reais;1286.29;1286.29;disponivel
N6;Município;2303931;Choró - CE;2022;2022;10143;Salário médio mensal em reais;Reais;2341.26;2341.26;disponivel
N6;Município;2303956;Chorozinho - CE;2022;2022;10143;Salário médio mensal em reais;Reais;1891.06;1891.06;disponivel
N6;Município;2304004;Coreaú - CE;2022;2022;10143;Salário médio mensal em reais;Reais;1910.68;1910.68;disponivel
N6;Município;2304103;Crateús - CE;2022;2022;10143;Salário médio mensal em reais;Reais;2097.21;2097.21;disponivel
N6;Município;2304202;Crato - CE;2022;2022;10143;Salário médio mensal em reais;Reais;2354.18;2354.18;disponivel
N6;Município;2304236;Croatá - CE;2022;2022;10143;Salário médio mensal em reais;Reais;2254.56;2254.56;disponivel
N6;Município;2304251;Cruz - CE;2022;2022;10143;Salário médio mensal em reais;Reais;1951.52;1951.52;disponivel
N6;Município;2304269;Deputado Irapuan Pinheiro - CE;2022;2022;10143;Salário médio mensal em reais;Reais;2055.06;2055.06;disponivel
N6;Município;2304277;Ereré - CE;2022;2022;10143;Salário médio mensal em reais;Reais;2050.18;2050.18;disponivel
N6;Município;2304285;Eusébio - CE;2022;2022;10143;Salário médio mensal em reais;Reais;2682.26;2682.26;disponivel
N6;Município;2304301;Farias Brito - CE;2022;2022;10143;Salário médio mensal em reais;Reais;2272.55;2272.55;disponivel
N6;Município;2304350;Forquilha - CE;2022;2022;10143;Salário médio mensal em reais;Reais;1822.06;1822.06;disponivel
N6;Município;2304400;Fortaleza - CE;2022;2022;10143;Salário médio mensal em reais;Reais;3398.34;3398.34;disponivel
N6;Município;2304459;Fortim - CE;2022;2022;10143;Salário médio mensal em reais;Reais;1967.74;1967.74;disponivel
N6;Município;2304509;Frecheirinha - CE;2022;2022;10143;Salário médio mensal em reais;Reais;1649.55;1649.55;disponivel
N6;Município;2304608;General Sampaio - CE;2022;2022;10143;Salário médio mensal em reais;Reais;2053.76;2053.76;disponivel
N6;Município;2304657;Graça - CE;2022;2022;10143;Salário médio mensal em reais;Reais;2661.39;2661.39;disponivel
N6;Município;2304707;Granja - CE;2022;2022;10143;Salário médio mensal em reais;Reais;2025.1;2025.1;disponivel
N6;Município;2304806;Granjeiro - CE;2022;2022;10143;Salário médio mensal em reais;Reais;1702.83;1702.83;disponivel
N6;Município;2304905;Groaíras - CE;2022;2022;10143;Salário médio mensal em reais;Reais;1824.91;1824.91;disponivel
N6;Município;2304954;Guaiúba - CE;2022;2022;10143;Salário médio mensal em reais;Reais;1944.78;1944.78;disponivel
N6;Município;2305001;Guaraciaba do Norte - CE;2022;2022;10143;Salário médio mensal em reais;Reais;2159.72;2159.72;disponivel
N6;Município;2305100;Guaramiranga - CE;2022;2022;10143;Salário médio mensal em reais;Reais;1736.05;1736.05;disponivel
N6;Município;2305209;Hidrolândia - CE;2022;2022;10143;Salário médio mensal em reais;Reais;1921.85;1921.85;disponivel
N6;Município;2305233;Horizonte - CE;2022;2022;10143;Salário médio mensal em reais;Reais;1875.79;1875.79;disponivel
N6;Município;2305266;Ibaretama - CE;2022;2022;10143;Salário médio mensal em reais;Reais;2229.77;2229.77;disponivel
N6;Município;2305308;Ibiapina - CE;2022;2022;10143;Salário médio mensal em reais;Reais;2207.16;2207.16;disponivel
N6;Município;2305332;Ibicuitinga - CE;2022;2022;10143;Salário médio mensal em reais;Reais;1990.84;1990.84;disponivel
N6;Município;2305357;Icapuí - CE;2022;2022;10143;Salário médio mensal em reais;Reais;2227.64;2227.64;disponivel
N6;Município;2305407;Icó - CE;2022;2022;10143;Salário médio mensal em reais;Reais;1893.53;1893.53;disponivel
N6;Município;2305506;Iguatu - CE;2022;2022;10143;Salário médio mensal em reais;Reais;1927.93;1927.93;disponivel
N6;Município;2305605;Independência - CE;2022;2022;10143;Salário médio mensal em reais;Reais;2157.38;2157.38;disponivel
N6;Município;2305654;Ipaporanga - CE;2022;2022;10143;Salário médio mensal em reais;Reais;1532.72;1532.72;disponivel
N6;Município;2305704;Ipaumirim - CE;2022;2022;10143;Salário médio mensal em reais;Reais;1858.98;1858.98;disponivel
N6;Município;2305803;Ipu - CE;2022;2022;10143;Salário médio mensal em reais;Reais;1889.52;1889.52;disponivel
N6;Município;2305902;Ipueiras - CE;2022;2022;10143;Salário médio mensal em reais;Reais;2137.2;2137.2;disponivel
N6;Município;2306009;Iracema - CE;2022;2022;10143;Salário médio mensal em reais;Reais;2695.7;2695.7;disponivel
N6;Município;2306108;Irauçuba - CE;2022;2022;10143;Salário médio mensal em reais;Reais;2058.87;2058.87;disponivel
N6;Município;2306207;Itaiçaba - CE;2022;2022;10143;Salário médio mensal em reais;Reais;1785.31;1785.31;disponivel
N6;Município;2306256;Itaitinga - CE;2022;2022;10143;Salário médio mensal em reais;Reais;2649.97;2649.97;disponivel
N6;Município;2306306;Itapajé - CE;2022;2022;10143;Salário médio mensal em reais;Reais;1856.63;1856.63;disponivel
N6;Município;2306405;Itapipoca - CE;2022;2022;10143;Salário médio mensal em reais;Reais;2085.93;2085.93;disponivel
N6;Município;2306504;Itapiúna - CE;2022;2022;10143;Salário médio mensal em reais;Reais;2191.67;2191.67;disponivel
N6;Município;2306553;Itarema - CE;2022;2022;10143;Salário médio mensal em reais;Reais;2613.04;2613.04;disponivel
N6;Município;2306603;Itatira - CE;2022;2022;10143;Salário médio mensal em reais;Reais;1683.0;1683.0;disponivel
N6;Município;2306702;Jaguaretama - CE;2022;2022;10143;Salário médio mensal em reais;Reais;2094.96;2094.96;disponivel
N6;Município;2306801;Jaguaribara - CE;2022;2022;10143;Salário médio mensal em reais;Reais;2171.54;2171.54;disponivel
N6;Município;2306900;Jaguaribe - CE;2022;2022;10143;Salário médio mensal em reais;Reais;2473.71;2473.71;disponivel
N6;Município;2307007;Jaguaruana - CE;2022;2022;10143;Salário médio mensal em reais;Reais;1767.73;1767.73;disponivel
N6;Município;2307106;Jardim - CE;2022;2022;10143;Salário médio mensal em reais;Reais;2369.3;2369.3;disponivel
N6;Município;2307205;Jati - CE;2022;2022;10143;Salário médio mensal em reais;Reais;1958.13;1958.13;disponivel
N6;Município;2307254;Jijoca de Jericoacoara - CE;2022;2022;10143;Salário médio mensal em reais;Reais;1795.17;1795.17;disponivel
N6;Município;2307304;Juazeiro do Norte - CE;2022;2022;10143;Salário médio mensal em reais;Reais;2196.61;2196.61;disponivel
N6;Município;2307403;Jucás - CE;2022;2022;10143;Salário médio mensal em reais;Reais;2414.96;2414.96;disponivel
N6;Município;2307502;Lavras da Mangabeira - CE;2022;2022;10143;Salário médio mensal em reais;Reais;2279.65;2279.65;disponivel
N6;Município;2307601;Limoeiro do Norte - CE;2022;2022;10143;Salário médio mensal em reais;Reais;2111.93;2111.93;disponivel
N6;Município;2307635;Madalena - CE;2022;2022;10143;Salário médio mensal em reais;Reais;2183.44;2183.44;disponivel
N6;Município;2307650;Maracanaú - CE;2022;2022;10143;Salário médio mensal em reais;Reais;2651.87;2651.87;disponivel
N6;Município;2307700;Maranguape - CE;2022;2022;10143;Salário médio mensal em reais;Reais;2039.06;2039.06;disponivel
N6;Município;2307809;Marco - CE;2022;2022;10143;Salário médio mensal em reais;Reais;2043.93;2043.93;disponivel
N6;Município;2307908;Martinópole - CE;2022;2022;10143;Salário médio mensal em reais;Reais;1727.46;1727.46;disponivel
N6;Município;2308005;Massapê - CE;2022;2022;10143;Salário médio mensal em reais;Reais;1788.05;1788.05;disponivel
N6;Município;2308104;Mauriti - CE;2022;2022;10143;Salário médio mensal em reais;Reais;2119.44;2119.44;disponivel
N6;Município;2308203;Meruoca - CE;2022;2022;10143;Salário médio mensal em reais;Reais;2172.99;2172.99;disponivel
N6;Município;2308302;Milagres - CE;2022;2022;10143;Salário médio mensal em reais;Reais;2218.25;2218.25;disponivel
N6;Município;2308351;Milhã - CE;2022;2022;10143;Salário médio mensal em reais;Reais;2448.05;2448.05;disponivel
N6;Município;2308377;Miraíma - CE;2022;2022;10143;Salário médio mensal em reais;Reais;1200.74;1200.74;disponivel
N6;Município;2308401;Missão Velha - CE;2022;2022;10143;Salário médio mensal em reais;Reais;2152.27;2152.27;disponivel
N6;Município;2308500;Mombaça - CE;2022;2022;10143;Salário médio mensal em reais;Reais;2014.03;2014.03;disponivel
N6;Município;2308609;Monsenhor Tabosa - CE;2022;2022;10143;Salário médio mensal em reais;Reais;2138.07;2138.07;disponivel
N6;Município;2308708;Morada Nova - CE;2022;2022;10143;Salário médio mensal em reais;Reais;2002.44;2002.44;disponivel
N6;Município;2308807;Moraújo - CE;2022;2022;10143;Salário médio mensal em reais;Reais;1687.18;1687.18;disponivel
N6;Município;2308906;Morrinhos - CE;2022;2022;10143;Salário médio mensal em reais;Reais;1943.63;1943.63;disponivel
N6;Município;2309003;Mucambo - CE;2022;2022;10143;Salário médio mensal em reais;Reais;1448.11;1448.11;disponivel
N6;Município;2309102;Mulungu - CE;2022;2022;10143;Salário médio mensal em reais;Reais;1936.44;1936.44;disponivel
N6;Município;2309201;Nova Olinda - CE;2022;2022;10143;Salário médio mensal em reais;Reais;1921.58;1921.58;disponivel
N6;Município;2309300;Nova Russas - CE;2022;2022;10143;Salário médio mensal em reais;Reais;1945.92;1945.92;disponivel
N6;Município;2309409;Novo Oriente - CE;2022;2022;10143;Salário médio mensal em reais;Reais;2151.63;2151.63;disponivel
N6;Município;2309458;Ocara - CE;2022;2022;10143;Salário médio mensal em reais;Reais;2217.35;2217.35;disponivel
N6;Município;2309508;Orós - CE;2022;2022;10143;Salário médio mensal em reais;Reais;2231.29;2231.29;disponivel
N6;Município;2309607;Pacajus - CE;2022;2022;10143;Salário médio mensal em reais;Reais;2167.78;2167.78;disponivel
N6;Município;2309706;Pacatuba - CE;2022;2022;10143;Salário médio mensal em reais;Reais;2120.53;2120.53;disponivel
N6;Município;2309805;Pacoti - CE;2022;2022;10143;Salário médio mensal em reais;Reais;1995.56;1995.56;disponivel
N6;Município;2309904;Pacujá - CE;2022;2022;10143;Salário médio mensal em reais;Reais;1793.03;1793.03;disponivel
N6;Município;2310001;Palhano - CE;2022;2022;10143;Salário médio mensal em reais;Reais;2018.14;2018.14;disponivel
N6;Município;2310100;Palmácia - CE;2022;2022;10143;Salário médio mensal em reais;Reais;2080.41;2080.41;disponivel
N6;Município;2310209;Paracuru - CE;2022;2022;10143;Salário médio mensal em reais;Reais;2308.43;2308.43;disponivel
N6;Município;2310258;Paraipaba - CE;2022;2022;10143;Salário médio mensal em reais;Reais;2149.41;2149.41;disponivel
N6;Município;2310308;Parambu - CE;2022;2022;10143;Salário médio mensal em reais;Reais;1318.49;1318.49;disponivel
N6;Município;2310407;Paramoti - CE;2022;2022;10143;Salário médio mensal em reais;Reais;2047.52;2047.52;disponivel
N6;Município;2310506;Pedra Branca - CE;2022;2022;10143;Salário médio mensal em reais;Reais;1640.47;1640.47;disponivel
N6;Município;2310605;Penaforte - CE;2022;2022;10143;Salário médio mensal em reais;Reais;1926.09;1926.09;disponivel
N6;Município;2310704;Pentecoste - CE;2022;2022;10143;Salário médio mensal em reais;Reais;1940.47;1940.47;disponivel
N6;Município;2310803;Pereiro - CE;2022;2022;10143;Salário médio mensal em reais;Reais;1892.74;1892.74;disponivel
N6;Município;2310852;Pindoretama - CE;2022;2022;10143;Salário médio mensal em reais;Reais;1900.21;1900.21;disponivel
N6;Município;2310902;Piquet Carneiro - CE;2022;2022;10143;Salário médio mensal em reais;Reais;2113.32;2113.32;disponivel
N6;Município;2310951;Pires Ferreira - CE;2022;2022;10143;Salário médio mensal em reais;Reais;1490.19;1490.19;disponivel
N6;Município;2311009;Poranga - CE;2022;2022;10143;Salário médio mensal em reais;Reais;2378.2;2378.2;disponivel
N6;Município;2311108;Porteiras - CE;2022;2022;10143;Salário médio mensal em reais;Reais;2131.59;2131.59;disponivel
N6;Município;2311207;Potengi - CE;2022;2022;10143;Salário médio mensal em reais;Reais;2130.08;2130.08;disponivel
N6;Município;2311231;Potiretama - CE;2022;2022;10143;Salário médio mensal em reais;Reais;1796.37;1796.37;disponivel
N6;Município;2311264;Quiterianópolis - CE;2022;2022;10143;Salário médio mensal em reais;Reais;1821.19;1821.19;disponivel
N6;Município;2311306;Quixadá - CE;2022;2022;10143;Salário médio mensal em reais;Reais;2184.36;2184.36;disponivel
N6;Município;2311355;Quixelô - CE;2022;2022;10143;Salário médio mensal em reais;Reais;2085.18;2085.18;disponivel
N6;Município;2311405;Quixeramobim - CE;2022;2022;10143;Salário médio mensal em reais;Reais;1973.75;1973.75;disponivel
N6;Município;2311504;Quixeré - CE;2022;2022;10143;Salário médio mensal em reais;Reais;2580.79;2580.79;disponivel
N6;Município;2311603;Redenção - CE;2022;2022;10143;Salário médio mensal em reais;Reais;3866.41;3866.41;disponivel
N6;Município;2311702;Reriutaba - CE;2022;2022;10143;Salário médio mensal em reais;Reais;1872.6;1872.6;disponivel
N6;Município;2311801;Russas - CE;2022;2022;10143;Salário médio mensal em reais;Reais;1873.45;1873.45;disponivel
N6;Município;2311900;Saboeiro - CE;2022;2022;10143;Salário médio mensal em reais;Reais;1920.81;1920.81;disponivel
N6;Município;2311959;Salitre - CE;2022;2022;10143;Salário médio mensal em reais;Reais;1587.26;1587.26;disponivel
N6;Município;2312007;Santana do Acaraú - CE;2022;2022;10143;Salário médio mensal em reais;Reais;1973.84;1973.84;disponivel
N6;Município;2312106;Santana do Cariri - CE;2022;2022;10143;Salário médio mensal em reais;Reais;2208.87;2208.87;disponivel
N6;Município;2312205;Santa Quitéria - CE;2022;2022;10143;Salário médio mensal em reais;Reais;1918.52;1918.52;disponivel
N6;Município;2312304;São Benedito - CE;2022;2022;10143;Salário médio mensal em reais;Reais;2001.6;2001.6;disponivel
N6;Município;2312403;São Gonçalo do Amarante - CE;2022;2022;10143;Salário médio mensal em reais;Reais;4161.44;4161.44;disponivel
N6;Município;2312502;São João do Jaguaribe - CE;2022;2022;10143;Salário médio mensal em reais;Reais;1923.68;1923.68;disponivel
N6;Município;2312601;São Luís do Curu - CE;2022;2022;10143;Salário médio mensal em reais;Reais;2209.79;2209.79;disponivel
N6;Município;2312700;Senador Pompeu - CE;2022;2022;10143;Salário médio mensal em reais;Reais;1730.28;1730.28;disponivel
N6;Município;2312809;Senador Sá - CE;2022;2022;10143;Salário médio mensal em reais;Reais;1828.75;1828.75;disponivel
N6;Município;2312908;Sobral - CE;2022;2022;10143;Salário médio mensal em reais;Reais;2364.37;2364.37;disponivel
N6;Município;2313005;Solonópole - CE;2022;2022;10143;Salário médio mensal em reais;Reais;1522.12;1522.12;disponivel
N6;Município;2313104;Tabuleiro do Norte - CE;2022;2022;10143;Salário médio mensal em reais;Reais;1976.77;1976.77;disponivel
N6;Município;2313203;Tamboril - CE;2022;2022;10143;Salário médio mensal em reais;Reais;2593.89;2593.89;disponivel
N6;Município;2313252;Tarrafas - CE;2022;2022;10143;Salário médio mensal em reais;Reais;2100.42;2100.42;disponivel
N6;Município;2313302;Tauá - CE;2022;2022;10143;Salário médio mensal em reais;Reais;1996.05;1996.05;disponivel
N6;Município;2313351;Tejuçuoca - CE;2022;2022;10143;Salário médio mensal em reais;Reais;2006.04;2006.04;disponivel
N6;Município;2313401;Tianguá - CE;2022;2022;10143;Salário médio mensal em reais;Reais;2117.08;2117.08;disponivel
N6;Município;2313500;Trairi - CE;2022;2022;10143;Salário médio mensal em reais;Reais;2349.91;2349.91;disponivel
N6;Município;2313559;Tururu - CE;2022;2022;10143;Salário médio mensal em reais;Reais;2005.1;2005.1;disponivel
N6;Município;2313609;Ubajara - CE;2022;2022;10143;Salário médio mensal em reais;Reais;2357.92;2357.92;disponivel
N6;Município;2313708;Umari - CE;2022;2022;10143;Salário médio mensal em reais;Reais;1858.58;1858.58;disponivel
N6;Município;2313757;Umirim - CE;2022;2022;10143;Salário médio mensal em reais;Reais;2119.53;2119.53;disponivel
N6;Município;2313807;Uruburetama - CE;2022;2022;10143;Salário médio mensal em reais;Reais;1733.05;1733.05;disponivel
N6;Município;2313906;Uruoca - CE;2022;2022;10143;Salário médio mensal em reais;Reais;2252.89;2252.89;disponivel
N6;Município;2313955;Varjota - CE;2022;2022;10143;Salário médio mensal em reais;Reais;1670.14;1670.14;disponivel
N6;Município;2314003;Várzea Alegre - CE;2022;2022;10143;Salário médio mensal em reais;Reais;1990.99;1990.99;disponivel
N6;Município;2314102;Viçosa do Ceará - CE;2022;2022;10143;Salário médio mensal em reais;Reais;2092.28;2092.28;disponivel
