nivel_territorial_codigo;nivel_territorial_nome;territorio_codigo;territorio_nome;ano_codigo;ano_nome;variavel_codigo;variavel_nome;unidade;valor;valor_numerico;status_valor
N1;Brasil;1;Brasil;2021;2021;37;Produto Interno Bruto a preços correntes;Mil Reais;9012142000.0;9012142000.0;disponivel
N3;Unidade da Federação;23;Ceará;2021;2021;37;Produto Interno Bruto a preços correntes;Mil Reais;194884802.0;194884802.0;disponivel
N6;Município;2300101;Abaiara - CE;2021;2021;37;Produto Interno Bruto a preços correntes;Mil Reais;117971.0;117971.0;disponivel
N6;Município;2300150;Acarape - CE;2021;2021;37;Produto Interno Bruto a preços correntes;Mil Reais;179994.0;179994.0;disponivel
N6;Município;2300200;Acaraú - CE;2021;2021;37;Produto Interno Bruto a preços correntes;Mil Reais;1020201.0;1020201.0;disponivel
N6;Município;2300309;Acopiara - CE;2021;2021;37;Produto Interno Bruto a preços correntes;Mil Reais;564520.0;564520.0;disponivel
N6;Município;2300408;Aiuaba - CE;2021;2021;37;Produto Interno Bruto a preços correntes;Mil Reais;151596.0;151596.0;disponivel
N6;Município;2300507;Alcântaras - CE;2021;2021;37;Produto Interno Bruto a preços correntes;Mil Reais;98202.0;98202.0;disponivel
N6;Município;2300606;Altaneira - CE;2021;2021;37;Produto Interno Bruto a preços correntes;Mil Reais;74654.0;74654.0;disponivel
N6;Município;2300705;Alto Santo - CE;2021;2021;37;Produto Interno Bruto a preços correntes;Mil Reais;232268.0;232268.0;disponivel
N6;Município;2300754;Amontada - CE;2021;2021;37;Produto Interno Bruto a preços correntes;Mil Reais;665472.0;665472.0;disponivel
N6;Município;2300804;Antonina do Norte - CE;2021;2021;37;Produto Interno Bruto a preços correntes;Mil Reais;78953.0;78953.0;disponivel
N6;Município;2300903;Apuiarés - CE;2021;2021;37;Produto Interno Bruto a preços correntes;Mil Reais;120978.0;120978.0;disponivel
N6;Município;2301000;Aquiraz - CE;2021;2021;37;Produto Interno Bruto a preços correntes;Mil Reais;3854401.0;3854401.0;disponivel
N6;Município;2301109;Aracati - CE;2021;2021;37;Produto Interno Bruto a preços correntes;Mil Reais;1706227.0;1706227.0;disponivel
N6;Município;2301208;Aracoiaba - CE;2021;2021;37;Produto Interno Bruto a preços correntes;Mil Reais;266422.0;266422.0;disponivel
N6;Município;2301257;Ararendá - CE;2021;2021;37;Produto Interno Bruto a preços correntes;Mil Reais;106784.0;106784.0;disponivel
N6;Município;2301307;Araripe - CE;2021;2021;37;Produto Interno Bruto a preços correntes;Mil Reais;207982.0;207982.0;disponivel
N6;Município;2301406;Aratuba - CE;2021;2021;37;Produto Interno Bruto a preços correntes;Mil Reais;151645.0;151645.0;disponivel
N6;Município;2301505;Arneiroz - CE;2021;2021;37;Produto Interno Bruto a preços correntes;Mil Reais;70224.0;70224.0;disponivel
N6;Município;2301604;Assaré - CE;2021;2021;37;Produto Interno Bruto a preços correntes;Mil Reais;237259.0;237259.0;disponivel
N6;Município;2301703;Aurora - CE;2021;2021;37;Produto Interno Bruto a preços correntes;Mil Reais;216792.0;216792.0;disponivel
N6;Município;2301802;Baixio - CE;2021;2021;37;Produto Interno Bruto a preços correntes;Mil Reais;67541.0;67541.0;disponivel
N6;Município;2301851;Banabuiú - CE;2021;2021;37;Produto Interno Bruto a preços correntes;Mil Reais;260031.0;260031.0;disponivel
N6;Município;2301901;Barbalha - CE;2021;2021;37;Produto Interno Bruto a preços correntes;Mil Reais;1345205.0;1345205.0;disponivel
N6;Município;2301950;Barreira - CE;2021;2021;37;Produto Interno Bruto a preços correntes;Mil Reais;240016.0;240016.0;disponivel
N6;Município;2302008;Barro - CE;2021;2021;37;Produto Interno Bruto a preços correntes;Mil Reais;242027.0;242027.0;disponivel
N6;Município;2302057;Barroquinha - CE;2021;2021;37;Produto Interno Bruto a preços correntes;Mil Reais;133335.0;133335.0;disponivel
N6;Município;2302107;Baturité - CE;2021;2021;37;Produto Interno Bruto a preços correntes;Mil Reais;448272.0;448272.0;disponivel
N6;Município;2302206;Beberibe - CE;2021;2021;37;Produto Interno Bruto a preços correntes;Mil Reais;1059006.0;1059006.0;disponivel
N6;Município;2302305;Bela Cruz - CE;2021;2021;37;Produto Interno Bruto a preços correntes;Mil Reais;322244.0;322244.0;disponivel
N6;Município;2302404;Boa Viagem - CE;2021;2021;37;Produto Interno Bruto a preços correntes;Mil Reais;539218.0;539218.0;disponivel
N6;Município;2302503;Brejo Santo - CE;2021;2021;37;Produto Interno Bruto a preços correntes;Mil Reais;817034.0;817034.0;disponivel
N6;Município;2302602;Camocim - CE;2021;2021;37;Produto Interno Bruto a preços correntes;Mil Reais;839500.0;839500.0;disponivel
N6;Município;2302701;Campos Sales - CE;2021;2021;37;Produto Interno Bruto a preços correntes;Mil Reais;292357.0;292357.0;disponivel
N6;Município;2302800;Canindé - CE;2021;2021;37;Produto Interno Bruto a preços correntes;Mil Reais;911356.0;911356.0;disponivel
N6;Município;2302909;Capistrano - CE;2021;2021;37;Produto Interno Bruto a preços correntes;Mil Reais;176809.0;176809.0;disponivel
N6;Município;2303006;Caridade - CE;2021;2021;37;Produto Interno Bruto a preços correntes;Mil Reais;186169.0;186169.0;disponivel
N6;Município;2303105;Cariré - CE;2021;2021;37;Produto Interno Bruto a preços correntes;Mil Reais;193105.0;193105.0;disponivel
N6;Município;2303204;Caririaçu - CE;2021;2021;37;Produto Interno Bruto a preços correntes;Mil Reais;253127.0;253127.0;disponivel
N6;Município;2303303;Cariús - CE;2021;2021;37;Produto Interno Bruto a preços correntes;Mil Reais;180984.0;180984.0;disponivel
N6;Município;2303402;Carnaubal - CE;2021;2021;37;Produto Interno Bruto a preços correntes;Mil Reais;166772.0;166772.0;disponivel
N6;Município;2303501;Cascavel - CE;2021;2021;37;Produto Interno Bruto a preços correntes;Mil Reais;1074377.0;1074377.0;disponivel
N6;Município;2303600;Catarina - CE;2021;2021;37;Produto Interno Bruto a preços correntes;Mil Reais;154108.0;154108.0;disponivel
N6;Município;2303659;Catunda - CE;2021;2021;37;Produto Interno Bruto a preços correntes;Mil Reais;112081.0;112081.0;disponivel
N6;Município;2303709;Caucaia - CE;2021;2021;37;Produto Interno Bruto a preços correntes;Mil Reais;10422701.0;10422701.0;disponivel
N6;Município;2303808;Cedro - CE;2021;2021;37;Produto Interno Bruto a preços correntes;Mil Reais;247325.0;247325.0;disponivel
N6;Município;2303907;Chaval - CE;2021;2021;37;Produto Interno Bruto a preços correntes;Mil Reais;110318.0;110318.0;disponivel
N6;Município;2303931;Choró - CE;2021;2021;37;Produto Interno Bruto a preços correntes;Mil Reais;178989.0;178989.0;disponivel
N6;Município;2303956;Chorozinho - CE;2021;2021;37;Produto Interno Bruto a preços correntes;Mil Reais;260273.0;260273.0;disponivel
N6;Município;2304004;Coreaú - CE;2021;2021;37;Produto Interno Bruto a preços correntes;Mil Reais;225090.0;225090.0;disponivel
N6;Município;2304103;Crateús - CE;2021;2021;37;Produto Interno Bruto a preços correntes;Mil Reais;952649.0;952649.0;disponivel
N6;Município;2304202;Crato - CE;2021;2021;37;Produto Interno Bruto a preços correntes;Mil Reais;1871587.0;1871587.0;disponivel
N6;Município;2304236;Croatá - CE;2021;2021;37;Produto Interno Bruto a preços correntes;Mil Reais;224437.0;224437.0;disponivel
N6;Município;2304251;Cruz - CE;2021;2021;37;Produto Interno Bruto a preços correntes;Mil Reais;372681.0;372681.0;disponivel
N6;Município;2304269;Deputado Irapuan Pinheiro - CE;2021;2021;37;Produto Interno Bruto a preços correntes;Mil Reais;100883.0;100883.0;disponivel
N6;Município;2304277;Ereré - CE;2021;2021;37;Produto Interno Bruto a preços correntes;Mil Reais;80690.0;80690.0;disponivel
N6;Município;2304285;Eusébio - CE;2021;2021;37;Produto Interno Bruto a preços correntes;Mil Reais;3577497.0;3577497.0;disponivel
N6;Município;2304301;Farias Brito - CE;2021;2021;37;Produto Interno Bruto a preços correntes;Mil Reais;202248.0;202248.0;disponivel
N6;Município;2304350;Forquilha - CE;2021;2021;37;Produto Interno Bruto a preços correntes;Mil Reais;304957.0;304957.0;disponivel
N6;Município;2304400;Fortaleza - CE;2021;2021;37;Produto Interno Bruto a preços correntes;Mil Reais;73437739.0;73437739.0;disponivel
N6;Município;2304459;Fortim - CE;2021;2021;37;Produto Interno Bruto a preços correntes;Mil Reais;312460.0;312460.0;disponivel
N6;Município;2304509;Frecheirinha - CE;2021;2021;37;Produto Interno Bruto a preços correntes;Mil Reais;275921.0;275921.0;disponivel
N6;Município;2304608;General Sampaio - CE;2021;2021;37;Produto Interno Bruto a preços correntes;Mil Reais;86963.0;86963.0;disponivel
N6;Município;2304657;Graça - CE;2021;2021;37;Produto Interno Bruto a preços correntes;Mil Reais;129711.0;129711.0;disponivel
N6;Município;2304707;Granja - CE;2021;2021;37;Produto Interno Bruto a preços correntes;Mil Reais;469407.0;469407.0;disponivel
N6;Município;2304806;Granjeiro - CE;2021;2021;37;Produto Interno Bruto a preços correntes;Mil Reais;51337.0;51337.0;disponivel
N6;Município;2304905;Groaíras - CE;2021;2021;37;Produto Interno Bruto a preços correntes;Mil Reais;110755.0;110755.0;disponivel
N6;Município;2304954;Guaiúba - CE;2021;2021;37;Produto Interno Bruto a preços correntes;Mil Reais;231993.0;231993.0;disponivel
N6;Município;2305001;Guaraciaba do Norte - CE;2021;2021;37;Produto Interno Bruto a preços correntes;Mil Reais;669209.0;669209.0;disponivel
N6;Município;2305100;Guaramiranga - CE;2021;2021;37;Produto Interno Bruto a preços correntes;Mil Reais;80396.0;80396.0;disponivel
N6;Município;2305209;Hidrolândia - CE;2021;2021;37;Produto Interno Bruto a preços correntes;Mil Reais;185025.0;185025.0;disponivel
N6;Município;2305233;Horizonte - CE;2021;2021;37;Produto Interno Bruto a preços correntes;Mil Reais;2116782.0;2116782.0;disponivel
N6;Município;2305266;Ibaretama - CE;2021;2021;37;Produto Interno Bruto a preços correntes;Mil Reais;132265.0;132265.0;disponivel
N6;Município;2305308;Ibiapina - CE;2021;2021;37;Produto Interno Bruto a preços correntes;Mil Reais;348540.0;348540.0;disponivel
N6;Município;2305332;Ibicuitinga - CE;2021;2021;37;Produto Interno Bruto a preços correntes;Mil Reais;124951.0;124951.0;disponivel
N6;Município;2305357;Icapuí - CE;2021;2021;37;Produto Interno Bruto a preços correntes;Mil Reais;411021.0;411021.0;disponivel
N6;Município;2305407;Icó - CE;2021;2021;37;Produto Interno Bruto a preços correntes;Mil Reais;737489.0;737489.0;disponivel
N6;Município;2305506;Iguatu - CE;2021;2021;37;Produto Interno Bruto a preços correntes;Mil Reais;1904815.0;1904815.0;disponivel
N6;Município;2305605;Independência - CE;2021;2021;37;Produto Interno Bruto a preços correntes;Mil Reais;306809.0;306809.0;disponivel
N6;Município;2305654;Ipaporanga - CE;2021;2021;37;Produto Interno Bruto a preços correntes;Mil Reais;114127.0;114127.0;disponivel
N6;Município;2305704;Ipaumirim - CE;2021;2021;37;Produto Interno Bruto a preços correntes;Mil Reais;143451.0;143451.0;disponivel
N6;Município;2305803;Ipu - CE;2021;2021;37;Produto Interno Bruto a preços correntes;Mil Reais;519845.0;519845.0;disponivel
N6;Município;2305902;Ipueiras - CE;2021;2021;37;Produto Interno Bruto a preços correntes;Mil Reais;328115.0;328115.0;disponivel
N6;Município;2306009;Iracema - CE;2021;2021;37;Produto Interno Bruto a preços correntes;Mil Reais;195282.0;195282.0;disponivel
N6;Município;2306108;Irauçuba - CE;2021;2021;37;Produto Interno Bruto a preços correntes;Mil Reais;220294.0;220294.0;disponivel
N6;Município;2306207;Itaiçaba - CE;2021;2021;37;Produto Interno Bruto a preços correntes;Mil Reais;82855.0;82855.0;disponivel
N6;Município;2306256;Itaitinga - CE;2021;2021;37;Produto Interno Bruto a preços correntes;Mil Reais;1258826.0;1258826.0;disponivel
N6;Município;2306306;Itapajé - CE;2021;2021;37;Produto Interno Bruto a preços correntes;Mil Reais;594581.0;594581.0;disponivel
N6;Município;2306405;Itapipoca - CE;2021;2021;37;Produto Interno Bruto a preços correntes;Mil Reais;1784007.0;1784007.0;disponivel
N6;Município;2306504;Itapiúna - CE;2021;2021;37;Produto Interno Bruto a preços correntes;Mil Reais;170314.0;170314.0;disponivel
N6;Município;2306553;Itarema - CE;2021;2021;37;Produto Interno Bruto a preços correntes;Mil Reais;766786.0;766786.0;disponivel
N6;Município;2306603;Itatira - CE;2021;2021;37;Produto Interno Bruto a preços correntes;Mil Reais;174029.0;174029.0;disponivel
N6;Município;2306702;Jaguaretama - CE;2021;2021;37;Produto Interno Bruto a preços correntes;Mil Reais;226644.0;226644.0;disponivel
N6;Município;2306801;Jaguaribara - CE;2021;2021;37;Produto Interno Bruto a preços correntes;Mil Reais;154002.0;154002.0;disponivel
N6;Município;2306900;Jaguaribe - CE;2021;2021;37;Produto Interno Bruto a preços correntes;Mil Reais;561175.0;561175.0;disponivel
N6;Município;2307007;Jaguaruana - CE;2021;2021;37;Produto Interno Bruto a preços correntes;Mil Reais;566961.0;566961.0;disponivel
N6;Município;2307106;Jardim - CE;2021;2021;37;Produto Interno Bruto a preços correntes;Mil Reais;294154.0;294154.0;disponivel
N6;Município;2307205;Jati - CE;2021;2021;37;Produto Interno Bruto a preços correntes;Mil Reais;129729.0;129729.0;disponivel
N6;Município;2307254;Jijoca de Jericoacoara - CE;2021;2021;37;Produto Interno Bruto a preços correntes;Mil Reais;551638.0;551638.0;disponivel
N6;Município;2307304;Juazeiro do Norte - CE;2021;2021;37;Produto Interno Bruto a preços correntes;Mil Reais;5114786.0;5114786.0;disponivel
N6;Município;2307403;Jucás - CE;2021;2021;37;Produto Interno Bruto a preços correntes;Mil Reais;319373.0;319373.0;disponivel
N6;Município;2307502;Lavras da Mangabeira - CE;2021;2021;37;Produto Interno Bruto a preços correntes;Mil Reais;343304.0;343304.0;disponivel
N6;Município;2307601;Limoeiro do Norte - CE;2021;2021;37;Produto Interno Bruto a preços correntes;Mil Reais;1423366.0;1423366.0;disponivel
N6;Município;2307635;Madalena - CE;2021;2021;37;Produto Interno Bruto a preços correntes;Mil Reais;174831.0;174831.0;disponivel
N6;Município;2307650;Maracanaú - CE;2021;2021;37;Produto Interno Bruto a preços correntes;Mil Reais;12336717.0;12336717.0;disponivel
N6;Município;2307700;Maranguape - CE;2021;2021;37;Produto Interno Bruto a preços correntes;Mil Reais;1649528.0;1649528.0;disponivel
N6;Município;2307809;Marco - CE;2021;2021;37;Produto Interno Bruto a preços correntes;Mil Reais;390969.0;390969.0;disponivel
N6;Município;2307908;Martinópole - CE;2021;2021;37;Produto Interno Bruto a preços correntes;Mil Reais;96327.0;96327.0;disponivel
N6;Município;2308005;Massapê - CE;2021;2021;37;Produto Interno Bruto a preços correntes;Mil Reais;378718.0;378718.0;disponivel
N6;Município;2308104;Mauriti - CE;2021;2021;37;Produto Interno Bruto a preços correntes;Mil Reais;517496.0;517496.0;disponivel
N6;Município;2308203;Meruoca - CE;2021;2021;37;Produto Interno Bruto a preços correntes;Mil Reais;129293.0;129293.0;disponivel
N6;Município;2308302;Milagres - CE;2021;2021;37;Produto Interno Bruto a preços correntes;Mil Reais;287223.0;287223.0;disponivel
N6;Município;2308351;Milhã - CE;2021;2021;37;Produto Interno Bruto a preços correntes;Mil Reais;195290.0;195290.0;disponivel
N6;Município;2308377;Miraíma - CE;2021;2021;37;Produto Interno Bruto a preços correntes;Mil Reais;112599.0;112599.0;disponivel
N6;Município;2308401;Missão Velha - CE;2021;2021;37;Produto Interno Bruto a preços correntes;Mil Reais;515937.0;515937.0;disponivel
N6;Município;2308500;Mombaça - CE;2021;2021;37;Produto Interno Bruto a preços correntes;Mil Reais;446847.0;446847.0;disponivel
N6;Município;2308609;Monsenhor Tabosa - CE;2021;2021;37;Produto Interno Bruto a preços correntes;Mil Reais;160699.0;160699.0;disponivel
N6;Município;2308708;Morada Nova - CE;2021;2021;37;Produto Interno Bruto a preços correntes;Mil Reais;1276864.0;1276864.0;disponivel
N6;Município;2308807;Moraújo - CE;2021;2021;37;Produto Interno Bruto a preços correntes;Mil Reais;75575.0;75575.0;disponivel
N6;Município;2308906;Morrinhos - CE;2021;2021;37;Produto Interno Bruto a preços correntes;Mil Reais;193204.0;193204.0;disponivel
N6;Município;2309003;Mucambo - CE;2021;2021;37;Produto Interno Bruto a preços correntes;Mil Reais;131292.0;131292.0;disponivel
N6;Município;2309102;Mulungu - CE;2021;2021;37;Produto Interno Bruto a preços correntes;Mil Reais;123801.0;123801.0;disponivel
N6;Município;2309201;Nova Olinda - CE;2021;2021;37;Produto Interno Bruto a preços correntes;Mil Reais;163381.0;163381.0;disponivel
N6;Município;2309300;Nova Russas - CE;2021;2021;37;Produto Interno Bruto a preços correntes;Mil Reais;336930.0;336930.0;disponivel
N6;Município;2309409;Novo Oriente - CE;2021;2021;37;Produto Interno Bruto a preços correntes;Mil Reais;283185.0;283185.0;disponivel
N6;Município;2309458;Ocara - CE;2021;2021;37;Produto Interno Bruto a preços correntes;Mil Reais;284836.0;284836.0;disponivel
N6;Município;2309508;Orós - CE;2021;2021;37;Produto Interno Bruto a preços correntes;Mil Reais;218899.0;218899.0;disponivel
N6;Município;2309607;Pacajus - CE;2021;2021;37;Produto Interno Bruto a preços correntes;Mil Reais;1360535.0;1360535.0;disponivel
N6;Município;2309706;Pacatuba - CE;2021;2021;37;Produto Interno Bruto a preços correntes;Mil Reais;1235176.0;1235176.0;disponivel
N6;Município;2309805;Pacoti - CE;2021;2021;37;Produto Interno Bruto a preços correntes;Mil Reais;148366.0;148366.0;disponivel
N6;Município;2309904;Pacujá - CE;2021;2021;37;Produto Interno Bruto a preços correntes;Mil Reais;59940.0;59940.0;disponivel
N6;Município;2310001;Palhano - CE;2021;2021;37;Produto Interno Bruto a preços correntes;Mil Reais;98773.0;98773.0;disponivel
N6;Município;2310100;Palmácia - CE;2021;2021;37;Produto Interno Bruto a preços correntes;Mil Reais;115124.0;115124.0;disponivel
N6;Município;2310209;Paracuru - CE;2021;2021;37;Produto Interno Bruto a preços correntes;Mil Reais;555931.0;555931.0;disponivel
N6;Município;2310258;Paraipaba - CE;2021;2021;37;Produto Interno Bruto a preços correntes;Mil Reais;535129.0;535129.0;disponivel
N6;Município;2310308;Parambu - CE;2021;2021;37;Produto Interno Bruto a preços correntes;Mil Reais;288689.0;288689.0;disponivel
N6;Município;2310407;Paramoti - CE;2021;2021;37;Produto Interno Bruto a preços correntes;Mil Reais;110908.0;110908.0;disponivel
N6;Município;2310506;Pedra Branca - CE;2021;2021;37;Produto Interno Bruto a preços correntes;Mil Reais;389914.0;389914.0;disponivel
N6;Município;2310605;Penaforte - CE;2021;2021;37;Produto Interno Bruto a preços correntes;Mil Reais;122162.0;122162.0;disponivel
N6;Município;2310704;Pentecoste - CE;2021;2021;37;Produto Interno Bruto a preços correntes;Mil Reais;484760.0;484760.0;disponivel
N6;Município;2310803;Pereiro - CE;2021;2021;37;Produto Interno Bruto a preços correntes;Mil Reais;560571.0;560571.0;disponivel
N6;Município;2310852;Pindoretama - CE;2021;2021;37;Produto Interno Bruto a preços correntes;Mil Reais;274852.0;274852.0;disponivel
N6;Município;2310902;Piquet Carneiro - CE;2021;2021;37;Produto Interno Bruto a preços correntes;Mil Reais;162092.0;162092.0;disponivel
N6;Município;2310951;Pires Ferreira - CE;2021;2021;37;Produto Interno Bruto a preços correntes;Mil Reais;84230.0;84230.0;disponivel
N6;Município;2311009;Poranga - CE;2021;2021;37;Produto Interno Bruto a preços correntes;Mil Reais;109402.0;109402.0;disponivel
N6;Município;2311108;Porteiras - CE;2021;2021;37;Produto Interno Bruto a preços correntes;Mil Reais;186375.0;186375.0;disponivel
N6;Município;2311207;Potengi - CE;2021;2021;37;Produto Interno Bruto a preços correntes;Mil Reais;110570.0;110570.0;disponivel
N6;Município;2311231;Potiretama - CE;2021;2021;37;Produto Interno Bruto a preços correntes;Mil Reais;96816.0;96816.0;disponivel
N6;Município;2311264;Quiterianópolis - CE;2021;2021;37;Produto Interno Bruto a preços correntes;Mil Reais;184720.0;184720.0;disponivel
N6;Município;2311306;Quixadá - CE;2021;2021;37;Produto Interno Bruto a preços correntes;Mil Reais;1109869.0;1109869.0;disponivel
N6;Município;2311355;Quixelô - CE;2021;2021;37;Produto Interno Bruto a preços correntes;Mil Reais;198820.0;198820.0;disponivel
N6;Município;2311405;Quixeramobim - CE;2021;2021;37;Produto Interno Bruto a preços correntes;Mil Reais;1402461.0;1402461.0;disponivel
N6;Município;2311504;Quixeré - CE;2021;2021;37;Produto Interno Bruto a preços correntes;Mil Reais;637015.0;637015.0;disponivel
N6;Município;2311603;Redenção - CE;2021;2021;37;Produto Interno Bruto a preços correntes;Mil Reais;409867.0;409867.0;disponivel
N6;Município;2311702;Reriutaba - CE;2021;2021;37;Produto Interno Bruto a preços correntes;Mil Reais;190710.0;190710.0;disponivel
N6;Município;2311801;Russas - CE;2021;2021;37;Produto Interno Bruto a preços correntes;Mil Reais;1158523.0;1158523.0;disponivel
N6;Município;2311900;Saboeiro - CE;2021;2021;37;Produto Interno Bruto a preços correntes;Mil Reais;169856.0;169856.0;disponivel
N6;Município;2311959;Salitre - CE;2021;2021;37;Produto Interno Bruto a preços correntes;Mil Reais;159284.0;159284.0;disponivel
N6;Município;2312007;Santana do Acaraú - CE;2021;2021;37;Produto Interno Bruto a preços correntes;Mil Reais;280072.0;280072.0;disponivel
N6;Município;2312106;Santana do Cariri - CE;2021;2021;37;Produto Interno Bruto a preços correntes;Mil Reais;159277.0;159277.0;disponivel
N6;Município;2312205;Santa Quitéria - CE;2021;2021;37;Produto Interno Bruto a preços correntes;Mil Reais;633710.0;633710.0;disponivel
N6;Município;2312304;São Benedito - CE;2021;2021;37;Produto Interno Bruto a preços correntes;Mil Reais;627180.0;627180.0;disponivel
N6;Município;2312403;São Gonçalo do Amarante - CE;2021;2021;37;Produto Interno Bruto a preços correntes;Mil Reais;8624987.0;8624987.0;disponivel
N6;Município;2312502;São João do Jaguaribe - CE;2021;2021;37;Produto Interno Bruto a preços correntes;Mil Reais;107898.0;107898.0;disponivel
N6;Município;2312601;São Luís do Curu - CE;2021;2021;37;Produto Interno Bruto a preços correntes;Mil Reais;133109.0;133109.0;disponivel
N6;Município;2312700;Senador Pompeu - CE;2021;2021;37;Produto Interno Bruto a preços correntes;Mil Reais;352272.0;352272.0;disponivel
N6;Município;2312809;Senador Sá - CE;2021;2021;37;Produto Interno Bruto a preços correntes;Mil Reais;62766.0;62766.0;disponivel
N6;Município;2312908;Sobral - CE;2021;2021;37;Produto Interno Bruto a preços correntes;Mil Reais;5395130.0;5395130.0;disponivel
N6;Município;2313005;Solonópole - CE;2021;2021;37;Produto Interno Bruto a preços correntes;Mil Reais;303284.0;303284.0;disponivel
N6;Município;2313104;Tabuleiro do Norte - CE;2021;2021;37;Produto Interno Bruto a preços correntes;Mil Reais;450593.0;450593.0;disponivel
N6;Município;2313203;Tamboril - CE;2021;2021;37;Produto Interno Bruto a preços correntes;Mil Reais;282247.0;282247.0;disponivel
N6;Município;2313252;Tarrafas - CE;2021;2021;37;Produto Interno Bruto a preços correntes;Mil Reais;85682.0;85682.0;disponivel
N6;Município;2313302;Tauá - CE;2021;2021;37;Produto Interno Bruto a preços correntes;Mil Reais;711836.0;711836.0;disponivel
N6;Município;2313351;Tejuçuoca - CE;2021;2021;37;Produto Interno Bruto a preços correntes;Mil Reais;136988.0;136988.0;disponivel
N6;Município;2313401;Tianguá - CE;2021;2021;37;Produto Interno Bruto a preços correntes;Mil Reais;1732690.0;1732690.0;disponivel
N6;Município;2313500;Trairi - CE;2021;2021;37;Produto Interno Bruto a preços correntes;Mil Reais;1115144.0;1115144.0;disponivel
N6;Município;2313559;Tururu - CE;2021;2021;37;Produto Interno Bruto a preços correntes;Mil Reais;138079.0;138079.0;disponivel
N6;Município;2313609;Ubajara - CE;2021;2021;37;Produto Interno Bruto a preços correntes;Mil Reais;642046.0;642046.0;disponivel
N6;Município;2313708;Umari - CE;2021;2021;37;Produto Interno Bruto a preços correntes;Mil Reais;69441.0;69441.0;disponivel
N6;Município;2313757;Umirim - CE;2021;2021;37;Produto Interno Bruto a preços correntes;Mil Reais;172797.0;172797.0;disponivel
N6;Município;2313807;Uruburetama - CE;2021;2021;37;Produto Interno Bruto a preços correntes;Mil Reais;299474.0;299474.0;disponivel
N6;Município;2313906;Uruoca - CE;2021;2021;37;Produto Interno Bruto a preços correntes;Mil Reais;298207.0;298207.0;disponivel
N6;Município;2313955;Varjota - CE;2021;2021;37;Produto Interno Bruto a preços correntes;Mil Reais;375819.0;375819.0;disponivel
N6;Município;2314003;Várzea Alegre - CE;2021;2021;37;Produto Interno Bruto a preços correntes;Mil Reais;468101.0;468101.0;disponivel
N6;Município;2314102;Viçosa do Ceará - CE;2021;2021;37;Produto Interno Bruto a preços correntes;Mil Reais;603321.0;603321.0;disponivel
N1;Brasil;1;Brasil;2021;2021;498;Valor adicionado bruto a preços correntes total;Mil Reais;7713999000.0;7713999000.0;disponivel
N3;Unidade da Federação;23;Ceará;2021;2021;498;Valor adicionado bruto a preços correntes total;Mil Reais;167056891.0;167056891.0;disponivel
N6;Município;2300101;Abaiara - CE;2021;2021;498;Valor adicionado bruto a preços correntes total;Mil Reais;112712.0;112712.0;disponivel
N6;Município;2300150;Acarape - CE;2021;2021;498;Valor adicionado bruto a preços correntes total;Mil Reais;168763.0;168763.0;disponivel
N6;Município;2300200;Acaraú - CE;2021;2021;498;Valor adicionado bruto a preços correntes total;Mil Reais;953527.0;953527.0;disponivel
N6;Município;2300309;Acopiara - CE;2021;2021;498;Valor adicionado bruto a preços correntes total;Mil Reais;526631.0;526631.0;disponivel
N6;Município;2300408;Aiuaba - CE;2021;2021;498;Valor adicionado bruto a preços correntes total;Mil Reais;146248.0;146248.0;disponivel
N6;Município;2300507;Alcântaras - CE;2021;2021;498;Valor adicionado bruto a preços correntes total;Mil Reais;94203.0;94203.0;disponivel
N6;Município;2300606;Altaneira - CE;2021;2021;498;Valor adicionado bruto a preços correntes total;Mil Reais;72082.0;72082.0;disponivel
N6;Município;2300705;Alto Santo - CE;2021;2021;498;Valor adicionado bruto a preços correntes total;Mil Reais;221396.0;221396.0;disponivel
N6;Município;2300754;Amontada - CE;2021;2021;498;Valor adicionado bruto a preços correntes total;Mil Reais;626991.0;626991.0;disponivel
N6;Município;2300804;Antonina do Norte - CE;2021;2021;498;Valor adicionado bruto a preços correntes total;Mil Reais;74388.0;74388.0;disponivel
N6;Município;2300903;Apuiarés - CE;2021;2021;498;Valor adicionado bruto a preços correntes total;Mil Reais;114370.0;114370.0;disponivel
N6;Município;2301000;Aquiraz - CE;2021;2021;498;Valor adicionado bruto a preços correntes total;Mil Reais;2851024.0;2851024.0;disponivel
N6;Município;2301109;Aracati - CE;2021;2021;498;Valor adicionado bruto a preços correntes total;Mil Reais;1556593.0;1556593.0;disponivel
N6;Município;2301208;Aracoiaba - CE;2021;2021;498;Valor adicionado bruto a preços correntes total;Mil Reais;250845.0;250845.0;disponivel
N6;Município;2301257;Ararendá - CE;2021;2021;498;Valor adicionado bruto a preços correntes total;Mil Reais;101963.0;101963.0;disponivel
N6;Município;2301307;Araripe - CE;2021;2021;498;Valor adicionado bruto a preços correntes total;Mil Reais;200319.0;200319.0;disponivel
N6;Município;2301406;Aratuba - CE;2021;2021;498;Valor adicionado bruto a preços correntes total;Mil Reais;146149.0;146149.0;disponivel
N6;Município;2301505;Arneiroz - CE;2021;2021;498;Valor adicionado bruto a preços correntes total;Mil Reais;67145.0;67145.0;disponivel
N6;Município;2301604;Assaré - CE;2021;2021;498;Valor adicionado bruto a preços correntes total;Mil Reais;224824.0;224824.0;disponivel
N6;Município;2301703;Aurora - CE;2021;2021;498;Valor adicionado bruto a preços correntes total;Mil Reais;204272.0;204272.0;disponivel
N6;Município;2301802;Baixio - CE;2021;2021;498;Valor adicionado bruto a preços correntes total;Mil Reais;65606.0;65606.0;disponivel
N6;Município;2301851;Banabuiú - CE;2021;2021;498;Valor adicionado bruto a preços correntes total;Mil Reais;245742.0;245742.0;disponivel
N6;Município;2301901;Barbalha - CE;2021;2021;498;Valor adicionado bruto a preços correntes total;Mil Reais;1217465.0;1217465.0;disponivel
N6;Município;2301950;Barreira - CE;2021;2021;498;Valor adicionado bruto a preços correntes total;Mil Reais;226647.0;226647.0;disponivel
N6;Município;2302008;Barro - CE;2021;2021;498;Valor adicionado bruto a preços correntes total;Mil Reais;228368.0;228368.0;disponivel
N6;Município;2302057;Barroquinha - CE;2021;2021;498;Valor adicionado bruto a preços correntes total;Mil Reais;127274.0;127274.0;disponivel
N6;Município;2302107;Baturité - CE;2021;2021;498;Valor adicionado bruto a preços correntes total;Mil Reais;419933.0;419933.0;disponivel
N6;Município;2302206;Beberibe - CE;2021;2021;498;Valor adicionado bruto a preços correntes total;Mil Reais;1014775.0;1014775.0;disponivel
N6;Município;2302305;Bela Cruz - CE;2021;2021;498;Valor adicionado bruto a preços correntes total;Mil Reais;307352.0;307352.0;disponivel
N6;Município;2302404;Boa Viagem - CE;2021;2021;498;Valor adicionado bruto a preços correntes total;Mil Reais;502461.0;502461.0;disponivel
N6;Município;2302503;Brejo Santo - CE;2021;2021;498;Valor adicionado bruto a preços correntes total;Mil Reais;747732.0;747732.0;disponivel
N6;Município;2302602;Camocim - CE;2021;2021;498;Valor adicionado bruto a preços correntes total;Mil Reais;788717.0;788717.0;disponivel
N6;Município;2302701;Campos Sales - CE;2021;2021;498;Valor adicionado bruto a preços correntes total;Mil Reais;274766.0;274766.0;disponivel
N6;Município;2302800;Canindé - CE;2021;2021;498;Valor adicionado bruto a preços correntes total;Mil Reais;846383.0;846383.0;disponivel
N6;Município;2302909;Capistrano - CE;2021;2021;498;Valor adicionado bruto a preços correntes total;Mil Reais;167117.0;167117.0;disponivel
N6;Município;2303006;Caridade - CE;2021;2021;498;Valor adicionado bruto a preços correntes total;Mil Reais;172609.0;172609.0;disponivel
N6;Município;2303105;Cariré - CE;2021;2021;498;Valor adicionado bruto a preços correntes total;Mil Reais;184816.0;184816.0;disponivel
N6;Município;2303204;Caririaçu - CE;2021;2021;498;Valor adicionado bruto a preços correntes total;Mil Reais;242479.0;242479.0;disponivel
N6;Município;2303303;Cariús - CE;2021;2021;498;Valor adicionado bruto a preços correntes total;Mil Reais;173220.0;173220.0;disponivel
N6;Município;2303402;Carnaubal - CE;2021;2021;498;Valor adicionado bruto a preços correntes total;Mil Reais;158216.0;158216.0;disponivel
N6;Município;2303501;Cascavel - CE;2021;2021;498;Valor adicionado bruto a preços correntes total;Mil Reais;983022.0;983022.0;disponivel
N6;Município;2303600;Catarina - CE;2021;2021;498;Valor adicionado bruto a preços correntes total;Mil Reais;148458.0;148458.0;disponivel
N6;Município;2303659;Catunda - CE;2021;2021;498;Valor adicionado bruto a preços correntes total;Mil Reais;107923.0;107923.0;disponivel
N6;Município;2303709;Caucaia - CE;2021;2021;498;Valor adicionado bruto a preços correntes total;Mil Reais;8423170.0;8423170.0;disponivel
N6;Município;2303808;Cedro - CE;2021;2021;498;Valor adicionado bruto a preços correntes total;Mil Reais;232640.0;232640.0;disponivel
N6;Município;2303907;Chaval - CE;2021;2021;498;Valor adicionado bruto a preços correntes total;Mil Reais;104834.0;104834.0;disponivel
N6;Município;2303931;Choró - CE;2021;2021;498;Valor adicionado bruto a preços correntes total;Mil Reais;167029.0;167029.0;disponivel
N6;Município;2303956;Chorozinho - CE;2021;2021;498;Valor adicionado bruto a preços correntes total;Mil Reais;208605.0;208605.0;disponivel
N6;Município;2304004;Coreaú - CE;2021;2021;498;Valor adicionado bruto a preços correntes total;Mil Reais;212106.0;212106.0;disponivel
N6;Município;2304103;Crateús - CE;2021;2021;498;Valor adicionado bruto a preços correntes total;Mil Reais;888306.0;888306.0;disponivel
N6;Município;2304202;Crato - CE;2021;2021;498;Valor adicionado bruto a preços correntes total;Mil Reais;1679618.0;1679618.0;disponivel
N6;Município;2304236;Croatá - CE;2021;2021;498;Valor adicionado bruto a preços correntes total;Mil Reais;216414.0;216414.0;disponivel
N6;Município;2304251;Cruz - CE;2021;2021;498;Valor adicionado bruto a preços correntes total;Mil Reais;339755.0;339755.0;disponivel
N6;Município;2304269;Deputado Irapuan Pinheiro - CE;2021;2021;498;Valor adicionado bruto a preços correntes total;Mil Reais;96852.0;96852.0;disponivel
N6;Município;2304277;Ereré - CE;2021;2021;498;Valor adicionado bruto a preços correntes total;Mil Reais;77991.0;77991.0;disponivel
N6;Município;2304285;Eusébio - CE;2021;2021;498;Valor adicionado bruto a preços correntes total;Mil Reais;2827293.0;2827293.0;disponivel
N6;Município;2304301;Farias Brito - CE;2021;2021;498;Valor adicionado bruto a preços correntes total;Mil Reais;193236.0;193236.0;disponivel
N6;Município;2304350;Forquilha - CE;2021;2021;498;Valor adicionado bruto a preços correntes total;Mil Reais;279488.0;279488.0;disponivel
N6;Município;2304400;Fortaleza - CE;2021;2021;498;Valor adicionado bruto a preços correntes total;Mil Reais;60626428.0;60626428.0;disponivel
N6;Município;2304459;Fortim - CE;2021;2021;498;Valor adicionado bruto a preços correntes total;Mil Reais;292525.0;292525.0;disponivel
N6;Município;2304509;Frecheirinha - CE;2021;2021;498;Valor adicionado bruto a preços correntes total;Mil Reais;246365.0;246365.0;disponivel
N6;Município;2304608;General Sampaio - CE;2021;2021;498;Valor adicionado bruto a preços correntes total;Mil Reais;79990.0;79990.0;disponivel
N6;Município;2304657;Graça - CE;2021;2021;498;Valor adicionado bruto a preços correntes total;Mil Reais;124796.0;124796.0;disponivel
N6;Município;2304707;Granja - CE;2021;2021;498;Valor adicionado bruto a preços correntes total;Mil Reais;445611.0;445611.0;disponivel
N6;Município;2304806;Granjeiro - CE;2021;2021;498;Valor adicionado bruto a preços correntes total;Mil Reais;49685.0;49685.0;disponivel
N6;Município;2304905;Groaíras - CE;2021;2021;498;Valor adicionado bruto a preços correntes total;Mil Reais;103322.0;103322.0;disponivel
N6;Município;2304954;Guaiúba - CE;2021;2021;498;Valor adicionado bruto a preços correntes total;Mil Reais;220362.0;220362.0;disponivel
N6;Município;2305001;Guaraciaba do Norte - CE;2021;2021;498;Valor adicionado bruto a preços correntes total;Mil Reais;632140.0;632140.0;disponivel
N6;Município;2305100;Guaramiranga - CE;2021;2021;498;Valor adicionado bruto a preços correntes total;Mil Reais;76568.0;76568.0;disponivel
N6;Município;2305209;Hidrolândia - CE;2021;2021;498;Valor adicionado bruto a preços correntes total;Mil Reais;176984.0;176984.0;disponivel
N6;Município;2305233;Horizonte - CE;2021;2021;498;Valor adicionado bruto a preços correntes total;Mil Reais;1764781.0;1764781.0;disponivel
N6;Município;2305266;Ibaretama - CE;2021;2021;498;Valor adicionado bruto a preços correntes total;Mil Reais;126040.0;126040.0;disponivel
N6;Município;2305308;Ibiapina - CE;2021;2021;498;Valor adicionado bruto a preços correntes total;Mil Reais;329903.0;329903.0;disponivel
N6;Município;2305332;Ibicuitinga - CE;2021;2021;498;Valor adicionado bruto a preços correntes total;Mil Reais;119407.0;119407.0;disponivel
N6;Município;2305357;Icapuí - CE;2021;2021;498;Valor adicionado bruto a preços correntes total;Mil Reais;380054.0;380054.0;disponivel
N6;Município;2305407;Icó - CE;2021;2021;498;Valor adicionado bruto a preços correntes total;Mil Reais;688844.0;688844.0;disponivel
N6;Município;2305506;Iguatu - CE;2021;2021;498;Valor adicionado bruto a preços correntes total;Mil Reais;1695044.0;1695044.0;disponivel
N6;Município;2305605;Independência - CE;2021;2021;498;Valor adicionado bruto a preços correntes total;Mil Reais;295055.0;295055.0;disponivel
N6;Município;2305654;Ipaporanga - CE;2021;2021;498;Valor adicionado bruto a preços correntes total;Mil Reais;109466.0;109466.0;disponivel
N6;Município;2305704;Ipaumirim - CE;2021;2021;498;Valor adicionado bruto a preços correntes total;Mil Reais;133456.0;133456.0;disponivel
N6;Município;2305803;Ipu - CE;2021;2021;498;Valor adicionado bruto a preços correntes total;Mil Reais;487659.0;487659.0;disponivel
N6;Município;2305902;Ipueiras - CE;2021;2021;498;Valor adicionado bruto a preços correntes total;Mil Reais;311463.0;311463.0;disponivel
N6;Município;2306009;Iracema - CE;2021;2021;498;Valor adicionado bruto a preços correntes total;Mil Reais;185665.0;185665.0;disponivel
N6;Município;2306108;Irauçuba - CE;2021;2021;498;Valor adicionado bruto a preços correntes total;Mil Reais;206605.0;206605.0;disponivel
N6;Município;2306207;Itaiçaba - CE;2021;2021;498;Valor adicionado bruto a preços correntes total;Mil Reais;77639.0;77639.0;disponivel
N6;Município;2306256;Itaitinga - CE;2021;2021;498;Valor adicionado bruto a preços correntes total;Mil Reais;1003203.0;1003203.0;disponivel
N6;Município;2306306;Itapajé - CE;2021;2021;498;Valor adicionado bruto a preços correntes total;Mil Reais;553560.0;553560.0;disponivel
N6;Município;2306405;Itapipoca - CE;2021;2021;498;Valor adicionado bruto a preços correntes total;Mil Reais;1611988.0;1611988.0;disponivel
N6;Município;2306504;Itapiúna - CE;2021;2021;498;Valor adicionado bruto a preços correntes total;Mil Reais;162481.0;162481.0;disponivel
N6;Município;2306553;Itarema - CE;2021;2021;498;Valor adicionado bruto a preços correntes total;Mil Reais;723926.0;723926.0;disponivel
N6;Município;2306603;Itatira - CE;2021;2021;498;Valor adicionado bruto a preços correntes total;Mil Reais;166170.0;166170.0;disponivel
N6;Município;2306702;Jaguaretama - CE;2021;2021;498;Valor adicionado bruto a preços correntes total;Mil Reais;215323.0;215323.0;disponivel
N6;Município;2306801;Jaguaribara - CE;2021;2021;498;Valor adicionado bruto a preços correntes total;Mil Reais;145244.0;145244.0;disponivel
N6;Município;2306900;Jaguaribe - CE;2021;2021;498;Valor adicionado bruto a preços correntes total;Mil Reais;512384.0;512384.0;disponivel
N6;Município;2307007;Jaguaruana - CE;2021;2021;498;Valor adicionado bruto a preços correntes total;Mil Reais;500437.0;500437.0;disponivel
N6;Município;2307106;Jardim - CE;2021;2021;498;Valor adicionado bruto a preços correntes total;Mil Reais;281657.0;281657.0;disponivel
N6;Município;2307205;Jati - CE;2021;2021;498;Valor adicionado bruto a preços correntes total;Mil Reais;115274.0;115274.0;disponivel
N6;Município;2307254;Jijoca de Jericoacoara - CE;2021;2021;498;Valor adicionado bruto a preços correntes total;Mil Reais;504031.0;504031.0;disponivel
N6;Município;2307304;Juazeiro do Norte - CE;2021;2021;498;Valor adicionado bruto a preços correntes total;Mil Reais;4492875.0;4492875.0;disponivel
N6;Município;2307403;Jucás - CE;2021;2021;498;Valor adicionado bruto a preços correntes total;Mil Reais;297962.0;297962.0;disponivel
N6;Município;2307502;Lavras da Mangabeira - CE;2021;2021;498;Valor adicionado bruto a preços correntes total;Mil Reais;328423.0;328423.0;disponivel
N6;Município;2307601;Limoeiro do Norte - CE;2021;2021;498;Valor adicionado bruto a preços correntes total;Mil Reais;1254617.0;1254617.0;disponivel
N6;Município;2307635;Madalena - CE;2021;2021;498;Valor adicionado bruto a preços correntes total;Mil Reais;165666.0;165666.0;disponivel
N6;Município;2307650;Maracanaú - CE;2021;2021;498;Valor adicionado bruto a preços correntes total;Mil Reais;9676491.0;9676491.0;disponivel
N6;Município;2307700;Maranguape - CE;2021;2021;498;Valor adicionado bruto a preços correntes total;Mil Reais;1411529.0;1411529.0;disponivel
N6;Município;2307809;Marco - CE;2021;2021;498;Valor adicionado bruto a preços correntes total;Mil Reais;345809.0;345809.0;disponivel
N6;Município;2307908;Martinópole - CE;2021;2021;498;Valor adicionado bruto a preços correntes total;Mil Reais;92290.0;92290.0;disponivel
N6;Município;2308005;Massapê - CE;2021;2021;498;Valor adicionado bruto a preços correntes total;Mil Reais;358131.0;358131.0;disponivel
N6;Município;2308104;Mauriti - CE;2021;2021;498;Valor adicionado bruto a preços correntes total;Mil Reais;490672.0;490672.0;disponivel
N6;Município;2308203;Meruoca - CE;2021;2021;498;Valor adicionado bruto a preços correntes total;Mil Reais;124084.0;124084.0;disponivel
N6;Município;2308302;Milagres - CE;2021;2021;498;Valor adicionado bruto a preços correntes total;Mil Reais;268776.0;268776.0;disponivel
N6;Município;2308351;Milhã - CE;2021;2021;498;Valor adicionado bruto a preços correntes total;Mil Reais;187861.0;187861.0;disponivel
N6;Município;2308377;Miraíma - CE;2021;2021;498;Valor adicionado bruto a preços correntes total;Mil Reais;108812.0;108812.0;disponivel
N6;Município;2308401;Missão Velha - CE;2021;2021;498;Valor adicionado bruto a preços correntes total;Mil Reais;495645.0;495645.0;disponivel
N6;Município;2308500;Mombaça - CE;2021;2021;498;Valor adicionado bruto a preços correntes total;Mil Reais;420311.0;420311.0;disponivel
N6;Município;2308609;Monsenhor Tabosa - CE;2021;2021;498;Valor adicionado bruto a preços correntes total;Mil Reais;151854.0;151854.0;disponivel
N6;Município;2308708;Morada Nova - CE;2021;2021;498;Valor adicionado bruto a preços correntes total;Mil Reais;1156121.0;1156121.0;disponivel
N6;Município;2308807;Moraújo - CE;2021;2021;498;Valor adicionado bruto a preços correntes total;Mil Reais;72988.0;72988.0;disponivel
N6;Município;2308906;Morrinhos - CE;2021;2021;498;Valor adicionado bruto a preços correntes total;Mil Reais;180541.0;180541.0;disponivel
N6;Município;2309003;Mucambo - CE;2021;2021;498;Valor adicionado bruto a preços correntes total;Mil Reais;124087.0;124087.0;disponivel
N6;Município;2309102;Mulungu - CE;2021;2021;498;Valor adicionado bruto a preços correntes total;Mil Reais;119560.0;119560.0;disponivel
N6;Município;2309201;Nova Olinda - CE;2021;2021;498;Valor adicionado bruto a preços correntes total;Mil Reais;154268.0;154268.0;disponivel
N6;Município;2309300;Nova Russas - CE;2021;2021;498;Valor adicionado bruto a preços correntes total;Mil Reais;308038.0;308038.0;disponivel
N6;Município;2309409;Novo Oriente - CE;2021;2021;498;Valor adicionado bruto a preços correntes total;Mil Reais;269072.0;269072.0;disponivel
N6;Município;2309458;Ocara - CE;2021;2021;498;Valor adicionado bruto a preços correntes total;Mil Reais;266741.0;266741.0;disponivel
N6;Município;2309508;Orós - CE;2021;2021;498;Valor adicionado bruto a preços correntes total;Mil Reais;207794.0;207794.0;disponivel
N6;Município;2309607;Pacajus - CE;2021;2021;498;Valor adicionado bruto a preços correntes total;Mil Reais;1215700.0;1215700.0;disponivel
N6;Município;2309706;Pacatuba - CE;2021;2021;498;Valor adicionado bruto a preços correntes total;Mil Reais;1076595.0;1076595.0;disponivel
N6;Município;2309805;Pacoti - CE;2021;2021;498;Valor adicionado bruto a preços correntes total;Mil Reais;142130.0;142130.0;disponivel
N6;Município;2309904;Pacujá - CE;2021;2021;498;Valor adicionado bruto a preços correntes total;Mil Reais;57188.0;57188.0;disponivel
N6;Município;2310001;Palhano - CE;2021;2021;498;Valor adicionado bruto a preços correntes total;Mil Reais;93323.0;93323.0;disponivel
N6;Município;2310100;Palmácia - CE;2021;2021;498;Valor adicionado bruto a preços correntes total;Mil Reais;111443.0;111443.0;disponivel
N6;Município;2310209;Paracuru - CE;2021;2021;498;Valor adicionado bruto a preços correntes total;Mil Reais;517680.0;517680.0;disponivel
N6;Município;2310258;Paraipaba - CE;2021;2021;498;Valor adicionado bruto a preços correntes total;Mil Reais;494438.0;494438.0;disponivel
N6;Município;2310308;Parambu - CE;2021;2021;498;Valor adicionado bruto a preços correntes total;Mil Reais;272534.0;272534.0;disponivel
N6;Município;2310407;Paramoti - CE;2021;2021;498;Valor adicionado bruto a preços correntes total;Mil Reais;106618.0;106618.0;disponivel
N6;Município;2310506;Pedra Branca - CE;2021;2021;498;Valor adicionado bruto a preços correntes total;Mil Reais;369751.0;369751.0;disponivel
N6;Município;2310605;Penaforte - CE;2021;2021;498;Valor adicionado bruto a preços correntes total;Mil Reais;111522.0;111522.0;disponivel
N6;Município;2310704;Pentecoste - CE;2021;2021;498;Valor adicionado bruto a preços correntes total;Mil Reais;451969.0;451969.0;disponivel
N6;Município;2310803;Pereiro - CE;2021;2021;498;Valor adicionado bruto a preços correntes total;Mil Reais;482151.0;482151.0;disponivel
N6;Município;2310852;Pindoretama - CE;2021;2021;498;Valor adicionado bruto a preços correntes total;Mil Reais;253603.0;253603.0;disponivel
N6;Município;2310902;Piquet Carneiro - CE;2021;2021;498;Valor adicionado bruto a preços correntes total;Mil Reais;153954.0;153954.0;disponivel
N6;Município;2310951;Pires Ferreira - CE;2021;2021;498;Valor adicionado bruto a preços correntes total;Mil Reais;81060.0;81060.0;disponivel
N6;Município;2311009;Poranga - CE;2021;2021;498;Valor adicionado bruto a preços correntes total;Mil Reais;104209.0;104209.0;disponivel
N6;Município;2311108;Porteiras - CE;2021;2021;498;Valor adicionado bruto a preços correntes total;Mil Reais;177883.0;177883.0;disponivel
N6;Município;2311207;Potengi - CE;2021;2021;498;Valor adicionado bruto a preços correntes total;Mil Reais;106176.0;106176.0;disponivel
N6;Município;2311231;Potiretama - CE;2021;2021;498;Valor adicionado bruto a preços correntes total;Mil Reais;93089.0;93089.0;disponivel
N6;Município;2311264;Quiterianópolis - CE;2021;2021;498;Valor adicionado bruto a preços correntes total;Mil Reais;174972.0;174972.0;disponivel
N6;Município;2311306;Quixadá - CE;2021;2021;498;Valor adicionado bruto a preços correntes total;Mil Reais;1022198.0;1022198.0;disponivel
N6;Município;2311355;Quixelô - CE;2021;2021;498;Valor adicionado bruto a preços correntes total;Mil Reais;189415.0;189415.0;disponivel
N6;Município;2311405;Quixeramobim - CE;2021;2021;498;Valor adicionado bruto a preços correntes total;Mil Reais;1280342.0;1280342.0;disponivel
N6;Município;2311504;Quixeré - CE;2021;2021;498;Valor adicionado bruto a preços correntes total;Mil Reais;582117.0;582117.0;disponivel
N6;Município;2311603;Redenção - CE;2021;2021;498;Valor adicionado bruto a preços correntes total;Mil Reais;385964.0;385964.0;disponivel
N6;Município;2311702;Reriutaba - CE;2021;2021;498;Valor adicionado bruto a preços correntes total;Mil Reais;179055.0;179055.0;disponivel
N6;Município;2311801;Russas - CE;2021;2021;498;Valor adicionado bruto a preços correntes total;Mil Reais;1037312.0;1037312.0;disponivel
N6;Município;2311900;Saboeiro - CE;2021;2021;498;Valor adicionado bruto a preços correntes total;Mil Reais;164427.0;164427.0;disponivel
N6;Município;2311959;Salitre - CE;2021;2021;498;Valor adicionado bruto a preços correntes total;Mil Reais;153822.0;153822.0;disponivel
N6;Município;2312007;Santana do Acaraú - CE;2021;2021;498;Valor adicionado bruto a preços correntes total;Mil Reais;268439.0;268439.0;disponivel
N6;Município;2312106;Santana do Cariri - CE;2021;2021;498;Valor adicionado bruto a preços correntes total;Mil Reais;153778.0;153778.0;disponivel
N6;Município;2312205;Santa Quitéria - CE;2021;2021;498;Valor adicionado bruto a preços correntes total;Mil Reais;590757.0;590757.0;disponivel
N6;Município;2312304;São Benedito - CE;2021;2021;498;Valor adicionado bruto a preços correntes total;Mil Reais;587754.0;587754.0;disponivel
N6;Município;2312403;São Gonçalo do Amarante - CE;2021;2021;498;Valor adicionado bruto a preços correntes total;Mil Reais;7052934.0;7052934.0;disponivel
N6;Município;2312502;São João do Jaguaribe - CE;2021;2021;498;Valor adicionado bruto a preços correntes total;Mil Reais;104071.0;104071.0;disponivel
N6;Município;2312601;São Luís do Curu - CE;2021;2021;498;Valor adicionado bruto a preços correntes total;Mil Reais;123544.0;123544.0;disponivel
N6;Município;2312700;Senador Pompeu - CE;2021;2021;498;Valor adicionado bruto a preços correntes total;Mil Reais;325326.0;325326.0;disponivel
N6;Município;2312809;Senador Sá - CE;2021;2021;498;Valor adicionado bruto a preços correntes total;Mil Reais;60524.0;60524.0;disponivel
N6;Município;2312908;Sobral - CE;2021;2021;498;Valor adicionado bruto a preços correntes total;Mil Reais;4841696.0;4841696.0;disponivel
N6;Município;2313005;Solonópole - CE;2021;2021;498;Valor adicionado bruto a preços correntes total;Mil Reais;285045.0;285045.0;disponivel
N6;Município;2313104;Tabuleiro do Norte - CE;2021;2021;498;Valor adicionado bruto a preços correntes total;Mil Reais;412162.0;412162.0;disponivel
N6;Município;2313203;Tamboril - CE;2021;2021;498;Valor adicionado bruto a preços correntes total;Mil Reais;271489.0;271489.0;disponivel
N6;Município;2313252;Tarrafas - CE;2021;2021;498;Valor adicionado bruto a preços correntes total;Mil Reais;82896.0;82896.0;disponivel
N6;Município;2313302;Tauá - CE;2021;2021;498;Valor adicionado bruto a preços correntes total;Mil Reais;657114.0;657114.0;disponivel
N6;Município;2313351;Tejuçuoca - CE;2021;2021;498;Valor adicionado bruto a preços correntes total;Mil Reais;131361.0;131361.0;disponivel
N6;Município;2313401;Tianguá - CE;2021;2021;498;Valor adicionado bruto a preços correntes total;Mil Reais;1526446.0;1526446.0;disponivel
N6;Município;2313500;Trairi - CE;2021;2021;498;Valor adicionado bruto a preços correntes total;Mil Reais;1039052.0;1039052.0;disponivel
N6;Município;2313559;Tururu - CE;2021;2021;498;Valor adicionado bruto a preços correntes total;Mil Reais;133136.0;133136.0;disponivel
N6;Município;2313609;Ubajara - CE;2021;2021;498;Valor adicionado bruto a preços correntes total;Mil Reais;599428.0;599428.0;disponivel
N6;Município;2313708;Umari - CE;2021;2021;498;Valor adicionado bruto a preços correntes total;Mil Reais;67276.0;67276.0;disponivel
N6;Município;2313757;Umirim - CE;2021;2021;498;Valor adicionado bruto a preços correntes total;Mil Reais;160898.0;160898.0;disponivel
N6;Município;2313807;Uruburetama - CE;2021;2021;498;Valor adicionado bruto a preços correntes total;Mil Reais;284098.0;284098.0;disponivel
N6;Município;2313906;Uruoca - CE;2021;2021;498;Valor adicionado bruto a preços correntes total;Mil Reais;284711.0;284711.0;disponivel
N6;Município;2313955;Varjota - CE;2021;2021;498;Valor adicionado bruto a preços correntes total;Mil Reais;357890.0;357890.0;disponivel
N6;Município;2314003;Várzea Alegre - CE;2021;2021;498;Valor adicionado bruto a preços correntes total;Mil Reais;433583.0;433583.0;disponivel
N6;Município;2314102;Viçosa do Ceará - CE;2021;2021;498;Valor adicionado bruto a preços correntes total;Mil Reais;553430.0;553430.0;disponivel
N1;Brasil;1;Brasil;2021;2021;513;Valor adicionado bruto a preços correntes da agropecuária;Mil Reais;591085000.0;591085000.0;disponivel
N3;Unidade da Federação;23;Ceará;2021;2021;513;Valor adicionado bruto a preços correntes da agropecuária;Mil Reais;10410352.0;10410352.0;disponivel
N6;Município;2300101;Abaiara - CE;2021;2021;513;Valor adicionado bruto a preços correntes da agropecuária;Mil Reais;23663.0;23663.0;disponivel
N6;Município;2300150;Acarape - CE;2021;2021;513;Valor adicionado bruto a preços correntes da agropecuária;Mil Reais;9312.0;9312.0;disponivel
N6;Município;2300200;Acaraú - CE;2021;2021;513;Valor adicionado bruto a preços correntes da agropecuária;Mil Reais;133170.0;133170.0;disponivel
N6;Município;2300309;Acopiara - CE;2021;2021;513;Valor adicionado bruto a preços correntes da agropecuária;Mil Reais;145254.0;145254.0;disponivel
N6;Município;2300408;Aiuaba - CE;2021;2021;513;Valor adicionado bruto a preços correntes da agropecuária;Mil Reais;34133.0;34133.0;disponivel
N6;Município;2300507;Alcântaras - CE;2021;2021;513;Valor adicionado bruto a preços correntes da agropecuária;Mil Reais;8402.0;8402.0;disponivel
N6;Município;2300606;Altaneira - CE;2021;2021;513;Valor adicionado bruto a preços correntes da agropecuária;Mil Reais;9574.0;9574.0;disponivel
N6;Município;2300705;Alto Santo - CE;2021;2021;513;Valor adicionado bruto a preços correntes da agropecuária;Mil Reais;72845.0;72845.0;disponivel
N6;Município;2300754;Amontada - CE;2021;2021;513;Valor adicionado bruto a preços correntes da agropecuária;Mil Reais;54293.0;54293.0;disponivel
N6;Município;2300804;Antonina do Norte - CE;2021;2021;513;Valor adicionado bruto a preços correntes da agropecuária;Mil Reais;5681.0;5681.0;disponivel
N6;Município;2300903;Apuiarés - CE;2021;2021;513;Valor adicionado bruto a preços correntes da agropecuária;Mil Reais;11491.0;11491.0;disponivel
N6;Município;2301000;Aquiraz - CE;2021;2021;513;Valor adicionado bruto a preços correntes da agropecuária;Mil Reais;94738.0;94738.0;disponivel
N6;Município;2301109;Aracati - CE;2021;2021;513;Valor adicionado bruto a preços correntes da agropecuária;Mil Reais;130621.0;130621.0;disponivel
N6;Município;2301208;Aracoiaba - CE;2021;2021;513;Valor adicionado bruto a preços correntes da agropecuária;Mil Reais;42995.0;42995.0;disponivel
N6;Município;2301257;Ararendá - CE;2021;2021;513;Valor adicionado bruto a preços correntes da agropecuária;Mil Reais;13293.0;13293.0;disponivel
N6;Município;2301307;Araripe - CE;2021;2021;513;Valor adicionado bruto a preços correntes da agropecuária;Mil Reais;36361.0;36361.0;disponivel
N6;Município;2301406;Aratuba - CE;2021;2021;513;Valor adicionado bruto a preços correntes da agropecuária;Mil Reais;51354.0;51354.0;disponivel
N6;Município;2301505;Arneiroz - CE;2021;2021;513;Valor adicionado bruto a preços correntes da agropecuária;Mil Reais;14423.0;14423.0;disponivel
N6;Município;2301604;Assaré - CE;2021;2021;513;Valor adicionado bruto a preços correntes da agropecuária;Mil Reais;44520.0;44520.0;disponivel
N6;Município;2301703;Aurora - CE;2021;2021;513;Valor adicionado bruto a preços correntes da agropecuária;Mil Reais;31833.0;31833.0;disponivel
N6;Município;2301802;Baixio - CE;2021;2021;513;Valor adicionado bruto a preços correntes da agropecuária;Mil Reais;14267.0;14267.0;disponivel
N6;Município;2301851;Banabuiú - CE;2021;2021;513;Valor adicionado bruto a preços correntes da agropecuária;Mil Reais;52282.0;52282.0;disponivel
N6;Município;2301901;Barbalha - CE;2021;2021;513;Valor adicionado bruto a preços correntes da agropecuária;Mil Reais;143307.0;143307.0;disponivel
N6;Município;2301950;Barreira - CE;2021;2021;513;Valor adicionado bruto a preços correntes da agropecuária;Mil Reais;35044.0;35044.0;disponivel
N6;Município;2302008;Barro - CE;2021;2021;513;Valor adicionado bruto a preços correntes da agropecuária;Mil Reais;44071.0;44071.0;disponivel
N6;Município;2302057;Barroquinha - CE;2021;2021;513;Valor adicionado bruto a preços correntes da agropecuária;Mil Reais;13203.0;13203.0;disponivel
N6;Município;2302107;Baturité - CE;2021;2021;513;Valor adicionado bruto a preços correntes da agropecuária;Mil Reais;36852.0;36852.0;disponivel
N6;Município;2302206;Beberibe - CE;2021;2021;513;Valor adicionado bruto a preços correntes da agropecuária;Mil Reais;370244.0;370244.0;disponivel
N6;Município;2302305;Bela Cruz - CE;2021;2021;513;Valor adicionado bruto a preços correntes da agropecuária;Mil Reais;65661.0;65661.0;disponivel
N6;Município;2302404;Boa Viagem - CE;2021;2021;513;Valor adicionado bruto a preços correntes da agropecuária;Mil Reais;61799.0;61799.0;disponivel
N6;Município;2302503;Brejo Santo - CE;2021;2021;513;Valor adicionado bruto a preços correntes da agropecuária;Mil Reais;83140.0;83140.0;disponivel
N6;Município;2302602;Camocim - CE;2021;2021;513;Valor adicionado bruto a preços correntes da agropecuária;Mil Reais;96180.0;96180.0;disponivel
N6;Município;2302701;Campos Sales - CE;2021;2021;513;Valor adicionado bruto a preços correntes da agropecuária;Mil Reais;38765.0;38765.0;disponivel
N6;Município;2302800;Canindé - CE;2021;2021;513;Valor adicionado bruto a preços correntes da agropecuária;Mil Reais;60721.0;60721.0;disponivel
N6;Município;2302909;Capistrano - CE;2021;2021;513;Valor adicionado bruto a preços correntes da agropecuária;Mil Reais;26508.0;26508.0;disponivel
N6;Município;2303006;Caridade - CE;2021;2021;513;Valor adicionado bruto a preços correntes da agropecuária;Mil Reais;20721.0;20721.0;disponivel
N6;Município;2303105;Cariré - CE;2021;2021;513;Valor adicionado bruto a preços correntes da agropecuária;Mil Reais;54357.0;54357.0;disponivel
N6;Município;2303204;Caririaçu - CE;2021;2021;513;Valor adicionado bruto a preços correntes da agropecuária;Mil Reais;46161.0;46161.0;disponivel
N6;Município;2303303;Cariús - CE;2021;2021;513;Valor adicionado bruto a preços correntes da agropecuária;Mil Reais;51365.0;51365.0;disponivel
N6;Município;2303402;Carnaubal - CE;2021;2021;513;Valor adicionado bruto a preços correntes da agropecuária;Mil Reais;17685.0;17685.0;disponivel
N6;Município;2303501;Cascavel - CE;2021;2021;513;Valor adicionado bruto a preços correntes da agropecuária;Mil Reais;127386.0;127386.0;disponivel
N6;Município;2303600;Catarina - CE;2021;2021;513;Valor adicionado bruto a preços correntes da agropecuária;Mil Reais;24702.0;24702.0;disponivel
N6;Município;2303659;Catunda - CE;2021;2021;513;Valor adicionado bruto a preços correntes da agropecuária;Mil Reais;16349.0;16349.0;disponivel
N6;Município;2303709;Caucaia - CE;2021;2021;513;Valor adicionado bruto a preços correntes da agropecuária;Mil Reais;64801.0;64801.0;disponivel
N6;Município;2303808;Cedro - CE;2021;2021;513;Valor adicionado bruto a preços correntes da agropecuária;Mil Reais;40875.0;40875.0;disponivel
N6;Município;2303907;Chaval - CE;2021;2021;513;Valor adicionado bruto a preços correntes da agropecuária;Mil Reais;5685.0;5685.0;disponivel
N6;Município;2303931;Choró - CE;2021;2021;513;Valor adicionado bruto a preços correntes da agropecuária;Mil Reais;13500.0;13500.0;disponivel
N6;Município;2303956;Chorozinho - CE;2021;2021;513;Valor adicionado bruto a preços correntes da agropecuária;Mil Reais;18176.0;18176.0;disponivel
N6;Município;2304004;Coreaú - CE;2021;2021;513;Valor adicionado bruto a preços correntes da agropecuária;Mil Reais;25966.0;25966.0;disponivel
N6;Município;2304103;Crateús - CE;2021;2021;513;Valor adicionado bruto a preços correntes da agropecuária;Mil Reais;92298.0;92298.0;disponivel
N6;Município;2304202;Crato - CE;2021;2021;513;Valor adicionado bruto a preços correntes da agropecuária;Mil Reais;66634.0;66634.0;disponivel
N6;Município;2304236;Croatá - CE;2021;2021;513;Valor adicionado bruto a preços correntes da agropecuária;Mil Reais;75084.0;75084.0;disponivel
N6;Município;2304251;Cruz - CE;2021;2021;513;Valor adicionado bruto a preços correntes da agropecuária;Mil Reais;26657.0;26657.0;disponivel
N6;Município;2304269;Deputado Irapuan Pinheiro - CE;2021;2021;513;Valor adicionado bruto a preços correntes da agropecuária;Mil Reais;23492.0;23492.0;disponivel
N6;Município;2304277;Ereré - CE;2021;2021;513;Valor adicionado bruto a preços correntes da agropecuária;Mil Reais;20726.0;20726.0;disponivel
N6;Município;2304285;Eusébio - CE;2021;2021;513;Valor adicionado bruto a preços correntes da agropecuária;Mil Reais;24767.0;24767.0;disponivel
N6;Município;2304301;Farias Brito - CE;2021;2021;513;Valor adicionado bruto a preços correntes da agropecuária;Mil Reais;46355.0;46355.0;disponivel
N6;Município;2304350;Forquilha - CE;2021;2021;513;Valor adicionado bruto a preços correntes da agropecuária;Mil Reais;26869.0;26869.0;disponivel
N6;Município;2304400;Fortaleza - CE;2021;2021;513;Valor adicionado bruto a preços correntes da agropecuária;Mil Reais;107143.0;107143.0;disponivel
N6;Município;2304459;Fortim - CE;2021;2021;513;Valor adicionado bruto a preços correntes da agropecuária;Mil Reais;26665.0;26665.0;disponivel
N6;Município;2304509;Frecheirinha - CE;2021;2021;513;Valor adicionado bruto a preços correntes da agropecuária;Mil Reais;11323.0;11323.0;disponivel
N6;Município;2304608;General Sampaio - CE;2021;2021;513;Valor adicionado bruto a preços correntes da agropecuária;Mil Reais;8641.0;8641.0;disponivel
N6;Município;2304657;Graça - CE;2021;2021;513;Valor adicionado bruto a preços correntes da agropecuária;Mil Reais;13642.0;13642.0;disponivel
N6;Município;2304707;Granja - CE;2021;2021;513;Valor adicionado bruto a preços correntes da agropecuária;Mil Reais;64860.0;64860.0;disponivel
N6;Município;2304806;Granjeiro - CE;2021;2021;513;Valor adicionado bruto a preços correntes da agropecuária;Mil Reais;10225.0;10225.0;disponivel
N6;Município;2304905;Groaíras - CE;2021;2021;513;Valor adicionado bruto a preços correntes da agropecuária;Mil Reais;10043.0;10043.0;disponivel
N6;Município;2304954;Guaiúba - CE;2021;2021;513;Valor adicionado bruto a preços correntes da agropecuária;Mil Reais;23415.0;23415.0;disponivel
N6;Município;2305001;Guaraciaba do Norte - CE;2021;2021;513;Valor adicionado bruto a preços correntes da agropecuária;Mil Reais;252867.0;252867.0;disponivel
N6;Município;2305100;Guaramiranga - CE;2021;2021;513;Valor adicionado bruto a preços correntes da agropecuária;Mil Reais;9979.0;9979.0;disponivel
N6;Município;2305209;Hidrolândia - CE;2021;2021;513;Valor adicionado bruto a preços correntes da agropecuária;Mil Reais;32788.0;32788.0;disponivel
N6;Município;2305233;Horizonte - CE;2021;2021;513;Valor adicionado bruto a preços correntes da agropecuária;Mil Reais;103735.0;103735.0;disponivel
N6;Município;2305266;Ibaretama - CE;2021;2021;513;Valor adicionado bruto a preços correntes da agropecuária;Mil Reais;21880.0;21880.0;disponivel
N6;Município;2305308;Ibiapina - CE;2021;2021;513;Valor adicionado bruto a preços correntes da agropecuária;Mil Reais;94854.0;94854.0;disponivel
N6;Município;2305332;Ibicuitinga - CE;2021;2021;513;Valor adicionado bruto a preços correntes da agropecuária;Mil Reais;19062.0;19062.0;disponivel
N6;Município;2305357;Icapuí - CE;2021;2021;513;Valor adicionado bruto a preços correntes da agropecuária;Mil Reais;52514.0;52514.0;disponivel
N6;Município;2305407;Icó - CE;2021;2021;513;Valor adicionado bruto a preços correntes da agropecuária;Mil Reais;110148.0;110148.0;disponivel
N6;Município;2305506;Iguatu - CE;2021;2021;513;Valor adicionado bruto a preços correntes da agropecuária;Mil Reais;225091.0;225091.0;disponivel
N6;Município;2305605;Independência - CE;2021;2021;513;Valor adicionado bruto a preços correntes da agropecuária;Mil Reais;113623.0;113623.0;disponivel
N6;Município;2305654;Ipaporanga - CE;2021;2021;513;Valor adicionado bruto a preços correntes da agropecuária;Mil Reais;26432.0;26432.0;disponivel
N6;Município;2305704;Ipaumirim - CE;2021;2021;513;Valor adicionado bruto a preços correntes da agropecuária;Mil Reais;24282.0;24282.0;disponivel
N6;Município;2305803;Ipu - CE;2021;2021;513;Valor adicionado bruto a preços correntes da agropecuária;Mil Reais;113185.0;113185.0;disponivel
N6;Município;2305902;Ipueiras - CE;2021;2021;513;Valor adicionado bruto a preços correntes da agropecuária;Mil Reais;34647.0;34647.0;disponivel
N6;Município;2306009;Iracema - CE;2021;2021;513;Valor adicionado bruto a preços correntes da agropecuária;Mil Reais;45057.0;45057.0;disponivel
N6;Município;2306108;Irauçuba - CE;2021;2021;513;Valor adicionado bruto a preços correntes da agropecuária;Mil Reais;21074.0;21074.0;disponivel
N6;Município;2306207;Itaiçaba - CE;2021;2021;513;Valor adicionado bruto a preços correntes da agropecuária;Mil Reais;9883.0;9883.0;disponivel
N6;Município;2306256;Itaitinga - CE;2021;2021;513;Valor adicionado bruto a preços correntes da agropecuária;Mil Reais;7208.0;7208.0;disponivel
N6;Município;2306306;Itapajé - CE;2021;2021;513;Valor adicionado bruto a preços correntes da agropecuária;Mil Reais;62630.0;62630.0;disponivel
N6;Município;2306405;Itapipoca - CE;2021;2021;513;Valor adicionado bruto a preços correntes da agropecuária;Mil Reais;99881.0;99881.0;disponivel
N6;Município;2306504;Itapiúna - CE;2021;2021;513;Valor adicionado bruto a preços correntes da agropecuária;Mil Reais;19789.0;19789.0;disponivel
N6;Município;2306553;Itarema - CE;2021;2021;513;Valor adicionado bruto a preços correntes da agropecuária;Mil Reais;77678.0;77678.0;disponivel
N6;Município;2306603;Itatira - CE;2021;2021;513;Valor adicionado bruto a preços correntes da agropecuária;Mil Reais;19478.0;19478.0;disponivel
N6;Município;2306702;Jaguaretama - CE;2021;2021;513;Valor adicionado bruto a preços correntes da agropecuária;Mil Reais;70782.0;70782.0;disponivel
N6;Município;2306801;Jaguaribara - CE;2021;2021;513;Valor adicionado bruto a preços correntes da agropecuária;Mil Reais;31063.0;31063.0;disponivel
N6;Município;2306900;Jaguaribe - CE;2021;2021;513;Valor adicionado bruto a preços correntes da agropecuária;Mil Reais;89542.0;89542.0;disponivel
N6;Município;2307007;Jaguaruana - CE;2021;2021;513;Valor adicionado bruto a preços correntes da agropecuária;Mil Reais;86794.0;86794.0;disponivel
N6;Município;2307106;Jardim - CE;2021;2021;513;Valor adicionado bruto a preços correntes da agropecuária;Mil Reais;67180.0;67180.0;disponivel
N6;Município;2307205;Jati - CE;2021;2021;513;Valor adicionado bruto a preços correntes da agropecuária;Mil Reais;16466.0;16466.0;disponivel
N6;Município;2307254;Jijoca de Jericoacoara - CE;2021;2021;513;Valor adicionado bruto a preços correntes da agropecuária;Mil Reais;9075.0;9075.0;disponivel
N6;Município;2307304;Juazeiro do Norte - CE;2021;2021;513;Valor adicionado bruto a preços correntes da agropecuária;Mil Reais;31925.0;31925.0;disponivel
N6;Município;2307403;Jucás - CE;2021;2021;513;Valor adicionado bruto a preços correntes da agropecuária;Mil Reais;54654.0;54654.0;disponivel
N6;Município;2307502;Lavras da Mangabeira - CE;2021;2021;513;Valor adicionado bruto a preços correntes da agropecuária;Mil Reais;89546.0;89546.0;disponivel
N6;Município;2307601;Limoeiro do Norte - CE;2021;2021;513;Valor adicionado bruto a preços correntes da agropecuária;Mil Reais;329454.0;329454.0;disponivel
N6;Município;2307635;Madalena - CE;2021;2021;513;Valor adicionado bruto a preços correntes da agropecuária;Mil Reais;21177.0;21177.0;disponivel
N6;Município;2307650;Maracanaú - CE;2021;2021;513;Valor adicionado bruto a preços correntes da agropecuária;Mil Reais;19854.0;19854.0;disponivel
N6;Município;2307700;Maranguape - CE;2021;2021;513;Valor adicionado bruto a preços correntes da agropecuária;Mil Reais;64265.0;64265.0;disponivel
N6;Município;2307809;Marco - CE;2021;2021;513;Valor adicionado bruto a preços correntes da agropecuária;Mil Reais;25369.0;25369.0;disponivel
N6;Município;2307908;Martinópole - CE;2021;2021;513;Valor adicionado bruto a preços correntes da agropecuária;Mil Reais;7437.0;7437.0;disponivel
N6;Município;2308005;Massapê - CE;2021;2021;513;Valor adicionado bruto a preços correntes da agropecuária;Mil Reais;27082.0;27082.0;disponivel
N6;Município;2308104;Mauriti - CE;2021;2021;513;Valor adicionado bruto a preços correntes da agropecuária;Mil Reais;128284.0;128284.0;disponivel
N6;Município;2308203;Meruoca - CE;2021;2021;513;Valor adicionado bruto a preços correntes da agropecuária;Mil Reais;8694.0;8694.0;disponivel
N6;Município;2308302;Milagres - CE;2021;2021;513;Valor adicionado bruto a preços correntes da agropecuária;Mil Reais;34876.0;34876.0;disponivel
N6;Município;2308351;Milhã - CE;2021;2021;513;Valor adicionado bruto a preços correntes da agropecuária;Mil Reais;80564.0;80564.0;disponivel
N6;Município;2308377;Miraíma - CE;2021;2021;513;Valor adicionado bruto a preços correntes da agropecuária;Mil Reais;14084.0;14084.0;disponivel
N6;Município;2308401;Missão Velha - CE;2021;2021;513;Valor adicionado bruto a preços correntes da agropecuária;Mil Reais;198476.0;198476.0;disponivel
N6;Município;2308500;Mombaça - CE;2021;2021;513;Valor adicionado bruto a preços correntes da agropecuária;Mil Reais;74484.0;74484.0;disponivel
N6;Município;2308609;Monsenhor Tabosa - CE;2021;2021;513;Valor adicionado bruto a preços correntes da agropecuária;Mil Reais;20111.0;20111.0;disponivel
N6;Município;2308708;Morada Nova - CE;2021;2021;513;Valor adicionado bruto a preços correntes da agropecuária;Mil Reais;205851.0;205851.0;disponivel
N6;Município;2308807;Moraújo - CE;2021;2021;513;Valor adicionado bruto a preços correntes da agropecuária;Mil Reais;13677.0;13677.0;disponivel
N6;Município;2308906;Morrinhos - CE;2021;2021;513;Valor adicionado bruto a preços correntes da agropecuária;Mil Reais;14053.0;14053.0;disponivel
N6;Município;2309003;Mucambo - CE;2021;2021;513;Valor adicionado bruto a preços correntes da agropecuária;Mil Reais;10837.0;10837.0;disponivel
N6;Município;2309102;Mulungu - CE;2021;2021;513;Valor adicionado bruto a preços correntes da agropecuária;Mil Reais;31128.0;31128.0;disponivel
N6;Município;2309201;Nova Olinda - CE;2021;2021;513;Valor adicionado bruto a preços correntes da agropecuária;Mil Reais;16968.0;16968.0;disponivel
N6;Município;2309300;Nova Russas - CE;2021;2021;513;Valor adicionado bruto a preços correntes da agropecuária;Mil Reais;15980.0;15980.0;disponivel
N6;Município;2309409;Novo Oriente - CE;2021;2021;513;Valor adicionado bruto a preços correntes da agropecuária;Mil Reais;44097.0;44097.0;disponivel
N6;Município;2309458;Ocara - CE;2021;2021;513;Valor adicionado bruto a preços correntes da agropecuária;Mil Reais;48855.0;48855.0;disponivel
N6;Município;2309508;Orós - CE;2021;2021;513;Valor adicionado bruto a preços correntes da agropecuária;Mil Reais;33614.0;33614.0;disponivel
N6;Município;2309607;Pacajus - CE;2021;2021;513;Valor adicionado bruto a preços correntes da agropecuária;Mil Reais;47299.0;47299.0;disponivel
N6;Município;2309706;Pacatuba - CE;2021;2021;513;Valor adicionado bruto a preços correntes da agropecuária;Mil Reais;27969.0;27969.0;disponivel
N6;Município;2309805;Pacoti - CE;2021;2021;513;Valor adicionado bruto a preços correntes da agropecuária;Mil Reais;45198.0;45198.0;disponivel
N6;Município;2309904;Pacujá - CE;2021;2021;513;Valor adicionado bruto a preços correntes da agropecuária;Mil Reais;4262.0;4262.0;disponivel
N6;Município;2310001;Palhano - CE;2021;2021;513;Valor adicionado bruto a preços correntes da agropecuária;Mil Reais;17809.0;17809.0;disponivel
N6;Município;2310100;Palmácia - CE;2021;2021;513;Valor adicionado bruto a preços correntes da agropecuária;Mil Reais;28075.0;28075.0;disponivel
N6;Município;2310209;Paracuru - CE;2021;2021;513;Valor adicionado bruto a preços correntes da agropecuária;Mil Reais;49258.0;49258.0;disponivel
N6;Município;2310258;Paraipaba - CE;2021;2021;513;Valor adicionado bruto a preços correntes da agropecuária;Mil Reais;126270.0;126270.0;disponivel
N6;Município;2310308;Parambu - CE;2021;2021;513;Valor adicionado bruto a preços correntes da agropecuária;Mil Reais;47932.0;47932.0;disponivel
N6;Município;2310407;Paramoti - CE;2021;2021;513;Valor adicionado bruto a preços correntes da agropecuária;Mil Reais;18704.0;18704.0;disponivel
N6;Município;2310506;Pedra Branca - CE;2021;2021;513;Valor adicionado bruto a preços correntes da agropecuária;Mil Reais;40783.0;40783.0;disponivel
N6;Município;2310605;Penaforte - CE;2021;2021;513;Valor adicionado bruto a preços correntes da agropecuária;Mil Reais;13898.0;13898.0;disponivel
N6;Município;2310704;Pentecoste - CE;2021;2021;513;Valor adicionado bruto a preços correntes da agropecuária;Mil Reais;59071.0;59071.0;disponivel
N6;Município;2310803;Pereiro - CE;2021;2021;513;Valor adicionado bruto a preços correntes da agropecuária;Mil Reais;34847.0;34847.0;disponivel
N6;Município;2310852;Pindoretama - CE;2021;2021;513;Valor adicionado bruto a preços correntes da agropecuária;Mil Reais;26560.0;26560.0;disponivel
N6;Município;2310902;Piquet Carneiro - CE;2021;2021;513;Valor adicionado bruto a preços correntes da agropecuária;Mil Reais;28524.0;28524.0;disponivel
N6;Município;2310951;Pires Ferreira - CE;2021;2021;513;Valor adicionado bruto a preços correntes da agropecuária;Mil Reais;17675.0;17675.0;disponivel
N6;Município;2311009;Poranga - CE;2021;2021;513;Valor adicionado bruto a preços correntes da agropecuária;Mil Reais;10439.0;10439.0;disponivel
N6;Município;2311108;Porteiras - CE;2021;2021;513;Valor adicionado bruto a preços correntes da agropecuária;Mil Reais;50607.0;50607.0;disponivel
N6;Município;2311207;Potengi - CE;2021;2021;513;Valor adicionado bruto a preços correntes da agropecuária;Mil Reais;20472.0;20472.0;disponivel
N6;Município;2311231;Potiretama - CE;2021;2021;513;Valor adicionado bruto a preços correntes da agropecuária;Mil Reais;29676.0;29676.0;disponivel
N6;Município;2311264;Quiterianópolis - CE;2021;2021;513;Valor adicionado bruto a preços correntes da agropecuária;Mil Reais;27760.0;27760.0;disponivel
N6;Município;2311306;Quixadá - CE;2021;2021;513;Valor adicionado bruto a preços correntes da agropecuária;Mil Reais;104794.0;104794.0;disponivel
N6;Município;2311355;Quixelô - CE;2021;2021;513;Valor adicionado bruto a preços correntes da agropecuária;Mil Reais;67571.0;67571.0;disponivel
N6;Município;2311405;Quixeramobim - CE;2021;2021;513;Valor adicionado bruto a preços correntes da agropecuária;Mil Reais;149436.0;149436.0;disponivel
N6;Município;2311504;Quixeré - CE;2021;2021;513;Valor adicionado bruto a preços correntes da agropecuária;Mil Reais;108210.0;108210.0;disponivel
N6;Município;2311603;Redenção - CE;2021;2021;513;Valor adicionado bruto a preços correntes da agropecuária;Mil Reais;95815.0;95815.0;disponivel
N6;Município;2311702;Reriutaba - CE;2021;2021;513;Valor adicionado bruto a preços correntes da agropecuária;Mil Reais;22122.0;22122.0;disponivel
N6;Município;2311801;Russas - CE;2021;2021;513;Valor adicionado bruto a preços correntes da agropecuária;Mil Reais;120601.0;120601.0;disponivel
N6;Município;2311900;Saboeiro - CE;2021;2021;513;Valor adicionado bruto a preços correntes da agropecuária;Mil Reais;53256.0;53256.0;disponivel
N6;Município;2311959;Salitre - CE;2021;2021;513;Valor adicionado bruto a preços correntes da agropecuária;Mil Reais;25194.0;25194.0;disponivel
N6;Município;2312007;Santana do Acaraú - CE;2021;2021;513;Valor adicionado bruto a preços correntes da agropecuária;Mil Reais;49538.0;49538.0;disponivel
N6;Município;2312106;Santana do Cariri - CE;2021;2021;513;Valor adicionado bruto a preços correntes da agropecuária;Mil Reais;28383.0;28383.0;disponivel
N6;Município;2312205;Santa Quitéria - CE;2021;2021;513;Valor adicionado bruto a preços correntes da agropecuária;Mil Reais;97193.0;97193.0;disponivel
N6;Município;2312304;São Benedito - CE;2021;2021;513;Valor adicionado bruto a preços correntes da agropecuária;Mil Reais;154035.0;154035.0;disponivel
N6;Município;2312403;São Gonçalo do Amarante - CE;2021;2021;513;Valor adicionado bruto a preços correntes da agropecuária;Mil Reais;47518.0;47518.0;disponivel
N6;Município;2312502;São João do Jaguaribe - CE;2021;2021;513;Valor adicionado bruto a preços correntes da agropecuária;Mil Reais;46655.0;46655.0;disponivel
N6;Município;2312601;São Luís do Curu - CE;2021;2021;513;Valor adicionado bruto a preços correntes da agropecuária;Mil Reais;15048.0;15048.0;disponivel
N6;Município;2312700;Senador Pompeu - CE;2021;2021;513;Valor adicionado bruto a preços correntes da agropecuária;Mil Reais;45086.0;45086.0;disponivel
N6;Município;2312809;Senador Sá - CE;2021;2021;513;Valor adicionado bruto a preços correntes da agropecuária;Mil Reais;7651.0;7651.0;disponivel
N6;Município;2312908;Sobral - CE;2021;2021;513;Valor adicionado bruto a preços correntes da agropecuária;Mil Reais;51617.0;51617.0;disponivel
N6;Município;2313005;Solonópole - CE;2021;2021;513;Valor adicionado bruto a preços correntes da agropecuária;Mil Reais;63627.0;63627.0;disponivel
N6;Município;2313104;Tabuleiro do Norte - CE;2021;2021;513;Valor adicionado bruto a preços correntes da agropecuária;Mil Reais;54072.0;54072.0;disponivel
N6;Município;2313203;Tamboril - CE;2021;2021;513;Valor adicionado bruto a preços correntes da agropecuária;Mil Reais;70097.0;70097.0;disponivel
N6;Município;2313252;Tarrafas - CE;2021;2021;513;Valor adicionado bruto a preços correntes da agropecuária;Mil Reais;19124.0;19124.0;disponivel
N6;Município;2313302;Tauá - CE;2021;2021;513;Valor adicionado bruto a preços correntes da agropecuária;Mil Reais;99459.0;99459.0;disponivel
N6;Município;2313351;Tejuçuoca - CE;2021;2021;513;Valor adicionado bruto a preços correntes da agropecuária;Mil Reais;12026.0;12026.0;disponivel
N6;Município;2313401;Tianguá - CE;2021;2021;513;Valor adicionado bruto a preços correntes da agropecuária;Mil Reais;344455.0;344455.0;disponivel
N6;Município;2313500;Trairi - CE;2021;2021;513;Valor adicionado bruto a preços correntes da agropecuária;Mil Reais;72027.0;72027.0;disponivel
N6;Município;2313559;Tururu - CE;2021;2021;513;Valor adicionado bruto a preços correntes da agropecuária;Mil Reais;17268.0;17268.0;disponivel
N6;Município;2313609;Ubajara - CE;2021;2021;513;Valor adicionado bruto a preços correntes da agropecuária;Mil Reais;169107.0;169107.0;disponivel
N6;Município;2313708;Umari - CE;2021;2021;513;Valor adicionado bruto a preços correntes da agropecuária;Mil Reais;15164.0;15164.0;disponivel
N6;Município;2313757;Umirim - CE;2021;2021;513;Valor adicionado bruto a preços correntes da agropecuária;Mil Reais;33360.0;33360.0;disponivel
N6;Município;2313807;Uruburetama - CE;2021;2021;513;Valor adicionado bruto a preços correntes da agropecuária;Mil Reais;56494.0;56494.0;disponivel
N6;Município;2313906;Uruoca - CE;2021;2021;513;Valor adicionado bruto a preços correntes da agropecuária;Mil Reais;25219.0;25219.0;disponivel
N6;Município;2313955;Varjota - CE;2021;2021;513;Valor adicionado bruto a preços correntes da agropecuária;Mil Reais;153292.0;153292.0;disponivel
N6;Município;2314003;Várzea Alegre - CE;2021;2021;513;Valor adicionado bruto a preços correntes da agropecuária;Mil Reais;64327.0;64327.0;disponivel
N6;Município;2314102;Viçosa do Ceará - CE;2021;2021;513;Valor adicionado bruto a preços correntes da agropecuária;Mil Reais;127798.0;127798.0;disponivel
N1;Brasil;1;Brasil;2021;2021;516;Participação do valor adicionado bruto a preços correntes da agropecuária no valor adicionado bruto a preços correntes total;%;7.66;7.66;disponivel
N3;Unidade da Federação;23;Ceará;2021;2021;516;Participação do valor adicionado bruto a preços correntes da agropecuária no valor adicionado bruto a preços correntes total;%;6.23;6.23;disponivel
N6;Município;2300101;Abaiara - CE;2021;2021;516;Participação do valor adicionado bruto a preços correntes da agropecuária no valor adicionado bruto a preços correntes total;%;20.99;20.99;disponivel
N6;Município;2300150;Acarape - CE;2021;2021;516;Participação do valor adicionado bruto a preços correntes da agropecuária no valor adicionado bruto a preços correntes total;%;5.52;5.52;disponivel
N6;Município;2300200;Acaraú - CE;2021;2021;516;Participação do valor adicionado bruto a preços correntes da agropecuária no valor adicionado bruto a preços correntes total;%;13.97;13.97;disponivel
N6;Município;2300309;Acopiara - CE;2021;2021;516;Participação do valor adicionado bruto a preços correntes da agropecuária no valor adicionado bruto a preços correntes total;%;27.58;27.58;disponivel
N6;Município;2300408;Aiuaba - CE;2021;2021;516;Participação do valor adicionado bruto a preços correntes da agropecuária no valor adicionado bruto a preços correntes total;%;23.34;23.34;disponivel
N6;Município;2300507;Alcântaras - CE;2021;2021;516;Participação do valor adicionado bruto a preços correntes da agropecuária no valor adicionado bruto a preços correntes total;%;8.92;8.92;disponivel
N6;Município;2300606;Altaneira - CE;2021;2021;516;Participação do valor adicionado bruto a preços correntes da agropecuária no valor adicionado bruto a preços correntes total;%;13.28;13.28;disponivel
N6;Município;2300705;Alto Santo - CE;2021;2021;516;Participação do valor adicionado bruto a preços correntes da agropecuária no valor adicionado bruto a preços correntes total;%;32.9;32.9;disponivel
N6;Município;2300754;Amontada - CE;2021;2021;516;Participação do valor adicionado bruto a preços correntes da agropecuária no valor adicionado bruto a preços correntes total;%;8.66;8.66;disponivel
N6;Município;2300804;Antonina do Norte - CE;2021;2021;516;Participação do valor adicionado bruto a preços correntes da agropecuária no valor adicionado bruto a preços correntes total;%;7.64;7.64;disponivel
N6;Município;2300903;Apuiarés - CE;2021;2021;516;Participação do valor adicionado bruto a preços correntes da agropecuária no valor adicionado bruto a preços correntes total;%;10.05;10.05;disponivel
N6;Município;2301000;Aquiraz - CE;2021;2021;516;Participação do valor adicionado bruto a preços correntes da agropecuária no valor adicionado bruto a preços correntes total;%;3.32;3.32;disponivel
N6;Município;2301109;Aracati - CE;2021;2021;516;Participação do valor adicionado bruto a preços correntes da agropecuária no valor adicionado bruto a preços correntes total;%;8.39;8.39;disponivel
N6;Município;2301208;Aracoiaba - CE;2021;2021;516;Participação do valor adicionado bruto a preços correntes da agropecuária no valor adicionado bruto a preços correntes total;%;17.14;17.14;disponivel
N6;Município;2301257;Ararendá - CE;2021;2021;516;Participação do valor adicionado bruto a preços correntes da agropecuária no valor adicionado bruto a preços correntes total;%;13.04;13.04;disponivel
N6;Município;2301307;Araripe - CE;2021;2021;516;Participação do valor adicionado bruto a preços correntes da agropecuária no valor adicionado bruto a preços correntes total;%;18.15;18.15;disponivel
N6;Município;2301406;Aratuba - CE;2021;2021;516;Participação do valor adicionado bruto a preços correntes da agropecuária no valor adicionado bruto a preços correntes total;%;35.14;35.14;disponivel
N6;Município;2301505;Arneiroz - CE;2021;2021;516;Participação do valor adicionado bruto a preços correntes da agropecuária no valor adicionado bruto a preços correntes total;%;21.48;21.48;disponivel
N6;Município;2301604;Assaré - CE;2021;2021;516;Participação do valor adicionado bruto a preços correntes da agropecuária no valor adicionado bruto a preços correntes total;%;19.8;19.8;disponivel
N6;Município;2301703;Aurora - CE;2021;2021;516;Participação do valor adicionado bruto a preços correntes da agropecuária no valor adicionado bruto a preços correntes total;%;15.58;15.58;disponivel
N6;Município;2301802;Baixio - CE;2021;2021;516;Participação do valor adicionado bruto a preços correntes da agropecuária no valor adicionado bruto a preços correntes total;%;21.75;21.75;disponivel
N6;Município;2301851;Banabuiú - CE;2021;2021;516;Participação do valor adicionado bruto a preços correntes da agropecuária no valor adicionado bruto a preços correntes total;%;21.28;21.28;disponivel
N6;Município;2301901;Barbalha - CE;2021;2021;516;Participação do valor adicionado bruto a preços correntes da agropecuária no valor adicionado bruto a preços correntes total;%;11.77;11.77;disponivel
N6;Município;2301950;Barreira - CE;2021;2021;516;Participação do valor adicionado bruto a preços correntes da agropecuária no valor adicionado bruto a preços correntes total;%;15.46;15.46;disponivel
N6;Município;2302008;Barro - CE;2021;2021;516;Participação do valor adicionado bruto a preços correntes da agropecuária no valor adicionado bruto a preços correntes total;%;19.3;19.3;disponivel
N6;Município;2302057;Barroquinha - CE;2021;2021;516;Participação do valor adicionado bruto a preços correntes da agropecuária no valor adicionado bruto a preços correntes total;%;10.37;10.37;disponivel
N6;Município;2302107;Baturité - CE;2021;2021;516;Participação do valor adicionado bruto a preços correntes da agropecuária no valor adicionado bruto a preços correntes total;%;8.78;8.78;disponivel
N6;Município;2302206;Beberibe - CE;2021;2021;516;Participação do valor adicionado bruto a preços correntes da agropecuária no valor adicionado bruto a preços correntes total;%;36.49;36.49;disponivel
N6;Município;2302305;Bela Cruz - CE;2021;2021;516;Participação do valor adicionado bruto a preços correntes da agropecuária no valor adicionado bruto a preços correntes total;%;21.36;21.36;disponivel
N6;Município;2302404;Boa Viagem - CE;2021;2021;516;Participação do valor adicionado bruto a preços correntes da agropecuária no valor adicionado bruto a preços correntes total;%;12.3;12.3;disponivel
N6;Município;2302503;Brejo Santo - CE;2021;2021;516;Participação do valor adicionado bruto a preços correntes da agropecuária no valor adicionado bruto a preços correntes total;%;11.12;11.12;disponivel
N6;Município;2302602;Camocim - CE;2021;2021;516;Participação do valor adicionado bruto a preços correntes da agropecuária no valor adicionado bruto a preços correntes total;%;12.19;12.19;disponivel
N6;Município;2302701;Campos Sales - CE;2021;2021;516;Participação do valor adicionado bruto a preços correntes da agropecuária no valor adicionado bruto a preços correntes total;%;14.11;14.11;disponivel
N6;Município;2302800;Canindé - CE;2021;2021;516;Participação do valor adicionado bruto a preços correntes da agropecuária no valor adicionado bruto a preços correntes total;%;7.17;7.17;disponivel
N6;Município;2302909;Capistrano - CE;2021;2021;516;Participação do valor adicionado bruto a preços correntes da agropecuária no valor adicionado bruto a preços correntes total;%;15.86;15.86;disponivel
N6;Município;2303006;Caridade - CE;2021;2021;516;Participação do valor adicionado bruto a preços correntes da agropecuária no valor adicionado bruto a preços correntes total;%;12.0;12.0;disponivel
N6;Município;2303105;Cariré - CE;2021;2021;516;Participação do valor adicionado bruto a preços correntes da agropecuária no valor adicionado bruto a preços correntes total;%;29.41;29.41;disponivel
N6;Município;2303204;Caririaçu - CE;2021;2021;516;Participação do valor adicionado bruto a preços correntes da agropecuária no valor adicionado bruto a preços correntes total;%;19.04;19.04;disponivel
N6;Município;2303303;Cariús - CE;2021;2021;516;Participação do valor adicionado bruto a preços correntes da agropecuária no valor adicionado bruto a preços correntes total;%;29.65;29.65;disponivel
N6;Município;2303402;Carnaubal - CE;2021;2021;516;Participação do valor adicionado bruto a preços correntes da agropecuária no valor adicionado bruto a preços correntes total;%;11.18;11.18;disponivel
N6;Município;2303501;Cascavel - CE;2021;2021;516;Participação do valor adicionado bruto a preços correntes da agropecuária no valor adicionado bruto a preços correntes total;%;12.96;12.96;disponivel
N6;Município;2303600;Catarina - CE;2021;2021;516;Participação do valor adicionado bruto a preços correntes da agropecuária no valor adicionado bruto a preços correntes total;%;16.64;16.64;disponivel
N6;Município;2303659;Catunda - CE;2021;2021;516;Participação do valor adicionado bruto a preços correntes da agropecuária no valor adicionado bruto a preços correntes total;%;15.15;15.15;disponivel
N6;Município;2303709;Caucaia - CE;2021;2021;516;Participação do valor adicionado bruto a preços correntes da agropecuária no valor adicionado bruto a preços correntes total;%;0.77;0.77;disponivel
N6;Município;2303808;Cedro - CE;2021;2021;516;Participação do valor adicionado bruto a preços correntes da agropecuária no valor adicionado bruto a preços correntes total;%;17.57;17.57;disponivel
N6;Município;2303907;Chaval - CE;2021;2021;516;Participação do valor adicionado bruto a preços correntes da agropecuária no valor adicionado bruto a preços correntes total;%;5.42;5.42;disponivel
N6;Município;2303931;Choró - CE;2021;2021;516;Participação do valor adicionado bruto a preços correntes da agropecuária no valor adicionado bruto a preços correntes total;%;8.08;8.08;disponivel
N6;Município;2303956;Chorozinho - CE;2021;2021;516;Participação do valor adicionado bruto a preços correntes da agropecuária no valor adicionado bruto a preços correntes total;%;8.71;8.71;disponivel
N6;Município;2304004;Coreaú - CE;2021;2021;516;Participação do valor adicionado bruto a preços correntes da agropecuária no valor adicionado bruto a preços correntes total;%;12.24;12.24;disponivel
N6;Município;2304103;Crateús - CE;2021;2021;516;Participação do valor adicionado bruto a preços correntes da agropecuária no valor adicionado bruto a preços correntes total;%;10.39;10.39;disponivel
N6;Município;2304202;Crato - CE;2021;2021;516;Participação do valor adicionado bruto a preços correntes da agropecuária no valor adicionado bruto a preços correntes total;%;3.97;3.97;disponivel
N6;Município;2304236;Croatá - CE;2021;2021;516;Participação do valor adicionado bruto a preços correntes da agropecuária no valor adicionado bruto a preços correntes total;%;34.69;34.69;disponivel
N6;Município;2304251;Cruz - CE;2021;2021;516;Participação do valor adicionado bruto a preços correntes da agropecuária no valor adicionado bruto a preços correntes total;%;7.85;7.85;disponivel
N6;Município;2304269;Deputado Irapuan Pinheiro - CE;2021;2021;516;Participação do valor adicionado bruto a preços correntes da agropecuária no valor adicionado bruto a preços correntes total;%;24.26;24.26;disponivel
N6;Município;2304277;Ereré - CE;2021;2021;516;Participação do valor adicionado bruto a preços correntes da agropecuária no valor adicionado bruto a preços correntes total;%;26.57;26.57;disponivel
N6;Município;2304285;Eusébio - CE;2021;2021;516;Participação do valor adicionado bruto a preços correntes da agropecuária no valor adicionado bruto a preços correntes total;%;0.88;0.88;disponivel
N6;Município;2304301;Farias Brito - CE;2021;2021;516;Participação do valor adicionado bruto a preços correntes da agropecuária no valor adicionado bruto a preços correntes total;%;23.99;23.99;disponivel
N6;Município;2304350;Forquilha - CE;2021;2021;516;Participação do valor adicionado bruto a preços correntes da agropecuária no valor adicionado bruto a preços correntes total;%;9.61;9.61;disponivel
N6;Município;2304400;Fortaleza - CE;2021;2021;516;Participação do valor adicionado bruto a preços correntes da agropecuária no valor adicionado bruto a preços correntes total;%;0.18;0.18;disponivel
N6;Município;2304459;Fortim - CE;2021;2021;516;Participação do valor adicionado bruto a preços correntes da agropecuária no valor adicionado bruto a preços correntes total;%;9.12;9.12;disponivel
N6;Município;2304509;Frecheirinha - CE;2021;2021;516;Participação do valor adicionado bruto a preços correntes da agropecuária no valor adicionado bruto a preços correntes total;%;4.6;4.6;disponivel
N6;Município;2304608;General Sampaio - CE;2021;2021;516;Participação do valor adicionado bruto a preços correntes da agropecuária no valor adicionado bruto a preços correntes total;%;10.8;10.8;disponivel
N6;Município;2304657;Graça - CE;2021;2021;516;Participação do valor adicionado bruto a preços correntes da agropecuária no valor adicionado bruto a preços correntes total;%;10.93;10.93;disponivel
N6;Município;2304707;Granja - CE;2021;2021;516;Participação do valor adicionado bruto a preços correntes da agropecuária no valor adicionado bruto a preços correntes total;%;14.56;14.56;disponivel
N6;Município;2304806;Granjeiro - CE;2021;2021;516;Participação do valor adicionado bruto a preços correntes da agropecuária no valor adicionado bruto a preços correntes total;%;20.58;20.58;disponivel
N6;Município;2304905;Groaíras - CE;2021;2021;516;Participação do valor adicionado bruto a preços correntes da agropecuária no valor adicionado bruto a preços correntes total;%;9.72;9.72;disponivel
N6;Município;2304954;Guaiúba - CE;2021;2021;516;Participação do valor adicionado bruto a preços correntes da agropecuária no valor adicionado bruto a preços correntes total;%;10.63;10.63;disponivel
N6;Município;2305001;Guaraciaba do Norte - CE;2021;2021;516;Participação do valor adicionado bruto a preços correntes da agropecuária no valor adicionado bruto a preços correntes total;%;40.0;40.0;disponivel
N6;Município;2305100;Guaramiranga - CE;2021;2021;516;Participação do valor adicionado bruto a preços correntes da agropecuária no valor adicionado bruto a preços correntes total;%;13.03;13.03;disponivel
N6;Município;2305209;Hidrolândia - CE;2021;2021;516;Participação do valor adicionado bruto a preços correntes da agropecuária no valor adicionado bruto a preços correntes total;%;18.53;18.53;disponivel
N6;Município;2305233;Horizonte - CE;2021;2021;516;Participação do valor adicionado bruto a preços correntes da agropecuária no valor adicionado bruto a preços correntes total;%;5.88;5.88;disponivel
N6;Município;2305266;Ibaretama - CE;2021;2021;516;Participação do valor adicionado bruto a preços correntes da agropecuária no valor adicionado bruto a preços correntes total;%;17.36;17.36;disponivel
N6;Município;2305308;Ibiapina - CE;2021;2021;516;Participação do valor adicionado bruto a preços correntes da agropecuária no valor adicionado bruto a preços correntes total;%;28.75;28.75;disponivel
N6;Município;2305332;Ibicuitinga - CE;2021;2021;516;Participação do valor adicionado bruto a preços correntes da agropecuária no valor adicionado bruto a preços correntes total;%;15.96;15.96;disponivel
N6;Município;2305357;Icapuí - CE;2021;2021;516;Participação do valor adicionado bruto a preços correntes da agropecuária no valor adicionado bruto a preços correntes total;%;13.82;13.82;disponivel
N6;Município;2305407;Icó - CE;2021;2021;516;Participação do valor adicionado bruto a preços correntes da agropecuária no valor adicionado bruto a preços correntes total;%;15.99;15.99;disponivel
N6;Município;2305506;Iguatu - CE;2021;2021;516;Participação do valor adicionado bruto a preços correntes da agropecuária no valor adicionado bruto a preços correntes total;%;13.28;13.28;disponivel
N6;Município;2305605;Independência - CE;2021;2021;516;Participação do valor adicionado bruto a preços correntes da agropecuária no valor adicionado bruto a preços correntes total;%;38.51;38.51;disponivel
N6;Município;2305654;Ipaporanga - CE;2021;2021;516;Participação do valor adicionado bruto a preços correntes da agropecuária no valor adicionado bruto a preços correntes total;%;24.15;24.15;disponivel
N6;Município;2305704;Ipaumirim - CE;2021;2021;516;Participação do valor adicionado bruto a preços correntes da agropecuária no valor adicionado bruto a preços correntes total;%;18.2;18.2;disponivel
N6;Município;2305803;Ipu - CE;2021;2021;516;Participação do valor adicionado bruto a preços correntes da agropecuária no valor adicionado bruto a preços correntes total;%;23.21;23.21;disponivel
N6;Município;2305902;Ipueiras - CE;2021;2021;516;Participação do valor adicionado bruto a preços correntes da agropecuária no valor adicionado bruto a preços correntes total;%;11.12;11.12;disponivel
N6;Município;2306009;Iracema - CE;2021;2021;516;Participação do valor adicionado bruto a preços correntes da agropecuária no valor adicionado bruto a preços correntes total;%;24.27;24.27;disponivel
N6;Município;2306108;Irauçuba - CE;2021;2021;516;Participação do valor adicionado bruto a preços correntes da agropecuária no valor adicionado bruto a preços correntes total;%;10.2;10.2;disponivel
N6;Município;2306207;Itaiçaba - CE;2021;2021;516;Participação do valor adicionado bruto a preços correntes da agropecuária no valor adicionado bruto a preços correntes total;%;12.73;12.73;disponivel
N6;Município;2306256;Itaitinga - CE;2021;2021;516;Participação do valor adicionado bruto a preços correntes da agropecuária no valor adicionado bruto a preços correntes total;%;0.72;0.72;disponivel
N6;Município;2306306;Itapajé - CE;2021;2021;516;Participação do valor adicionado bruto a preços correntes da agropecuária no valor adicionado bruto a preços correntes total;%;11.31;11.31;disponivel
N6;Município;2306405;Itapipoca - CE;2021;2021;516;Participação do valor adicionado bruto a preços correntes da agropecuária no valor adicionado bruto a preços correntes total;%;6.2;6.2;disponivel
N6;Município;2306504;Itapiúna - CE;2021;2021;516;Participação do valor adicionado bruto a preços correntes da agropecuária no valor adicionado bruto a preços correntes total;%;12.18;12.18;disponivel
N6;Município;2306553;Itarema - CE;2021;2021;516;Participação do valor adicionado bruto a preços correntes da agropecuária no valor adicionado bruto a preços correntes total;%;10.73;10.73;disponivel
N6;Município;2306603;Itatira - CE;2021;2021;516;Participação do valor adicionado bruto a preços correntes da agropecuária no valor adicionado bruto a preços correntes total;%;11.72;11.72;disponivel
N6;Município;2306702;Jaguaretama - CE;2021;2021;516;Participação do valor adicionado bruto a preços correntes da agropecuária no valor adicionado bruto a preços correntes total;%;32.87;32.87;disponivel
N6;Município;2306801;Jaguaribara - CE;2021;2021;516;Participação do valor adicionado bruto a preços correntes da agropecuária no valor adicionado bruto a preços correntes total;%;21.39;21.39;disponivel
N6;Município;2306900;Jaguaribe - CE;2021;2021;516;Participação do valor adicionado bruto a preços correntes da agropecuária no valor adicionado bruto a preços correntes total;%;17.48;17.48;disponivel
N6;Município;2307007;Jaguaruana - CE;2021;2021;516;Participação do valor adicionado bruto a preços correntes da agropecuária no valor adicionado bruto a preços correntes total;%;17.34;17.34;disponivel
N6;Município;2307106;Jardim - CE;2021;2021;516;Participação do valor adicionado bruto a preços correntes da agropecuária no valor adicionado bruto a preços correntes total;%;23.85;23.85;disponivel
N6;Município;2307205;Jati - CE;2021;2021;516;Participação do valor adicionado bruto a preços correntes da agropecuária no valor adicionado bruto a preços correntes total;%;14.28;14.28;disponivel
N6;Município;2307254;Jijoca de Jericoacoara - CE;2021;2021;516;Participação do valor adicionado bruto a preços correntes da agropecuária no valor adicionado bruto a preços correntes total;%;1.8;1.8;disponivel
N6;Município;2307304;Juazeiro do Norte - CE;2021;2021;516;Participação do valor adicionado bruto a preços correntes da agropecuária no valor adicionado bruto a preços correntes total;%;0.71;0.71;disponivel
N6;Município;2307403;Jucás - CE;2021;2021;516;Participação do valor adicionado bruto a preços correntes da agropecuária no valor adicionado bruto a preços correntes total;%;18.34;18.34;disponivel
N6;Município;2307502;Lavras da Mangabeira - CE;2021;2021;516;Participação do valor adicionado bruto a preços correntes da agropecuária no valor adicionado bruto a preços correntes total;%;27.27;27.27;disponivel
N6;Município;2307601;Limoeiro do Norte - CE;2021;2021;516;Participação do valor adicionado bruto a preços correntes da agropecuária no valor adicionado bruto a preços correntes total;%;26.26;26.26;disponivel
N6;Município;2307635;Madalena - CE;2021;2021;516;Participação do valor adicionado bruto a preços correntes da agropecuária no valor adicionado bruto a preços correntes total;%;12.78;12.78;disponivel
N6;Município;2307650;Maracanaú - CE;2021;2021;516;Participação do valor adicionado bruto a preços correntes da agropecuária no valor adicionado bruto a preços correntes total;%;0.21;0.21;disponivel
N6;Município;2307700;Maranguape - CE;2021;2021;516;Participação do valor adicionado bruto a preços correntes da agropecuária no valor adicionado bruto a preços correntes total;%;4.55;4.55;disponivel
N6;Município;2307809;Marco - CE;2021;2021;516;Participação do valor adicionado bruto a preços correntes da agropecuária no valor adicionado bruto a preços correntes total;%;7.34;7.34;disponivel
N6;Município;2307908;Martinópole - CE;2021;2021;516;Participação do valor adicionado bruto a preços correntes da agropecuária no valor adicionado bruto a preços correntes total;%;8.06;8.06;disponivel
N6;Município;2308005;Massapê - CE;2021;2021;516;Participação do valor adicionado bruto a preços correntes da agropecuária no valor adicionado bruto a preços correntes total;%;7.56;7.56;disponivel
N6;Município;2308104;Mauriti - CE;2021;2021;516;Participação do valor adicionado bruto a preços correntes da agropecuária no valor adicionado bruto a preços correntes total;%;26.14;26.14;disponivel
N6;Município;2308203;Meruoca - CE;2021;2021;516;Participação do valor adicionado bruto a preços correntes da agropecuária no valor adicionado bruto a preços correntes total;%;7.01;7.01;disponivel
N6;Município;2308302;Milagres - CE;2021;2021;516;Participação do valor adicionado bruto a preços correntes da agropecuária no valor adicionado bruto a preços correntes total;%;12.98;12.98;disponivel
N6;Município;2308351;Milhã - CE;2021;2021;516;Participação do valor adicionado bruto a preços correntes da agropecuária no valor adicionado bruto a preços correntes total;%;42.88;42.88;disponivel
N6;Município;2308377;Miraíma - CE;2021;2021;516;Participação do valor adicionado bruto a preços correntes da agropecuária no valor adicionado bruto a preços correntes total;%;12.94;12.94;disponivel
N6;Município;2308401;Missão Velha - CE;2021;2021;516;Participação do valor adicionado bruto a preços correntes da agropecuária no valor adicionado bruto a preços correntes total;%;40.04;40.04;disponivel
N6;Município;2308500;Mombaça - CE;2021;2021;516;Participação do valor adicionado bruto a preços correntes da agropecuária no valor adicionado bruto a preços correntes total;%;17.72;17.72;disponivel
N6;Município;2308609;Monsenhor Tabosa - CE;2021;2021;516;Participação do valor adicionado bruto a preços correntes da agropecuária no valor adicionado bruto a preços correntes total;%;13.24;13.24;disponivel
N6;Município;2308708;Morada Nova - CE;2021;2021;516;Participação do valor adicionado bruto a preços correntes da agropecuária no valor adicionado bruto a preços correntes total;%;17.81;17.81;disponivel
N6;Município;2308807;Moraújo - CE;2021;2021;516;Participação do valor adicionado bruto a preços correntes da agropecuária no valor adicionado bruto a preços correntes total;%;18.74;18.74;disponivel
N6;Município;2308906;Morrinhos - CE;2021;2021;516;Participação do valor adicionado bruto a preços correntes da agropecuária no valor adicionado bruto a preços correntes total;%;7.78;7.78;disponivel
N6;Município;2309003;Mucambo - CE;2021;2021;516;Participação do valor adicionado bruto a preços correntes da agropecuária no valor adicionado bruto a preços correntes total;%;8.73;8.73;disponivel
N6;Município;2309102;Mulungu - CE;2021;2021;516;Participação do valor adicionado bruto a preços correntes da agropecuária no valor adicionado bruto a preços correntes total;%;26.04;26.04;disponivel
N6;Município;2309201;Nova Olinda - CE;2021;2021;516;Participação do valor adicionado bruto a preços correntes da agropecuária no valor adicionado bruto a preços correntes total;%;11.0;11.0;disponivel
N6;Município;2309300;Nova Russas - CE;2021;2021;516;Participação do valor adicionado bruto a preços correntes da agropecuária no valor adicionado bruto a preços correntes total;%;5.19;5.19;disponivel
N6;Município;2309409;Novo Oriente - CE;2021;2021;516;Participação do valor adicionado bruto a preços correntes da agropecuária no valor adicionado bruto a preços correntes total;%;16.39;16.39;disponivel
N6;Município;2309458;Ocara - CE;2021;2021;516;Participação do valor adicionado bruto a preços correntes da agropecuária no valor adicionado bruto a preços correntes total;%;18.32;18.32;disponivel
N6;Município;2309508;Orós - CE;2021;2021;516;Participação do valor adicionado bruto a preços correntes da agropecuária no valor adicionado bruto a preços correntes total;%;16.18;16.18;disponivel
N6;Município;2309607;Pacajus - CE;2021;2021;516;Participação do valor adicionado bruto a preços correntes da agropecuária no valor adicionado bruto a preços correntes total;%;3.89;3.89;disponivel
N6;Município;2309706;Pacatuba - CE;2021;2021;516;Participação do valor adicionado bruto a preços correntes da agropecuária no valor adicionado bruto a preços correntes total;%;2.6;2.6;disponivel
N6;Município;2309805;Pacoti - CE;2021;2021;516;Participação do valor adicionado bruto a preços correntes da agropecuária no valor adicionado bruto a preços correntes total;%;31.8;31.8;disponivel
N6;Município;2309904;Pacujá - CE;2021;2021;516;Participação do valor adicionado bruto a preços correntes da agropecuária no valor adicionado bruto a preços correntes total;%;7.45;7.45;disponivel
N6;Município;2310001;Palhano - CE;2021;2021;516;Participação do valor adicionado bruto a preços correntes da agropecuária no valor adicionado bruto a preços correntes total;%;19.08;19.08;disponivel
N6;Município;2310100;Palmácia - CE;2021;2021;516;Participação do valor adicionado bruto a preços correntes da agropecuária no valor adicionado bruto a preços correntes total;%;25.19;25.19;disponivel
N6;Município;2310209;Paracuru - CE;2021;2021;516;Participação do valor adicionado bruto a preços correntes da agropecuária no valor adicionado bruto a preços correntes total;%;9.52;9.52;disponivel
N6;Município;2310258;Paraipaba - CE;2021;2021;516;Participação do valor adicionado bruto a preços correntes da agropecuária no valor adicionado bruto a preços correntes total;%;25.54;25.54;disponivel
N6;Município;2310308;Parambu - CE;2021;2021;516;Participação do valor adicionado bruto a preços correntes da agropecuária no valor adicionado bruto a preços correntes total;%;17.59;17.59;disponivel
N6;Município;2310407;Paramoti - CE;2021;2021;516;Participação do valor adicionado bruto a preços correntes da agropecuária no valor adicionado bruto a preços correntes total;%;17.54;17.54;disponivel
N6;Município;2310506;Pedra Branca - CE;2021;2021;516;Participação do valor adicionado bruto a preços correntes da agropecuária no valor adicionado bruto a preços correntes total;%;11.03;11.03;disponivel
N6;Município;2310605;Penaforte - CE;2021;2021;516;Participação do valor adicionado bruto a preços correntes da agropecuária no valor adicionado bruto a preços correntes total;%;12.46;12.46;disponivel
N6;Município;2310704;Pentecoste - CE;2021;2021;516;Participação do valor adicionado bruto a preços correntes da agropecuária no valor adicionado bruto a preços correntes total;%;13.07;13.07;disponivel
N6;Município;2310803;Pereiro - CE;2021;2021;516;Participação do valor adicionado bruto a preços correntes da agropecuária no valor adicionado bruto a preços correntes total;%;7.23;7.23;disponivel
N6;Município;2310852;Pindoretama - CE;2021;2021;516;Participação do valor adicionado bruto a preços correntes da agropecuária no valor adicionado bruto a preços correntes total;%;10.47;10.47;disponivel
N6;Município;2310902;Piquet Carneiro - CE;2021;2021;516;Participação do valor adicionado bruto a preços correntes da agropecuária no valor adicionado bruto a preços correntes total;%;18.53;18.53;disponivel
N6;Município;2310951;Pires Ferreira - CE;2021;2021;516;Participação do valor adicionado bruto a preços correntes da agropecuária no valor adicionado bruto a preços correntes total;%;21.8;21.8;disponivel
N6;Município;2311009;Poranga - CE;2021;2021;516;Participação do valor adicionado bruto a preços correntes da agropecuária no valor adicionado bruto a preços correntes total;%;10.02;10.02;disponivel
N6;Município;2311108;Porteiras - CE;2021;2021;516;Participação do valor adicionado bruto a preços correntes da agropecuária no valor adicionado bruto a preços correntes total;%;28.45;28.45;disponivel
N6;Município;2311207;Potengi - CE;2021;2021;516;Participação do valor adicionado bruto a preços correntes da agropecuária no valor adicionado bruto a preços correntes total;%;19.28;19.28;disponivel
N6;Município;2311231;Potiretama - CE;2021;2021;516;Participação do valor adicionado bruto a preços correntes da agropecuária no valor adicionado bruto a preços correntes total;%;31.88;31.88;disponivel
N6;Município;2311264;Quiterianópolis - CE;2021;2021;516;Participação do valor adicionado bruto a preços correntes da agropecuária no valor adicionado bruto a preços correntes total;%;15.87;15.87;disponivel
N6;Município;2311306;Quixadá - CE;2021;2021;516;Participação do valor adicionado bruto a preços correntes da agropecuária no valor adicionado bruto a preços correntes total;%;10.25;10.25;disponivel
N6;Município;2311355;Quixelô - CE;2021;2021;516;Participação do valor adicionado bruto a preços correntes da agropecuária no valor adicionado bruto a preços correntes total;%;35.67;35.67;disponivel
N6;Município;2311405;Quixeramobim - CE;2021;2021;516;Participação do valor adicionado bruto a preços correntes da agropecuária no valor adicionado bruto a preços correntes total;%;11.67;11.67;disponivel
N6;Município;2311504;Quixeré - CE;2021;2021;516;Participação do valor adicionado bruto a preços correntes da agropecuária no valor adicionado bruto a preços correntes total;%;18.59;18.59;disponivel
N6;Município;2311603;Redenção - CE;2021;2021;516;Participação do valor adicionado bruto a preços correntes da agropecuária no valor adicionado bruto a preços correntes total;%;24.82;24.82;disponivel
N6;Município;2311702;Reriutaba - CE;2021;2021;516;Participação do valor adicionado bruto a preços correntes da agropecuária no valor adicionado bruto a preços correntes total;%;12.36;12.36;disponivel
N6;Município;2311801;Russas - CE;2021;2021;516;Participação do valor adicionado bruto a preços correntes da agropecuária no valor adicionado bruto a preços correntes total;%;11.63;11.63;disponivel
N6;Município;2311900;Saboeiro - CE;2021;2021;516;Participação do valor adicionado bruto a preços correntes da agropecuária no valor adicionado bruto a preços correntes total;%;32.39;32.39;disponivel
N6;Município;2311959;Salitre - CE;2021;2021;516;Participação do valor adicionado bruto a preços correntes da agropecuária no valor adicionado bruto a preços correntes total;%;16.38;16.38;disponivel
N6;Município;2312007;Santana do Acaraú - CE;2021;2021;516;Participação do valor adicionado bruto a preços correntes da agropecuária no valor adicionado bruto a preços correntes total;%;18.45;18.45;disponivel
N6;Município;2312106;Santana do Cariri - CE;2021;2021;516;Participação do valor adicionado bruto a preços correntes da agropecuária no valor adicionado bruto a preços correntes total;%;18.46;18.46;disponivel
N6;Município;2312205;Santa Quitéria - CE;2021;2021;516;Participação do valor adicionado bruto a preços correntes da agropecuária no valor adicionado bruto a preços correntes total;%;16.45;16.45;disponivel
N6;Município;2312304;São Benedito - CE;2021;2021;516;Participação do valor adicionado bruto a preços correntes da agropecuária no valor adicionado bruto a preços correntes total;%;26.21;26.21;disponivel
N6;Município;2312403;São Gonçalo do Amarante - CE;2021;2021;516;Participação do valor adicionado bruto a preços correntes da agropecuária no valor adicionado bruto a preços correntes total;%;0.67;0.67;disponivel
N6;Município;2312502;São João do Jaguaribe - CE;2021;2021;516;Participação do valor adicionado bruto a preços correntes da agropecuária no valor adicionado bruto a preços correntes total;%;44.83;44.83;disponivel
N6;Município;2312601;São Luís do Curu - CE;2021;2021;516;Participação do valor adicionado bruto a preços correntes da agropecuária no valor adicionado bruto a preços correntes total;%;12.18;12.18;disponivel
N6;Município;2312700;Senador Pompeu - CE;2021;2021;516;Participação do valor adicionado bruto a preços correntes da agropecuária no valor adicionado bruto a preços correntes total;%;13.86;13.86;disponivel
N6;Município;2312809;Senador Sá - CE;2021;2021;516;Participação do valor adicionado bruto a preços correntes da agropecuária no valor adicionado bruto a preços correntes total;%;12.64;12.64;disponivel
N6;Município;2312908;Sobral - CE;2021;2021;516;Participação do valor adicionado bruto a preços correntes da agropecuária no valor adicionado bruto a preços correntes total;%;1.07;1.07;disponivel
N6;Município;2313005;Solonópole - CE;2021;2021;516;Participação do valor adicionado bruto a preços correntes da agropecuária no valor adicionado bruto a preços correntes total;%;22.32;22.32;disponivel
N6;Município;2313104;Tabuleiro do Norte - CE;2021;2021;516;Participação do valor adicionado bruto a preços correntes da agropecuária no valor adicionado bruto a preços correntes total;%;13.12;13.12;disponivel
N6;Município;2313203;Tamboril - CE;2021;2021;516;Participação do valor adicionado bruto a preços correntes da agropecuária no valor adicionado bruto a preços correntes total;%;25.82;25.82;disponivel
N6;Município;2313252;Tarrafas - CE;2021;2021;516;Participação do valor adicionado bruto a preços correntes da agropecuária no valor adicionado bruto a preços correntes total;%;23.07;23.07;disponivel
N6;Município;2313302;Tauá - CE;2021;2021;516;Participação do valor adicionado bruto a preços correntes da agropecuária no valor adicionado bruto a preços correntes total;%;15.14;15.14;disponivel
N6;Município;2313351;Tejuçuoca - CE;2021;2021;516;Participação do valor adicionado bruto a preços correntes da agropecuária no valor adicionado bruto a preços correntes total;%;9.15;9.15;disponivel
N6;Município;2313401;Tianguá - CE;2021;2021;516;Participação do valor adicionado bruto a preços correntes da agropecuária no valor adicionado bruto a preços correntes total;%;22.57;22.57;disponivel
N6;Município;2313500;Trairi - CE;2021;2021;516;Participação do valor adicionado bruto a preços correntes da agropecuária no valor adicionado bruto a preços correntes total;%;6.93;6.93;disponivel
N6;Município;2313559;Tururu - CE;2021;2021;516;Participação do valor adicionado bruto a preços correntes da agropecuária no valor adicionado bruto a preços correntes total;%;12.97;12.97;disponivel
N6;Município;2313609;Ubajara - CE;2021;2021;516;Participação do valor adicionado bruto a preços correntes da agropecuária no valor adicionado bruto a preços correntes total;%;28.21;28.21;disponivel
N6;Município;2313708;Umari - CE;2021;2021;516;Participação do valor adicionado bruto a preços correntes da agropecuária no valor adicionado bruto a preços correntes total;%;22.54;22.54;disponivel
N6;Município;2313757;Umirim - CE;2021;2021;516;Participação do valor adicionado bruto a preços correntes da agropecuária no valor adicionado bruto a preços correntes total;%;20.73;20.73;disponivel
N6;Município;2313807;Uruburetama - CE;2021;2021;516;Participação do valor adicionado bruto a preços correntes da agropecuária no valor adicionado bruto a preços correntes total;%;19.89;19.89;disponivel
N6;Município;2313906;Uruoca - CE;2021;2021;516;Participação do valor adicionado bruto a preços correntes da agropecuária no valor adicionado bruto a preços correntes total;%;8.86;8.86;disponivel
N6;Município;2313955;Varjota - CE;2021;2021;516;Participação do valor adicionado bruto a preços correntes da agropecuária no valor adicionado bruto a preços correntes total;%;42.83;42.83;disponivel
N6;Município;2314003;Várzea Alegre - CE;2021;2021;516;Participação do valor adicionado bruto a preços correntes da agropecuária no valor adicionado bruto a preços correntes total;%;14.84;14.84;disponivel
N6;Município;2314102;Viçosa do Ceará - CE;2021;2021;516;Participação do valor adicionado bruto a preços correntes da agropecuária no valor adicionado bruto a preços correntes total;%;23.09;23.09;disponivel
N1;Brasil;1;Brasil;2021;2021;517;Valor adicionado bruto a preços correntes da indústria;Mil Reais;1993799000.0;1993799000.0;disponivel
N3;Unidade da Federação;23;Ceará;2021;2021;517;Valor adicionado bruto a preços correntes da indústria;Mil Reais;34230713.0;34230713.0;disponivel
N6;Município;2300101;Abaiara - CE;2021;2021;517;Valor adicionado bruto a preços correntes da indústria;Mil Reais;3053.0;3053.0;disponivel
N6;Município;2300150;Acarape - CE;2021;2021;517;Valor adicionado bruto a preços correntes da indústria;Mil Reais;34204.0;34204.0;disponivel
N6;Município;2300200;Acaraú - CE;2021;2021;517;Valor adicionado bruto a preços correntes da indústria;Mil Reais;264942.0;264942.0;disponivel
N6;Município;2300309;Acopiara - CE;2021;2021;517;Valor adicionado bruto a preços correntes da indústria;Mil Reais;19614.0;19614.0;disponivel
N6;Município;2300408;Aiuaba - CE;2021;2021;517;Valor adicionado bruto a preços correntes da indústria;Mil Reais;3098.0;3098.0;disponivel
N6;Município;2300507;Alcântaras - CE;2021;2021;517;Valor adicionado bruto a preços correntes da indústria;Mil Reais;4789.0;4789.0;disponivel
N6;Município;2300606;Altaneira - CE;2021;2021;517;Valor adicionado bruto a preços correntes da indústria;Mil Reais;2561.0;2561.0;disponivel
N6;Município;2300705;Alto Santo - CE;2021;2021;517;Valor adicionado bruto a preços correntes da indústria;Mil Reais;10252.0;10252.0;disponivel
N6;Município;2300754;Amontada - CE;2021;2021;517;Valor adicionado bruto a preços correntes da indústria;Mil Reais;226018.0;226018.0;disponivel
N6;Município;2300804;Antonina do Norte - CE;2021;2021;517;Valor adicionado bruto a preços correntes da indústria;Mil Reais;2950.0;2950.0;disponivel
N6;Município;2300903;Apuiarés - CE;2021;2021;517;Valor adicionado bruto a preços correntes da indústria;Mil Reais;5448.0;5448.0;disponivel
N6;Município;2301000;Aquiraz - CE;2021;2021;517;Valor adicionado bruto a preços correntes da indústria;Mil Reais;974487.0;974487.0;disponivel
N6;Município;2301109;Aracati - CE;2021;2021;517;Valor adicionado bruto a preços correntes da indústria;Mil Reais;529562.0;529562.0;disponivel
N6;Município;2301208;Aracoiaba - CE;2021;2021;517;Valor adicionado bruto a preços correntes da indústria;Mil Reais;10560.0;10560.0;disponivel
N6;Município;2301257;Ararendá - CE;2021;2021;517;Valor adicionado bruto a preços correntes da indústria;Mil Reais;5563.0;5563.0;disponivel
N6;Município;2301307;Araripe - CE;2021;2021;517;Valor adicionado bruto a preços correntes da indústria;Mil Reais;8032.0;8032.0;disponivel
N6;Município;2301406;Aratuba - CE;2021;2021;517;Valor adicionado bruto a preços correntes da indústria;Mil Reais;3980.0;3980.0;disponivel
N6;Município;2301505;Arneiroz - CE;2021;2021;517;Valor adicionado bruto a preços correntes da indústria;Mil Reais;1828.0;1828.0;disponivel
N6;Município;2301604;Assaré - CE;2021;2021;517;Valor adicionado bruto a preços correntes da indústria;Mil Reais;7706.0;7706.0;disponivel
N6;Município;2301703;Aurora - CE;2021;2021;517;Valor adicionado bruto a preços correntes da indústria;Mil Reais;6992.0;6992.0;disponivel
N6;Município;2301802;Baixio - CE;2021;2021;517;Valor adicionado bruto a preços correntes da indústria;Mil Reais;2166.0;2166.0;disponivel
N6;Município;2301851;Banabuiú - CE;2021;2021;517;Valor adicionado bruto a preços correntes da indústria;Mil Reais;40825.0;40825.0;disponivel
N6;Município;2301901;Barbalha - CE;2021;2021;517;Valor adicionado bruto a preços correntes da indústria;Mil Reais;199962.0;199962.0;disponivel
N6;Município;2301950;Barreira - CE;2021;2021;517;Valor adicionado bruto a preços correntes da indústria;Mil Reais;13548.0;13548.0;disponivel
N6;Município;2302008;Barro - CE;2021;2021;517;Valor adicionado bruto a preços correntes da indústria;Mil Reais;11318.0;11318.0;disponivel
N6;Município;2302057;Barroquinha - CE;2021;2021;517;Valor adicionado bruto a preços correntes da indústria;Mil Reais;4479.0;4479.0;disponivel
N6;Município;2302107;Baturité - CE;2021;2021;517;Valor adicionado bruto a preços correntes da indústria;Mil Reais;22651.0;22651.0;disponivel
N6;Município;2302206;Beberibe - CE;2021;2021;517;Valor adicionado bruto a preços correntes da indústria;Mil Reais;168283.0;168283.0;disponivel
N6;Município;2302305;Bela Cruz - CE;2021;2021;517;Valor adicionado bruto a preços correntes da indústria;Mil Reais;15483.0;15483.0;disponivel
N6;Município;2302404;Boa Viagem - CE;2021;2021;517;Valor adicionado bruto a preços correntes da indústria;Mil Reais;36881.0;36881.0;disponivel
N6;Município;2302503;Brejo Santo - CE;2021;2021;517;Valor adicionado bruto a preços correntes da indústria;Mil Reais;117723.0;117723.0;disponivel
N6;Município;2302602;Camocim - CE;2021;2021;517;Valor adicionado bruto a preços correntes da indústria;Mil Reais;154076.0;154076.0;disponivel
N6;Município;2302701;Campos Sales - CE;2021;2021;517;Valor adicionado bruto a preços correntes da indústria;Mil Reais;10162.0;10162.0;disponivel
N6;Município;2302800;Canindé - CE;2021;2021;517;Valor adicionado bruto a preços correntes da indústria;Mil Reais;72822.0;72822.0;disponivel
N6;Município;2302909;Capistrano - CE;2021;2021;517;Valor adicionado bruto a preços correntes da indústria;Mil Reais;5289.0;5289.0;disponivel
N6;Município;2303006;Caridade - CE;2021;2021;517;Valor adicionado bruto a preços correntes da indústria;Mil Reais;7324.0;7324.0;disponivel
N6;Município;2303105;Cariré - CE;2021;2021;517;Valor adicionado bruto a preços correntes da indústria;Mil Reais;8167.0;8167.0;disponivel
N6;Município;2303204;Caririaçu - CE;2021;2021;517;Valor adicionado bruto a preços correntes da indústria;Mil Reais;8182.0;8182.0;disponivel
N6;Município;2303303;Cariús - CE;2021;2021;517;Valor adicionado bruto a preços correntes da indústria;Mil Reais;5192.0;5192.0;disponivel
N6;Município;2303402;Carnaubal - CE;2021;2021;517;Valor adicionado bruto a preços correntes da indústria;Mil Reais;6906.0;6906.0;disponivel
N6;Município;2303501;Cascavel - CE;2021;2021;517;Valor adicionado bruto a preços correntes da indústria;Mil Reais;128475.0;128475.0;disponivel
N6;Município;2303600;Catarina - CE;2021;2021;517;Valor adicionado bruto a preços correntes da indústria;Mil Reais;3744.0;3744.0;disponivel
N6;Município;2303659;Catunda - CE;2021;2021;517;Valor adicionado bruto a preços correntes da indústria;Mil Reais;3338.0;3338.0;disponivel
N6;Município;2303709;Caucaia - CE;2021;2021;517;Valor adicionado bruto a preços correntes da indústria;Mil Reais;3696044.0;3696044.0;disponivel
N6;Município;2303808;Cedro - CE;2021;2021;517;Valor adicionado bruto a preços correntes da indústria;Mil Reais;8038.0;8038.0;disponivel
N6;Município;2303907;Chaval - CE;2021;2021;517;Valor adicionado bruto a preços correntes da indústria;Mil Reais;4771.0;4771.0;disponivel
N6;Município;2303931;Choró - CE;2021;2021;517;Valor adicionado bruto a preços correntes da indústria;Mil Reais;7985.0;7985.0;disponivel
N6;Município;2303956;Chorozinho - CE;2021;2021;517;Valor adicionado bruto a preços correntes da indústria;Mil Reais;23333.0;23333.0;disponivel
N6;Município;2304004;Coreaú - CE;2021;2021;517;Valor adicionado bruto a preços correntes da indústria;Mil Reais;9537.0;9537.0;disponivel
N6;Município;2304103;Crateús - CE;2021;2021;517;Valor adicionado bruto a preços correntes da indústria;Mil Reais;50095.0;50095.0;disponivel
N6;Município;2304202;Crato - CE;2021;2021;517;Valor adicionado bruto a preços correntes da indústria;Mil Reais;190332.0;190332.0;disponivel
N6;Município;2304236;Croatá - CE;2021;2021;517;Valor adicionado bruto a preços correntes da indústria;Mil Reais;5636.0;5636.0;disponivel
N6;Município;2304251;Cruz - CE;2021;2021;517;Valor adicionado bruto a preços correntes da indústria;Mil Reais;17685.0;17685.0;disponivel
N6;Município;2304269;Deputado Irapuan Pinheiro - CE;2021;2021;517;Valor adicionado bruto a preços correntes da indústria;Mil Reais;2228.0;2228.0;disponivel
N6;Município;2304277;Ereré - CE;2021;2021;517;Valor adicionado bruto a preços correntes da indústria;Mil Reais;2512.0;2512.0;disponivel
N6;Município;2304285;Eusébio - CE;2021;2021;517;Valor adicionado bruto a preços correntes da indústria;Mil Reais;928477.0;928477.0;disponivel
N6;Município;2304301;Farias Brito - CE;2021;2021;517;Valor adicionado bruto a preços correntes da indústria;Mil Reais;6239.0;6239.0;disponivel
N6;Município;2304350;Forquilha - CE;2021;2021;517;Valor adicionado bruto a preços correntes da indústria;Mil Reais;52447.0;52447.0;disponivel
N6;Município;2304400;Fortaleza - CE;2021;2021;517;Valor adicionado bruto a preços correntes da indústria;Mil Reais;8474214.0;8474214.0;disponivel
N6;Município;2304459;Fortim - CE;2021;2021;517;Valor adicionado bruto a preços correntes da indústria;Mil Reais;108281.0;108281.0;disponivel
N6;Município;2304509;Frecheirinha - CE;2021;2021;517;Valor adicionado bruto a preços correntes da indústria;Mil Reais;87796.0;87796.0;disponivel
N6;Município;2304608;General Sampaio - CE;2021;2021;517;Valor adicionado bruto a preços correntes da indústria;Mil Reais;2373.0;2373.0;disponivel
N6;Município;2304657;Graça - CE;2021;2021;517;Valor adicionado bruto a preços correntes da indústria;Mil Reais;4534.0;4534.0;disponivel
N6;Município;2304707;Granja - CE;2021;2021;517;Valor adicionado bruto a preços correntes da indústria;Mil Reais;19260.0;19260.0;disponivel
N6;Município;2304806;Granjeiro - CE;2021;2021;517;Valor adicionado bruto a preços correntes da indústria;Mil Reais;1717.0;1717.0;disponivel
N6;Município;2304905;Groaíras - CE;2021;2021;517;Valor adicionado bruto a preços correntes da indústria;Mil Reais;5890.0;5890.0;disponivel
N6;Município;2304954;Guaiúba - CE;2021;2021;517;Valor adicionado bruto a preços correntes da indústria;Mil Reais;15170.0;15170.0;disponivel
N6;Município;2305001;Guaraciaba do Norte - CE;2021;2021;517;Valor adicionado bruto a preços correntes da indústria;Mil Reais;19745.0;19745.0;disponivel
N6;Município;2305100;Guaramiranga - CE;2021;2021;517;Valor adicionado bruto a preços correntes da indústria;Mil Reais;3213.0;3213.0;disponivel
N6;Município;2305209;Hidrolândia - CE;2021;2021;517;Valor adicionado bruto a preços correntes da indústria;Mil Reais;8759.0;8759.0;disponivel
N6;Município;2305233;Horizonte - CE;2021;2021;517;Valor adicionado bruto a preços correntes da indústria;Mil Reais;740785.0;740785.0;disponivel
N6;Município;2305266;Ibaretama - CE;2021;2021;517;Valor adicionado bruto a preços correntes da indústria;Mil Reais;4728.0;4728.0;disponivel
N6;Município;2305308;Ibiapina - CE;2021;2021;517;Valor adicionado bruto a preços correntes da indústria;Mil Reais;36953.0;36953.0;disponivel
N6;Município;2305332;Ibicuitinga - CE;2021;2021;517;Valor adicionado bruto a preços correntes da indústria;Mil Reais;4144.0;4144.0;disponivel
N6;Município;2305357;Icapuí - CE;2021;2021;517;Valor adicionado bruto a preços correntes da indústria;Mil Reais;118421.0;118421.0;disponivel
N6;Município;2305407;Icó - CE;2021;2021;517;Valor adicionado bruto a preços correntes da indústria;Mil Reais;42021.0;42021.0;disponivel
N6;Município;2305506;Iguatu - CE;2021;2021;517;Valor adicionado bruto a preços correntes da indústria;Mil Reais;147308.0;147308.0;disponivel
N6;Município;2305605;Independência - CE;2021;2021;517;Valor adicionado bruto a preços correntes da indústria;Mil Reais;12412.0;12412.0;disponivel
N6;Município;2305654;Ipaporanga - CE;2021;2021;517;Valor adicionado bruto a preços correntes da indústria;Mil Reais;3157.0;3157.0;disponivel
N6;Município;2305704;Ipaumirim - CE;2021;2021;517;Valor adicionado bruto a preços correntes da indústria;Mil Reais;7523.0;7523.0;disponivel
N6;Município;2305803;Ipu - CE;2021;2021;517;Valor adicionado bruto a preços correntes da indústria;Mil Reais;19294.0;19294.0;disponivel
N6;Município;2305902;Ipueiras - CE;2021;2021;517;Valor adicionado bruto a preços correntes da indústria;Mil Reais;7743.0;7743.0;disponivel
N6;Município;2306009;Iracema - CE;2021;2021;517;Valor adicionado bruto a preços correntes da indústria;Mil Reais;7351.0;7351.0;disponivel
N6;Município;2306108;Irauçuba - CE;2021;2021;517;Valor adicionado bruto a preços correntes da indústria;Mil Reais;14546.0;14546.0;disponivel
N6;Município;2306207;Itaiçaba - CE;2021;2021;517;Valor adicionado bruto a preços correntes da indústria;Mil Reais;3875.0;3875.0;disponivel
N6;Município;2306256;Itaitinga - CE;2021;2021;517;Valor adicionado bruto a preços correntes da indústria;Mil Reais;183795.0;183795.0;disponivel
N6;Município;2306306;Itapajé - CE;2021;2021;517;Valor adicionado bruto a preços correntes da indústria;Mil Reais;82239.0;82239.0;disponivel
N6;Município;2306405;Itapipoca - CE;2021;2021;517;Valor adicionado bruto a preços correntes da indústria;Mil Reais;262471.0;262471.0;disponivel
N6;Município;2306504;Itapiúna - CE;2021;2021;517;Valor adicionado bruto a preços correntes da indústria;Mil Reais;5360.0;5360.0;disponivel
N6;Município;2306553;Itarema - CE;2021;2021;517;Valor adicionado bruto a preços correntes da indústria;Mil Reais;305283.0;305283.0;disponivel
N6;Município;2306603;Itatira - CE;2021;2021;517;Valor adicionado bruto a preços correntes da indústria;Mil Reais;4314.0;4314.0;disponivel
N6;Município;2306702;Jaguaretama - CE;2021;2021;517;Valor adicionado bruto a preços correntes da indústria;Mil Reais;10078.0;10078.0;disponivel
N6;Município;2306801;Jaguaribara - CE;2021;2021;517;Valor adicionado bruto a preços correntes da indústria;Mil Reais;6416.0;6416.0;disponivel
N6;Município;2306900;Jaguaribe - CE;2021;2021;517;Valor adicionado bruto a preços correntes da indústria;Mil Reais;52360.0;52360.0;disponivel
N6;Município;2307007;Jaguaruana - CE;2021;2021;517;Valor adicionado bruto a preços correntes da indústria;Mil Reais;120924.0;120924.0;disponivel
N6;Município;2307106;Jardim - CE;2021;2021;517;Valor adicionado bruto a preços correntes da indústria;Mil Reais;10125.0;10125.0;disponivel
N6;Município;2307205;Jati - CE;2021;2021;517;Valor adicionado bruto a preços correntes da indústria;Mil Reais;3242.0;3242.0;disponivel
N6;Município;2307254;Jijoca de Jericoacoara - CE;2021;2021;517;Valor adicionado bruto a preços correntes da indústria;Mil Reais;26430.0;26430.0;disponivel
N6;Município;2307304;Juazeiro do Norte - CE;2021;2021;517;Valor adicionado bruto a preços correntes da indústria;Mil Reais;423899.0;423899.0;disponivel
N6;Município;2307403;Jucás - CE;2021;2021;517;Valor adicionado bruto a preços correntes da indústria;Mil Reais;31507.0;31507.0;disponivel
N6;Município;2307502;Lavras da Mangabeira - CE;2021;2021;517;Valor adicionado bruto a preços correntes da indústria;Mil Reais;13624.0;13624.0;disponivel
N6;Município;2307601;Limoeiro do Norte - CE;2021;2021;517;Valor adicionado bruto a preços correntes da indústria;Mil Reais;150059.0;150059.0;disponivel
N6;Município;2307635;Madalena - CE;2021;2021;517;Valor adicionado bruto a preços correntes da indústria;Mil Reais;5525.0;5525.0;disponivel
N6;Município;2307650;Maracanaú - CE;2021;2021;517;Valor adicionado bruto a preços correntes da indústria;Mil Reais;3664406.0;3664406.0;disponivel
N6;Município;2307700;Maranguape - CE;2021;2021;517;Valor adicionado bruto a preços correntes da indústria;Mil Reais;295420.0;295420.0;disponivel
N6;Município;2307809;Marco - CE;2021;2021;517;Valor adicionado bruto a preços correntes da indústria;Mil Reais;43229.0;43229.0;disponivel
N6;Município;2307908;Martinópole - CE;2021;2021;517;Valor adicionado bruto a preços correntes da indústria;Mil Reais;3354.0;3354.0;disponivel
N6;Município;2308005;Massapê - CE;2021;2021;517;Valor adicionado bruto a preços correntes da indústria;Mil Reais;54004.0;54004.0;disponivel
N6;Município;2308104;Mauriti - CE;2021;2021;517;Valor adicionado bruto a preços correntes da indústria;Mil Reais;18641.0;18641.0;disponivel
N6;Município;2308203;Meruoca - CE;2021;2021;517;Valor adicionado bruto a preços correntes da indústria;Mil Reais;7854.0;7854.0;disponivel
N6;Município;2308302;Milagres - CE;2021;2021;517;Valor adicionado bruto a preços correntes da indústria;Mil Reais;32240.0;32240.0;disponivel
N6;Município;2308351;Milhã - CE;2021;2021;517;Valor adicionado bruto a preços correntes da indústria;Mil Reais;3688.0;3688.0;disponivel
N6;Município;2308377;Miraíma - CE;2021;2021;517;Valor adicionado bruto a preços correntes da indústria;Mil Reais;3268.0;3268.0;disponivel
N6;Município;2308401;Missão Velha - CE;2021;2021;517;Valor adicionado bruto a preços correntes da indústria;Mil Reais;20554.0;20554.0;disponivel
N6;Município;2308500;Mombaça - CE;2021;2021;517;Valor adicionado bruto a preços correntes da indústria;Mil Reais;29987.0;29987.0;disponivel
N6;Município;2308609;Monsenhor Tabosa - CE;2021;2021;517;Valor adicionado bruto a preços correntes da indústria;Mil Reais;4102.0;4102.0;disponivel
N6;Município;2308708;Morada Nova - CE;2021;2021;517;Valor adicionado bruto a preços correntes da indústria;Mil Reais;312099.0;312099.0;disponivel
N6;Município;2308807;Moraújo - CE;2021;2021;517;Valor adicionado bruto a preços correntes da indústria;Mil Reais;2159.0;2159.0;disponivel
N6;Município;2308906;Morrinhos - CE;2021;2021;517;Valor adicionado bruto a preços correntes da indústria;Mil Reais;11036.0;11036.0;disponivel
N6;Município;2309003;Mucambo - CE;2021;2021;517;Valor adicionado bruto a preços correntes da indústria;Mil Reais;4924.0;4924.0;disponivel
N6;Município;2309102;Mulungu - CE;2021;2021;517;Valor adicionado bruto a preços correntes da indústria;Mil Reais;3842.0;3842.0;disponivel
N6;Município;2309201;Nova Olinda - CE;2021;2021;517;Valor adicionado bruto a preços correntes da indústria;Mil Reais;13135.0;13135.0;disponivel
N6;Município;2309300;Nova Russas - CE;2021;2021;517;Valor adicionado bruto a preços correntes da indústria;Mil Reais;10874.0;10874.0;disponivel
N6;Município;2309409;Novo Oriente - CE;2021;2021;517;Valor adicionado bruto a preços correntes da indústria;Mil Reais;20264.0;20264.0;disponivel
N6;Município;2309458;Ocara - CE;2021;2021;517;Valor adicionado bruto a preços correntes da indústria;Mil Reais;32721.0;32721.0;disponivel
N6;Município;2309508;Orós - CE;2021;2021;517;Valor adicionado bruto a preços correntes da indústria;Mil Reais;7586.0;7586.0;disponivel
N6;Município;2309607;Pacajus - CE;2021;2021;517;Valor adicionado bruto a preços correntes da indústria;Mil Reais;427831.0;427831.0;disponivel
N6;Município;2309706;Pacatuba - CE;2021;2021;517;Valor adicionado bruto a preços correntes da indústria;Mil Reais;323978.0;323978.0;disponivel
N6;Município;2309805;Pacoti - CE;2021;2021;517;Valor adicionado bruto a preços correntes da indústria;Mil Reais;5037.0;5037.0;disponivel
N6;Município;2309904;Pacujá - CE;2021;2021;517;Valor adicionado bruto a preços correntes da indústria;Mil Reais;2640.0;2640.0;disponivel
N6;Município;2310001;Palhano - CE;2021;2021;517;Valor adicionado bruto a preços correntes da indústria;Mil Reais;4412.0;4412.0;disponivel
N6;Município;2310100;Palmácia - CE;2021;2021;517;Valor adicionado bruto a preços correntes da indústria;Mil Reais;2963.0;2963.0;disponivel
N6;Município;2310209;Paracuru - CE;2021;2021;517;Valor adicionado bruto a preços correntes da indústria;Mil Reais;95384.0;95384.0;disponivel
N6;Município;2310258;Paraipaba - CE;2021;2021;517;Valor adicionado bruto a preços correntes da indústria;Mil Reais;81922.0;81922.0;disponivel
N6;Município;2310308;Parambu - CE;2021;2021;517;Valor adicionado bruto a preços correntes da indústria;Mil Reais;8133.0;8133.0;disponivel
N6;Município;2310407;Paramoti - CE;2021;2021;517;Valor adicionado bruto a preços correntes da indústria;Mil Reais;3869.0;3869.0;disponivel
N6;Município;2310506;Pedra Branca - CE;2021;2021;517;Valor adicionado bruto a preços correntes da indústria;Mil Reais;9630.0;9630.0;disponivel
N6;Município;2310605;Penaforte - CE;2021;2021;517;Valor adicionado bruto a preços correntes da indústria;Mil Reais;5295.0;5295.0;disponivel
N6;Município;2310704;Pentecoste - CE;2021;2021;517;Valor adicionado bruto a preços correntes da indústria;Mil Reais;73375.0;73375.0;disponivel
N6;Município;2310803;Pereiro - CE;2021;2021;517;Valor adicionado bruto a preços correntes da indústria;Mil Reais;13827.0;13827.0;disponivel
N6;Município;2310852;Pindoretama - CE;2021;2021;517;Valor adicionado bruto a preços correntes da indústria;Mil Reais;15563.0;15563.0;disponivel
N6;Município;2310902;Piquet Carneiro - CE;2021;2021;517;Valor adicionado bruto a preços correntes da indústria;Mil Reais;4316.0;4316.0;disponivel
N6;Município;2310951;Pires Ferreira - CE;2021;2021;517;Valor adicionado bruto a preços correntes da indústria;Mil Reais;2794.0;2794.0;disponivel
N6;Município;2311009;Poranga - CE;2021;2021;517;Valor adicionado bruto a preços correntes da indústria;Mil Reais;3790.0;3790.0;disponivel
N6;Município;2311108;Porteiras - CE;2021;2021;517;Valor adicionado bruto a preços correntes da indústria;Mil Reais;8198.0;8198.0;disponivel
N6;Município;2311207;Potengi - CE;2021;2021;517;Valor adicionado bruto a preços correntes da indústria;Mil Reais;4819.0;4819.0;disponivel
N6;Município;2311231;Potiretama - CE;2021;2021;517;Valor adicionado bruto a preços correntes da indústria;Mil Reais;4355.0;4355.0;disponivel
N6;Município;2311264;Quiterianópolis - CE;2021;2021;517;Valor adicionado bruto a preços correntes da indústria;Mil Reais;5411.0;5411.0;disponivel
N6;Município;2311306;Quixadá - CE;2021;2021;517;Valor adicionado bruto a preços correntes da indústria;Mil Reais;66048.0;66048.0;disponivel
N6;Município;2311355;Quixelô - CE;2021;2021;517;Valor adicionado bruto a preços correntes da indústria;Mil Reais;4256.0;4256.0;disponivel
N6;Município;2311405;Quixeramobim - CE;2021;2021;517;Valor adicionado bruto a preços correntes da indústria;Mil Reais;290142.0;290142.0;disponivel
N6;Município;2311504;Quixeré - CE;2021;2021;517;Valor adicionado bruto a preços correntes da indústria;Mil Reais;235182.0;235182.0;disponivel
N6;Município;2311603;Redenção - CE;2021;2021;517;Valor adicionado bruto a preços correntes da indústria;Mil Reais;30414.0;30414.0;disponivel
N6;Município;2311702;Reriutaba - CE;2021;2021;517;Valor adicionado bruto a preços correntes da indústria;Mil Reais;14054.0;14054.0;disponivel
N6;Município;2311801;Russas - CE;2021;2021;517;Valor adicionado bruto a preços correntes da indústria;Mil Reais;152377.0;152377.0;disponivel
N6;Município;2311900;Saboeiro - CE;2021;2021;517;Valor adicionado bruto a preços correntes da indústria;Mil Reais;4014.0;4014.0;disponivel
N6;Município;2311959;Salitre - CE;2021;2021;517;Valor adicionado bruto a preços correntes da indústria;Mil Reais;3856.0;3856.0;disponivel
N6;Município;2312007;Santana do Acaraú - CE;2021;2021;517;Valor adicionado bruto a preços correntes da indústria;Mil Reais;10897.0;10897.0;disponivel
N6;Município;2312106;Santana do Cariri - CE;2021;2021;517;Valor adicionado bruto a preços correntes da indústria;Mil Reais;5157.0;5157.0;disponivel
N6;Município;2312205;Santa Quitéria - CE;2021;2021;517;Valor adicionado bruto a preços correntes da indústria;Mil Reais;108317.0;108317.0;disponivel
N6;Município;2312304;São Benedito - CE;2021;2021;517;Valor adicionado bruto a preços correntes da indústria;Mil Reais;31074.0;31074.0;disponivel
N6;Município;2312403;São Gonçalo do Amarante - CE;2021;2021;517;Valor adicionado bruto a preços correntes da indústria;Mil Reais;5238850.0;5238850.0;disponivel
N6;Município;2312502;São João do Jaguaribe - CE;2021;2021;517;Valor adicionado bruto a preços correntes da indústria;Mil Reais;2531.0;2531.0;disponivel
N6;Município;2312601;São Luís do Curu - CE;2021;2021;517;Valor adicionado bruto a preços correntes da indústria;Mil Reais;14153.0;14153.0;disponivel
N6;Município;2312700;Senador Pompeu - CE;2021;2021;517;Valor adicionado bruto a preços correntes da indústria;Mil Reais;54320.0;54320.0;disponivel
N6;Município;2312809;Senador Sá - CE;2021;2021;517;Valor adicionado bruto a preços correntes da indústria;Mil Reais;1876.0;1876.0;disponivel
N6;Município;2312908;Sobral - CE;2021;2021;517;Valor adicionado bruto a preços correntes da indústria;Mil Reais;1228331.0;1228331.0;disponivel
N6;Município;2313005;Solonópole - CE;2021;2021;517;Valor adicionado bruto a preços correntes da indústria;Mil Reais;57521.0;57521.0;disponivel
N6;Município;2313104;Tabuleiro do Norte - CE;2021;2021;517;Valor adicionado bruto a preços correntes da indústria;Mil Reais;54133.0;54133.0;disponivel
N6;Município;2313203;Tamboril - CE;2021;2021;517;Valor adicionado bruto a preços correntes da indústria;Mil Reais;8718.0;8718.0;disponivel
N6;Município;2313252;Tarrafas - CE;2021;2021;517;Valor adicionado bruto a preços correntes da indústria;Mil Reais;3296.0;3296.0;disponivel
N6;Município;2313302;Tauá - CE;2021;2021;517;Valor adicionado bruto a preços correntes da indústria;Mil Reais;39185.0;39185.0;disponivel
N6;Município;2313351;Tejuçuoca - CE;2021;2021;517;Valor adicionado bruto a preços correntes da indústria;Mil Reais;4304.0;4304.0;disponivel
N6;Município;2313401;Tianguá - CE;2021;2021;517;Valor adicionado bruto a preços correntes da indústria;Mil Reais;177027.0;177027.0;disponivel
N6;Município;2313500;Trairi - CE;2021;2021;517;Valor adicionado bruto a preços correntes da indústria;Mil Reais;491503.0;491503.0;disponivel
N6;Município;2313559;Tururu - CE;2021;2021;517;Valor adicionado bruto a preços correntes da indústria;Mil Reais;5184.0;5184.0;disponivel
N6;Município;2313609;Ubajara - CE;2021;2021;517;Valor adicionado bruto a preços correntes da indústria;Mil Reais;116158.0;116158.0;disponivel
N6;Município;2313708;Umari - CE;2021;2021;517;Valor adicionado bruto a preços correntes da indústria;Mil Reais;2032.0;2032.0;disponivel
N6;Município;2313757;Umirim - CE;2021;2021;517;Valor adicionado bruto a preços correntes da indústria;Mil Reais;7327.0;7327.0;disponivel
N6;Município;2313807;Uruburetama - CE;2021;2021;517;Valor adicionado bruto a preços correntes da indústria;Mil Reais;55522.0;55522.0;disponivel
N6;Município;2313906;Uruoca - CE;2021;2021;517;Valor adicionado bruto a preços correntes da indústria;Mil Reais;124894.0;124894.0;disponivel
N6;Município;2313955;Varjota - CE;2021;2021;517;Valor adicionado bruto a preços correntes da indústria;Mil Reais;18081.0;18081.0;disponivel
N6;Município;2314003;Várzea Alegre - CE;2021;2021;517;Valor adicionado bruto a preços correntes da indústria;Mil Reais;31745.0;31745.0;disponivel
N6;Município;2314102;Viçosa do Ceará - CE;2021;2021;517;Valor adicionado bruto a preços correntes da indústria;Mil Reais;34449.0;34449.0;disponivel
N1;Brasil;1;Brasil;2021;2021;520;Participação do valor adicionado bruto a preços correntes da indústria no valor adicionado bruto a preços correntes total;%;25.85;25.85;disponivel
N3;Unidade da Federação;23;Ceará;2021;2021;520;Participação do valor adicionado bruto a preços correntes da indústria no valor adicionado bruto a preços correntes total;%;20.49;20.49;disponivel
N6;Município;2300101;Abaiara - CE;2021;2021;520;Participação do valor adicionado bruto a preços correntes da indústria no valor adicionado bruto a preços correntes total;%;2.71;2.71;disponivel
N6;Município;2300150;Acarape - CE;2021;2021;520;Participação do valor adicionado bruto a preços correntes da indústria no valor adicionado bruto a preços correntes total;%;20.27;20.27;disponivel
N6;Município;2300200;Acaraú - CE;2021;2021;520;Participação do valor adicionado bruto a preços correntes da indústria no valor adicionado bruto a preços correntes total;%;27.79;27.79;disponivel
N6;Município;2300309;Acopiara - CE;2021;2021;520;Participação do valor adicionado bruto a preços correntes da indústria no valor adicionado bruto a preços correntes total;%;3.72;3.72;disponivel
N6;Município;2300408;Aiuaba - CE;2021;2021;520;Participação do valor adicionado bruto a preços correntes da indústria no valor adicionado bruto a preços correntes total;%;2.12;2.12;disponivel
N6;Município;2300507;Alcântaras - CE;2021;2021;520;Participação do valor adicionado bruto a preços correntes da indústria no valor adicionado bruto a preços correntes total;%;5.08;5.08;disponivel
N6;Município;2300606;Altaneira - CE;2021;2021;520;Participação do valor adicionado bruto a preços correntes da indústria no valor adicionado bruto a preços correntes total;%;3.55;3.55;disponivel
N6;Município;2300705;Alto Santo - CE;2021;2021;520;Participação do valor adicionado bruto a preços correntes da indústria no valor adicionado bruto a preços correntes total;%;4.63;4.63;disponivel
N6;Município;2300754;Amontada - CE;2021;2021;520;Participação do valor adicionado bruto a preços correntes da indústria no valor adicionado bruto a preços correntes total;%;36.05;36.05;disponivel
N6;Município;2300804;Antonina do Norte - CE;2021;2021;520;Participação do valor adicionado bruto a preços correntes da indústria no valor adicionado bruto a preços correntes total;%;3.97;3.97;disponivel
N6;Município;2300903;Apuiarés - CE;2021;2021;520;Participação do valor adicionado bruto a preços correntes da indústria no valor adicionado bruto a preços correntes total;%;4.76;4.76;disponivel
N6;Município;2301000;Aquiraz - CE;2021;2021;520;Participação do valor adicionado bruto a preços correntes da indústria no valor adicionado bruto a preços correntes total;%;34.18;34.18;disponivel
N6;Município;2301109;Aracati - CE;2021;2021;520;Participação do valor adicionado bruto a preços correntes da indústria no valor adicionado bruto a preços correntes total;%;34.02;34.02;disponivel
N6;Município;2301208;Aracoiaba - CE;2021;2021;520;Participação do valor adicionado bruto a preços correntes da indústria no valor adicionado bruto a preços correntes total;%;4.21;4.21;disponivel
N6;Município;2301257;Ararendá - CE;2021;2021;520;Participação do valor adicionado bruto a preços correntes da indústria no valor adicionado bruto a preços correntes total;%;5.46;5.46;disponivel
N6;Município;2301307;Araripe - CE;2021;2021;520;Participação do valor adicionado bruto a preços correntes da indústria no valor adicionado bruto a preços correntes total;%;4.01;4.01;disponivel
N6;Município;2301406;Aratuba - CE;2021;2021;520;Participação do valor adicionado bruto a preços correntes da indústria no valor adicionado bruto a preços correntes total;%;2.72;2.72;disponivel
N6;Município;2301505;Arneiroz - CE;2021;2021;520;Participação do valor adicionado bruto a preços correntes da indústria no valor adicionado bruto a preços correntes total;%;2.72;2.72;disponivel
N6;Município;2301604;Assaré - CE;2021;2021;520;Participação do valor adicionado bruto a preços correntes da indústria no valor adicionado bruto a preços correntes total;%;3.43;3.43;disponivel
N6;Município;2301703;Aurora - CE;2021;2021;520;Participação do valor adicionado bruto a preços correntes da indústria no valor adicionado bruto a preços correntes total;%;3.42;3.42;disponivel
N6;Município;2301802;Baixio - CE;2021;2021;520;Participação do valor adicionado bruto a preços correntes da indústria no valor adicionado bruto a preços correntes total;%;3.3;3.3;disponivel
N6;Município;2301851;Banabuiú - CE;2021;2021;520;Participação do valor adicionado bruto a preços correntes da indústria no valor adicionado bruto a preços correntes total;%;16.61;16.61;disponivel
N6;Município;2301901;Barbalha - CE;2021;2021;520;Participação do valor adicionado bruto a preços correntes da indústria no valor adicionado bruto a preços correntes total;%;16.42;16.42;disponivel
N6;Município;2301950;Barreira - CE;2021;2021;520;Participação do valor adicionado bruto a preços correntes da indústria no valor adicionado bruto a preços correntes total;%;5.98;5.98;disponivel
N6;Município;2302008;Barro - CE;2021;2021;520;Participação do valor adicionado bruto a preços correntes da indústria no valor adicionado bruto a preços correntes total;%;4.96;4.96;disponivel
N6;Município;2302057;Barroquinha - CE;2021;2021;520;Participação do valor adicionado bruto a preços correntes da indústria no valor adicionado bruto a preços correntes total;%;3.52;3.52;disponivel
N6;Município;2302107;Baturité - CE;2021;2021;520;Participação do valor adicionado bruto a preços correntes da indústria no valor adicionado bruto a preços correntes total;%;5.39;5.39;disponivel
N6;Município;2302206;Beberibe - CE;2021;2021;520;Participação do valor adicionado bruto a preços correntes da indústria no valor adicionado bruto a preços correntes total;%;16.58;16.58;disponivel
N6;Município;2302305;Bela Cruz - CE;2021;2021;520;Participação do valor adicionado bruto a preços correntes da indústria no valor adicionado bruto a preços correntes total;%;5.04;5.04;disponivel
N6;Município;2302404;Boa Viagem - CE;2021;2021;520;Participação do valor adicionado bruto a preços correntes da indústria no valor adicionado bruto a preços correntes total;%;7.34;7.34;disponivel
N6;Município;2302503;Brejo Santo - CE;2021;2021;520;Participação do valor adicionado bruto a preços correntes da indústria no valor adicionado bruto a preços correntes total;%;15.74;15.74;disponivel
N6;Município;2302602;Camocim - CE;2021;2021;520;Participação do valor adicionado bruto a preços correntes da indústria no valor adicionado bruto a preços correntes total;%;19.53;19.53;disponivel
N6;Município;2302701;Campos Sales - CE;2021;2021;520;Participação do valor adicionado bruto a preços correntes da indústria no valor adicionado bruto a preços correntes total;%;3.7;3.7;disponivel
N6;Município;2302800;Canindé - CE;2021;2021;520;Participação do valor adicionado bruto a preços correntes da indústria no valor adicionado bruto a preços correntes total;%;8.6;8.6;disponivel
N6;Município;2302909;Capistrano - CE;2021;2021;520;Participação do valor adicionado bruto a preços correntes da indústria no valor adicionado bruto a preços correntes total;%;3.16;3.16;disponivel
N6;Município;2303006;Caridade - CE;2021;2021;520;Participação do valor adicionado bruto a preços correntes da indústria no valor adicionado bruto a preços correntes total;%;4.24;4.24;disponivel
N6;Município;2303105;Cariré - CE;2021;2021;520;Participação do valor adicionado bruto a preços correntes da indústria no valor adicionado bruto a preços correntes total;%;4.42;4.42;disponivel
N6;Município;2303204;Caririaçu - CE;2021;2021;520;Participação do valor adicionado bruto a preços correntes da indústria no valor adicionado bruto a preços correntes total;%;3.37;3.37;disponivel
N6;Município;2303303;Cariús - CE;2021;2021;520;Participação do valor adicionado bruto a preços correntes da indústria no valor adicionado bruto a preços correntes total;%;3.0;3.0;disponivel
N6;Município;2303402;Carnaubal - CE;2021;2021;520;Participação do valor adicionado bruto a preços correntes da indústria no valor adicionado bruto a preços correntes total;%;4.37;4.37;disponivel
N6;Município;2303501;Cascavel - CE;2021;2021;520;Participação do valor adicionado bruto a preços correntes da indústria no valor adicionado bruto a preços correntes total;%;13.07;13.07;disponivel
N6;Município;2303600;Catarina - CE;2021;2021;520;Participação do valor adicionado bruto a preços correntes da indústria no valor adicionado bruto a preços correntes total;%;2.52;2.52;disponivel
N6;Município;2303659;Catunda - CE;2021;2021;520;Participação do valor adicionado bruto a preços correntes da indústria no valor adicionado bruto a preços correntes total;%;3.09;3.09;disponivel
N6;Município;2303709;Caucaia - CE;2021;2021;520;Participação do valor adicionado bruto a preços correntes da indústria no valor adicionado bruto a preços correntes total;%;43.88;43.88;disponivel
N6;Município;2303808;Cedro - CE;2021;2021;520;Participação do valor adicionado bruto a preços correntes da indústria no valor adicionado bruto a preços correntes total;%;3.45;3.45;disponivel
N6;Município;2303907;Chaval - CE;2021;2021;520;Participação do valor adicionado bruto a preços correntes da indústria no valor adicionado bruto a preços correntes total;%;4.55;4.55;disponivel
N6;Município;2303931;Choró - CE;2021;2021;520;Participação do valor adicionado bruto a preços correntes da indústria no valor adicionado bruto a preços correntes total;%;4.78;4.78;disponivel
N6;Município;2303956;Chorozinho - CE;2021;2021;520;Participação do valor adicionado bruto a preços correntes da indústria no valor adicionado bruto a preços correntes total;%;11.19;11.19;disponivel
N6;Município;2304004;Coreaú - CE;2021;2021;520;Participação do valor adicionado bruto a preços correntes da indústria no valor adicionado bruto a preços correntes total;%;4.5;4.5;disponivel
N6;Município;2304103;Crateús - CE;2021;2021;520;Participação do valor adicionado bruto a preços correntes da indústria no valor adicionado bruto a preços correntes total;%;5.64;5.64;disponivel
N6;Município;2304202;Crato - CE;2021;2021;520;Participação do valor adicionado bruto a preços correntes da indústria no valor adicionado bruto a preços correntes total;%;11.33;11.33;disponivel
N6;Município;2304236;Croatá - CE;2021;2021;520;Participação do valor adicionado bruto a preços correntes da indústria no valor adicionado bruto a preços correntes total;%;2.6;2.6;disponivel
N6;Município;2304251;Cruz - CE;2021;2021;520;Participação do valor adicionado bruto a preços correntes da indústria no valor adicionado bruto a preços correntes total;%;5.21;5.21;disponivel
N6;Município;2304269;Deputado Irapuan Pinheiro - CE;2021;2021;520;Participação do valor adicionado bruto a preços correntes da indústria no valor adicionado bruto a preços correntes total;%;2.3;2.3;disponivel
N6;Município;2304277;Ereré - CE;2021;2021;520;Participação do valor adicionado bruto a preços correntes da indústria no valor adicionado bruto a preços correntes total;%;3.22;3.22;disponivel
N6;Município;2304285;Eusébio - CE;2021;2021;520;Participação do valor adicionado bruto a preços correntes da indústria no valor adicionado bruto a preços correntes total;%;32.84;32.84;disponivel
N6;Município;2304301;Farias Brito - CE;2021;2021;520;Participação do valor adicionado bruto a preços correntes da indústria no valor adicionado bruto a preços correntes total;%;3.23;3.23;disponivel
N6;Município;2304350;Forquilha - CE;2021;2021;520;Participação do valor adicionado bruto a preços correntes da indústria no valor adicionado bruto a preços correntes total;%;18.77;18.77;disponivel
N6;Município;2304400;Fortaleza - CE;2021;2021;520;Participação do valor adicionado bruto a preços correntes da indústria no valor adicionado bruto a preços correntes total;%;13.98;13.98;disponivel
N6;Município;2304459;Fortim - CE;2021;2021;520;Participação do valor adicionado bruto a preços correntes da indústria no valor adicionado bruto a preços correntes total;%;37.02;37.02;disponivel
N6;Município;2304509;Frecheirinha - CE;2021;2021;520;Participação do valor adicionado bruto a preços correntes da indústria no valor adicionado bruto a preços correntes total;%;35.64;35.64;disponivel
N6;Município;2304608;General Sampaio - CE;2021;2021;520;Participação do valor adicionado bruto a preços correntes da indústria no valor adicionado bruto a preços correntes total;%;2.97;2.97;disponivel
N6;Município;2304657;Graça - CE;2021;2021;520;Participação do valor adicionado bruto a preços correntes da indústria no valor adicionado bruto a preços correntes total;%;3.63;3.63;disponivel
N6;Município;2304707;Granja - CE;2021;2021;520;Participação do valor adicionado bruto a preços correntes da indústria no valor adicionado bruto a preços correntes total;%;4.32;4.32;disponivel
N6;Município;2304806;Granjeiro - CE;2021;2021;520;Participação do valor adicionado bruto a preços correntes da indústria no valor adicionado bruto a preços correntes total;%;3.46;3.46;disponivel
N6;Município;2304905;Groaíras - CE;2021;2021;520;Participação do valor adicionado bruto a preços correntes da indústria no valor adicionado bruto a preços correntes total;%;5.7;5.7;disponivel
N6;Município;2304954;Guaiúba - CE;2021;2021;520;Participação do valor adicionado bruto a preços correntes da indústria no valor adicionado bruto a preços correntes total;%;6.88;6.88;disponivel
N6;Município;2305001;Guaraciaba do Norte - CE;2021;2021;520;Participação do valor adicionado bruto a preços correntes da indústria no valor adicionado bruto a preços correntes total;%;3.12;3.12;disponivel
N6;Município;2305100;Guaramiranga - CE;2021;2021;520;Participação do valor adicionado bruto a preços correntes da indústria no valor adicionado bruto a preços correntes total;%;4.2;4.2;disponivel
N6;Município;2305209;Hidrolândia - CE;2021;2021;520;Participação do valor adicionado bruto a preços correntes da indústria no valor adicionado bruto a preços correntes total;%;4.95;4.95;disponivel
N6;Município;2305233;Horizonte - CE;2021;2021;520;Participação do valor adicionado bruto a preços correntes da indústria no valor adicionado bruto a preços correntes total;%;41.98;41.98;disponivel
N6;Município;2305266;Ibaretama - CE;2021;2021;520;Participação do valor adicionado bruto a preços correntes da indústria no valor adicionado bruto a preços correntes total;%;3.75;3.75;disponivel
N6;Município;2305308;Ibiapina - CE;2021;2021;520;Participação do valor adicionado bruto a preços correntes da indústria no valor adicionado bruto a preços correntes total;%;11.2;11.2;disponivel
N6;Município;2305332;Ibicuitinga - CE;2021;2021;520;Participação do valor adicionado bruto a preços correntes da indústria no valor adicionado bruto a preços correntes total;%;3.47;3.47;disponivel
N6;Município;2305357;Icapuí - CE;2021;2021;520;Participação do valor adicionado bruto a preços correntes da indústria no valor adicionado bruto a preços correntes total;%;31.16;31.16;disponivel
N6;Município;2305407;Icó - CE;2021;2021;520;Participação do valor adicionado bruto a preços correntes da indústria no valor adicionado bruto a preços correntes total;%;6.1;6.1;disponivel
N6;Município;2305506;Iguatu - CE;2021;2021;520;Participação do valor adicionado bruto a preços correntes da indústria no valor adicionado bruto a preços correntes total;%;8.69;8.69;disponivel
N6;Município;2305605;Independência - CE;2021;2021;520;Participação do valor adicionado bruto a preços correntes da indústria no valor adicionado bruto a preços correntes total;%;4.21;4.21;disponivel
N6;Município;2305654;Ipaporanga - CE;2021;2021;520;Participação do valor adicionado bruto a preços correntes da indústria no valor adicionado bruto a preços correntes total;%;2.88;2.88;disponivel
N6;Município;2305704;Ipaumirim - CE;2021;2021;520;Participação do valor adicionado bruto a preços correntes da indústria no valor adicionado bruto a preços correntes total;%;5.64;5.64;disponivel
N6;Município;2305803;Ipu - CE;2021;2021;520;Participação do valor adicionado bruto a preços correntes da indústria no valor adicionado bruto a preços correntes total;%;3.96;3.96;disponivel
N6;Município;2305902;Ipueiras - CE;2021;2021;520;Participação do valor adicionado bruto a preços correntes da indústria no valor adicionado bruto a preços correntes total;%;2.49;2.49;disponivel
N6;Município;2306009;Iracema - CE;2021;2021;520;Participação do valor adicionado bruto a preços correntes da indústria no valor adicionado bruto a preços correntes total;%;3.96;3.96;disponivel
N6;Município;2306108;Irauçuba - CE;2021;2021;520;Participação do valor adicionado bruto a preços correntes da indústria no valor adicionado bruto a preços correntes total;%;7.04;7.04;disponivel
N6;Município;2306207;Itaiçaba - CE;2021;2021;520;Participação do valor adicionado bruto a preços correntes da indústria no valor adicionado bruto a preços correntes total;%;4.99;4.99;disponivel
N6;Município;2306256;Itaitinga - CE;2021;2021;520;Participação do valor adicionado bruto a preços correntes da indústria no valor adicionado bruto a preços correntes total;%;18.32;18.32;disponivel
N6;Município;2306306;Itapajé - CE;2021;2021;520;Participação do valor adicionado bruto a preços correntes da indústria no valor adicionado bruto a preços correntes total;%;14.86;14.86;disponivel
N6;Município;2306405;Itapipoca - CE;2021;2021;520;Participação do valor adicionado bruto a preços correntes da indústria no valor adicionado bruto a preços correntes total;%;16.28;16.28;disponivel
N6;Município;2306504;Itapiúna - CE;2021;2021;520;Participação do valor adicionado bruto a preços correntes da indústria no valor adicionado bruto a preços correntes total;%;3.3;3.3;disponivel
N6;Município;2306553;Itarema - CE;2021;2021;520;Participação do valor adicionado bruto a preços correntes da indústria no valor adicionado bruto a preços correntes total;%;42.17;42.17;disponivel
N6;Município;2306603;Itatira - CE;2021;2021;520;Participação do valor adicionado bruto a preços correntes da indústria no valor adicionado bruto a preços correntes total;%;2.6;2.6;disponivel
N6;Município;2306702;Jaguaretama - CE;2021;2021;520;Participação do valor adicionado bruto a preços correntes da indústria no valor adicionado bruto a preços correntes total;%;4.68;4.68;disponivel
N6;Município;2306801;Jaguaribara - CE;2021;2021;520;Participação do valor adicionado bruto a preços correntes da indústria no valor adicionado bruto a preços correntes total;%;4.42;4.42;disponivel
N6;Município;2306900;Jaguaribe - CE;2021;2021;520;Participação do valor adicionado bruto a preços correntes da indústria no valor adicionado bruto a preços correntes total;%;10.22;10.22;disponivel
N6;Município;2307007;Jaguaruana - CE;2021;2021;520;Participação do valor adicionado bruto a preços correntes da indústria no valor adicionado bruto a preços correntes total;%;24.16;24.16;disponivel
N6;Município;2307106;Jardim - CE;2021;2021;520;Participação do valor adicionado bruto a preços correntes da indústria no valor adicionado bruto a preços correntes total;%;3.59;3.59;disponivel
N6;Município;2307205;Jati - CE;2021;2021;520;Participação do valor adicionado bruto a preços correntes da indústria no valor adicionado bruto a preços correntes total;%;2.81;2.81;disponivel
N6;Município;2307254;Jijoca de Jericoacoara - CE;2021;2021;520;Participação do valor adicionado bruto a preços correntes da indústria no valor adicionado bruto a preços correntes total;%;5.24;5.24;disponivel
N6;Município;2307304;Juazeiro do Norte - CE;2021;2021;520;Participação do valor adicionado bruto a preços correntes da indústria no valor adicionado bruto a preços correntes total;%;9.43;9.43;disponivel
N6;Município;2307403;Jucás - CE;2021;2021;520;Participação do valor adicionado bruto a preços correntes da indústria no valor adicionado bruto a preços correntes total;%;10.57;10.57;disponivel
N6;Município;2307502;Lavras da Mangabeira - CE;2021;2021;520;Participação do valor adicionado bruto a preços correntes da indústria no valor adicionado bruto a preços correntes total;%;4.15;4.15;disponivel
N6;Município;2307601;Limoeiro do Norte - CE;2021;2021;520;Participação do valor adicionado bruto a preços correntes da indústria no valor adicionado bruto a preços correntes total;%;11.96;11.96;disponivel
N6;Município;2307635;Madalena - CE;2021;2021;520;Participação do valor adicionado bruto a preços correntes da indústria no valor adicionado bruto a preços correntes total;%;3.34;3.34;disponivel
N6;Município;2307650;Maracanaú - CE;2021;2021;520;Participação do valor adicionado bruto a preços correntes da indústria no valor adicionado bruto a preços correntes total;%;37.87;37.87;disponivel
N6;Município;2307700;Maranguape - CE;2021;2021;520;Participação do valor adicionado bruto a preços correntes da indústria no valor adicionado bruto a preços correntes total;%;20.93;20.93;disponivel
N6;Município;2307809;Marco - CE;2021;2021;520;Participação do valor adicionado bruto a preços correntes da indústria no valor adicionado bruto a preços correntes total;%;12.5;12.5;disponivel
N6;Município;2307908;Martinópole - CE;2021;2021;520;Participação do valor adicionado bruto a preços correntes da indústria no valor adicionado bruto a preços correntes total;%;3.63;3.63;disponivel
N6;Município;2308005;Massapê - CE;2021;2021;520;Participação do valor adicionado bruto a preços correntes da indústria no valor adicionado bruto a preços correntes total;%;15.08;15.08;disponivel
N6;Município;2308104;Mauriti - CE;2021;2021;520;Participação do valor adicionado bruto a preços correntes da indústria no valor adicionado bruto a preços correntes total;%;3.8;3.8;disponivel
N6;Município;2308203;Meruoca - CE;2021;2021;520;Participação do valor adicionado bruto a preços correntes da indústria no valor adicionado bruto a preços correntes total;%;6.33;6.33;disponivel
N6;Município;2308302;Milagres - CE;2021;2021;520;Participação do valor adicionado bruto a preços correntes da indústria no valor adicionado bruto a preços correntes total;%;12.0;12.0;disponivel
N6;Município;2308351;Milhã - CE;2021;2021;520;Participação do valor adicionado bruto a preços correntes da indústria no valor adicionado bruto a preços correntes total;%;1.96;1.96;disponivel
N6;Município;2308377;Miraíma - CE;2021;2021;520;Participação do valor adicionado bruto a preços correntes da indústria no valor adicionado bruto a preços correntes total;%;3.0;3.0;disponivel
N6;Município;2308401;Missão Velha - CE;2021;2021;520;Participação do valor adicionado bruto a preços correntes da indústria no valor adicionado bruto a preços correntes total;%;4.15;4.15;disponivel
N6;Município;2308500;Mombaça - CE;2021;2021;520;Participação do valor adicionado bruto a preços correntes da indústria no valor adicionado bruto a preços correntes total;%;7.13;7.13;disponivel
N6;Município;2308609;Monsenhor Tabosa - CE;2021;2021;520;Participação do valor adicionado bruto a preços correntes da indústria no valor adicionado bruto a preços correntes total;%;2.7;2.7;disponivel
N6;Município;2308708;Morada Nova - CE;2021;2021;520;Participação do valor adicionado bruto a preços correntes da indústria no valor adicionado bruto a preços correntes total;%;27.0;27.0;disponivel
N6;Município;2308807;Moraújo - CE;2021;2021;520;Participação do valor adicionado bruto a preços correntes da indústria no valor adicionado bruto a preços correntes total;%;2.96;2.96;disponivel
N6;Município;2308906;Morrinhos - CE;2021;2021;520;Participação do valor adicionado bruto a preços correntes da indústria no valor adicionado bruto a preços correntes total;%;6.11;6.11;disponivel
N6;Município;2309003;Mucambo - CE;2021;2021;520;Participação do valor adicionado bruto a preços correntes da indústria no valor adicionado bruto a preços correntes total;%;3.97;3.97;disponivel
N6;Município;2309102;Mulungu - CE;2021;2021;520;Participação do valor adicionado bruto a preços correntes da indústria no valor adicionado bruto a preços correntes total;%;3.21;3.21;disponivel
N6;Município;2309201;Nova Olinda - CE;2021;2021;520;Participação do valor adicionado bruto a preços correntes da indústria no valor adicionado bruto a preços correntes total;%;8.51;8.51;disponivel
N6;Município;2309300;Nova Russas - CE;2021;2021;520;Participação do valor adicionado bruto a preços correntes da indústria no valor adicionado bruto a preços correntes total;%;3.53;3.53;disponivel
N6;Município;2309409;Novo Oriente - CE;2021;2021;520;Participação do valor adicionado bruto a preços correntes da indústria no valor adicionado bruto a preços correntes total;%;7.53;7.53;disponivel
N6;Município;2309458;Ocara - CE;2021;2021;520;Participação do valor adicionado bruto a preços correntes da indústria no valor adicionado bruto a preços correntes total;%;12.27;12.27;disponivel
N6;Município;2309508;Orós - CE;2021;2021;520;Participação do valor adicionado bruto a preços correntes da indústria no valor adicionado bruto a preços correntes total;%;3.65;3.65;disponivel
N6;Município;2309607;Pacajus - CE;2021;2021;520;Participação do valor adicionado bruto a preços correntes da indústria no valor adicionado bruto a preços correntes total;%;35.19;35.19;disponivel
N6;Município;2309706;Pacatuba - CE;2021;2021;520;Participação do valor adicionado bruto a preços correntes da indústria no valor adicionado bruto a preços correntes total;%;30.09;30.09;disponivel
N6;Município;2309805;Pacoti - CE;2021;2021;520;Participação do valor adicionado bruto a preços correntes da indústria no valor adicionado bruto a preços correntes total;%;3.54;3.54;disponivel
N6;Município;2309904;Pacujá - CE;2021;2021;520;Participação do valor adicionado bruto a preços correntes da indústria no valor adicionado bruto a preços correntes total;%;4.62;4.62;disponivel
N6;Município;2310001;Palhano - CE;2021;2021;520;Participação do valor adicionado bruto a preços correntes da indústria no valor adicionado bruto a preços correntes total;%;4.73;4.73;disponivel
N6;Município;2310100;Palmácia - CE;2021;2021;520;Participação do valor adicionado bruto a preços correntes da indústria no valor adicionado bruto a preços correntes total;%;2.66;2.66;disponivel
N6;Município;2310209;Paracuru - CE;2021;2021;520;Participação do valor adicionado bruto a preços correntes da indústria no valor adicionado bruto a preços correntes total;%;18.43;18.43;disponivel
N6;Município;2310258;Paraipaba - CE;2021;2021;520;Participação do valor adicionado bruto a preços correntes da indústria no valor adicionado bruto a preços correntes total;%;16.57;16.57;disponivel
N6;Município;2310308;Parambu - CE;2021;2021;520;Participação do valor adicionado bruto a preços correntes da indústria no valor adicionado bruto a preços correntes total;%;2.98;2.98;disponivel
N6;Município;2310407;Paramoti - CE;2021;2021;520;Participação do valor adicionado bruto a preços correntes da indústria no valor adicionado bruto a preços correntes total;%;3.63;3.63;disponivel
N6;Município;2310506;Pedra Branca - CE;2021;2021;520;Participação do valor adicionado bruto a preços correntes da indústria no valor adicionado bruto a preços correntes total;%;2.6;2.6;disponivel
N6;Município;2310605;Penaforte - CE;2021;2021;520;Participação do valor adicionado bruto a preços correntes da indústria no valor adicionado bruto a preços correntes total;%;4.75;4.75;disponivel
N6;Município;2310704;Pentecoste - CE;2021;2021;520;Participação do valor adicionado bruto a preços correntes da indústria no valor adicionado bruto a preços correntes total;%;16.23;16.23;disponivel
N6;Município;2310803;Pereiro - CE;2021;2021;520;Participação do valor adicionado bruto a preços correntes da indústria no valor adicionado bruto a preços correntes total;%;2.87;2.87;disponivel
N6;Município;2310852;Pindoretama - CE;2021;2021;520;Participação do valor adicionado bruto a preços correntes da indústria no valor adicionado bruto a preços correntes total;%;6.14;6.14;disponivel
N6;Município;2310902;Piquet Carneiro - CE;2021;2021;520;Participação do valor adicionado bruto a preços correntes da indústria no valor adicionado bruto a preços correntes total;%;2.8;2.8;disponivel
N6;Município;2310951;Pires Ferreira - CE;2021;2021;520;Participação do valor adicionado bruto a preços correntes da indústria no valor adicionado bruto a preços correntes total;%;3.45;3.45;disponivel
N6;Município;2311009;Poranga - CE;2021;2021;520;Participação do valor adicionado bruto a preços correntes da indústria no valor adicionado bruto a preços correntes total;%;3.64;3.64;disponivel
N6;Município;2311108;Porteiras - CE;2021;2021;520;Participação do valor adicionado bruto a preços correntes da indústria no valor adicionado bruto a preços correntes total;%;4.61;4.61;disponivel
N6;Município;2311207;Potengi - CE;2021;2021;520;Participação do valor adicionado bruto a preços correntes da indústria no valor adicionado bruto a preços correntes total;%;4.54;4.54;disponivel
N6;Município;2311231;Potiretama - CE;2021;2021;520;Participação do valor adicionado bruto a preços correntes da indústria no valor adicionado bruto a preços correntes total;%;4.68;4.68;disponivel
N6;Município;2311264;Quiterianópolis - CE;2021;2021;520;Participação do valor adicionado bruto a preços correntes da indústria no valor adicionado bruto a preços correntes total;%;3.09;3.09;disponivel
N6;Município;2311306;Quixadá - CE;2021;2021;520;Participação do valor adicionado bruto a preços correntes da indústria no valor adicionado bruto a preços correntes total;%;6.46;6.46;disponivel
N6;Município;2311355;Quixelô - CE;2021;2021;520;Participação do valor adicionado bruto a preços correntes da indústria no valor adicionado bruto a preços correntes total;%;2.25;2.25;disponivel
N6;Município;2311405;Quixeramobim - CE;2021;2021;520;Participação do valor adicionado bruto a preços correntes da indústria no valor adicionado bruto a preços correntes total;%;22.66;22.66;disponivel
N6;Município;2311504;Quixeré - CE;2021;2021;520;Participação do valor adicionado bruto a preços correntes da indústria no valor adicionado bruto a preços correntes total;%;40.4;40.4;disponivel
N6;Município;2311603;Redenção - CE;2021;2021;520;Participação do valor adicionado bruto a preços correntes da indústria no valor adicionado bruto a preços correntes total;%;7.88;7.88;disponivel
N6;Município;2311702;Reriutaba - CE;2021;2021;520;Participação do valor adicionado bruto a preços correntes da indústria no valor adicionado bruto a preços correntes total;%;7.85;7.85;disponivel
N6;Município;2311801;Russas - CE;2021;2021;520;Participação do valor adicionado bruto a preços correntes da indústria no valor adicionado bruto a preços correntes total;%;14.69;14.69;disponivel
N6;Município;2311900;Saboeiro - CE;2021;2021;520;Participação do valor adicionado bruto a preços correntes da indústria no valor adicionado bruto a preços correntes total;%;2.44;2.44;disponivel
N6;Município;2311959;Salitre - CE;2021;2021;520;Participação do valor adicionado bruto a preços correntes da indústria no valor adicionado bruto a preços correntes total;%;2.51;2.51;disponivel
N6;Município;2312007;Santana do Acaraú - CE;2021;2021;520;Participação do valor adicionado bruto a preços correntes da indústria no valor adicionado bruto a preços correntes total;%;4.06;4.06;disponivel
N6;Município;2312106;Santana do Cariri - CE;2021;2021;520;Participação do valor adicionado bruto a preços correntes da indústria no valor adicionado bruto a preços correntes total;%;3.35;3.35;disponivel
N6;Município;2312205;Santa Quitéria - CE;2021;2021;520;Participação do valor adicionado bruto a preços correntes da indústria no valor adicionado bruto a preços correntes total;%;18.34;18.34;disponivel
N6;Município;2312304;São Benedito - CE;2021;2021;520;Participação do valor adicionado bruto a preços correntes da indústria no valor adicionado bruto a preços correntes total;%;5.29;5.29;disponivel
N6;Município;2312403;São Gonçalo do Amarante - CE;2021;2021;520;Participação do valor adicionado bruto a preços correntes da indústria no valor adicionado bruto a preços correntes total;%;74.28;74.28;disponivel
N6;Município;2312502;São João do Jaguaribe - CE;2021;2021;520;Participação do valor adicionado bruto a preços correntes da indústria no valor adicionado bruto a preços correntes total;%;2.43;2.43;disponivel
N6;Município;2312601;São Luís do Curu - CE;2021;2021;520;Participação do valor adicionado bruto a preços correntes da indústria no valor adicionado bruto a preços correntes total;%;11.46;11.46;disponivel
N6;Município;2312700;Senador Pompeu - CE;2021;2021;520;Participação do valor adicionado bruto a preços correntes da indústria no valor adicionado bruto a preços correntes total;%;16.7;16.7;disponivel
N6;Município;2312809;Senador Sá - CE;2021;2021;520;Participação do valor adicionado bruto a preços correntes da indústria no valor adicionado bruto a preços correntes total;%;3.1;3.1;disponivel
N6;Município;2312908;Sobral - CE;2021;2021;520;Participação do valor adicionado bruto a preços correntes da indústria no valor adicionado bruto a preços correntes total;%;25.37;25.37;disponivel
N6;Município;2313005;Solonópole - CE;2021;2021;520;Participação do valor adicionado bruto a preços correntes da indústria no valor adicionado bruto a preços correntes total;%;20.18;20.18;disponivel
N6;Município;2313104;Tabuleiro do Norte - CE;2021;2021;520;Participação do valor adicionado bruto a preços correntes da indústria no valor adicionado bruto a preços correntes total;%;13.13;13.13;disponivel
N6;Município;2313203;Tamboril - CE;2021;2021;520;Participação do valor adicionado bruto a preços correntes da indústria no valor adicionado bruto a preços correntes total;%;3.21;3.21;disponivel
N6;Município;2313252;Tarrafas - CE;2021;2021;520;Participação do valor adicionado bruto a preços correntes da indústria no valor adicionado bruto a preços correntes total;%;3.98;3.98;disponivel
N6;Município;2313302;Tauá - CE;2021;2021;520;Participação do valor adicionado bruto a preços correntes da indústria no valor adicionado bruto a preços correntes total;%;5.96;5.96;disponivel
N6;Município;2313351;Tejuçuoca - CE;2021;2021;520;Participação do valor adicionado bruto a preços correntes da indústria no valor adicionado bruto a preços correntes total;%;3.28;3.28;disponivel
N6;Município;2313401;Tianguá - CE;2021;2021;520;Participação do valor adicionado bruto a preços correntes da indústria no valor adicionado bruto a preços correntes total;%;11.6;11.6;disponivel
N6;Município;2313500;Trairi - CE;2021;2021;520;Participação do valor adicionado bruto a preços correntes da indústria no valor adicionado bruto a preços correntes total;%;47.3;47.3;disponivel
N6;Município;2313559;Tururu - CE;2021;2021;520;Participação do valor adicionado bruto a preços correntes da indústria no valor adicionado bruto a preços correntes total;%;3.89;3.89;disponivel
N6;Município;2313609;Ubajara - CE;2021;2021;520;Participação do valor adicionado bruto a preços correntes da indústria no valor adicionado bruto a preços correntes total;%;19.38;19.38;disponivel
N6;Município;2313708;Umari - CE;2021;2021;520;Participação do valor adicionado bruto a preços correntes da indústria no valor adicionado bruto a preços correntes total;%;3.02;3.02;disponivel
N6;Município;2313757;Umirim - CE;2021;2021;520;Participação do valor adicionado bruto a preços correntes da indústria no valor adicionado bruto a preços correntes total;%;4.55;4.55;disponivel
N6;Município;2313807;Uruburetama - CE;2021;2021;520;Participação do valor adicionado bruto a preços correntes da indústria no valor adicionado bruto a preços correntes total;%;19.54;19.54;disponivel
N6;Município;2313906;Uruoca - CE;2021;2021;520;Participação do valor adicionado bruto a preços correntes da indústria no valor adicionado bruto a preços correntes total;%;43.87;43.87;disponivel
N6;Município;2313955;Varjota - CE;2021;2021;520;Participação do valor adicionado bruto a preços correntes da indústria no valor adicionado bruto a preços correntes total;%;5.05;5.05;disponivel
N6;Município;2314003;Várzea Alegre - CE;2021;2021;520;Participação do valor adicionado bruto a preços correntes da indústria no valor adicionado bruto a preços correntes total;%;7.32;7.32;disponivel
N6;Município;2314102;Viçosa do Ceará - CE;2021;2021;520;Participação do valor adicionado bruto a preços correntes da indústria no valor adicionado bruto a preços correntes total;%;6.22;6.22;disponivel
N1;Brasil;1;Brasil;2021;2021;6575;Valor adicionado bruto a preços correntes dos serviços, exclusive administração, defesa, educação e saúde públicas e seguridade social;Mil Reais;3910159000.0;3910159000.0;disponivel
N3;Unidade da Federação;23;Ceará;2021;2021;6575;Valor adicionado bruto a preços correntes dos serviços, exclusive administração, defesa, educação e saúde públicas e seguridade social;Mil Reais;83990541.0;83990541.0;disponivel
N6;Município;2300101;Abaiara - CE;2021;2021;6575;Valor adicionado bruto a preços correntes dos serviços, exclusive administração, defesa, educação e saúde públicas e seguridade social;Mil Reais;29093.0;29093.0;disponivel
N6;Município;2300150;Acarape - CE;2021;2021;6575;Valor adicionado bruto a preços correntes dos serviços, exclusive administração, defesa, educação e saúde públicas e seguridade social;Mil Reais;57169.0;57169.0;disponivel
N6;Município;2300200;Acaraú - CE;2021;2021;6575;Valor adicionado bruto a preços correntes dos serviços, exclusive administração, defesa, educação e saúde públicas e seguridade social;Mil Reais;289733.0;289733.0;disponivel
N6;Município;2300309;Acopiara - CE;2021;2021;6575;Valor adicionado bruto a preços correntes dos serviços, exclusive administração, defesa, educação e saúde públicas e seguridade social;Mil Reais;171031.0;171031.0;disponivel
N6;Município;2300408;Aiuaba - CE;2021;2021;6575;Valor adicionado bruto a preços correntes dos serviços, exclusive administração, defesa, educação e saúde públicas e seguridade social;Mil Reais;33933.0;33933.0;disponivel
N6;Município;2300507;Alcântaras - CE;2021;2021;6575;Valor adicionado bruto a preços correntes dos serviços, exclusive administração, defesa, educação e saúde públicas e seguridade social;Mil Reais;26247.0;26247.0;disponivel
N6;Município;2300606;Altaneira - CE;2021;2021;6575;Valor adicionado bruto a preços correntes dos serviços, exclusive administração, defesa, educação e saúde públicas e seguridade social;Mil Reais;19194.0;19194.0;disponivel
N6;Município;2300705;Alto Santo - CE;2021;2021;6575;Valor adicionado bruto a preços correntes dos serviços, exclusive administração, defesa, educação e saúde públicas e seguridade social;Mil Reais;56941.0;56941.0;disponivel
N6;Município;2300754;Amontada - CE;2021;2021;6575;Valor adicionado bruto a preços correntes dos serviços, exclusive administração, defesa, educação e saúde públicas e seguridade social;Mil Reais;147238.0;147238.0;disponivel
N6;Município;2300804;Antonina do Norte - CE;2021;2021;6575;Valor adicionado bruto a preços correntes dos serviços, exclusive administração, defesa, educação e saúde públicas e seguridade social;Mil Reais;25682.0;25682.0;disponivel
N6;Município;2300903;Apuiarés - CE;2021;2021;6575;Valor adicionado bruto a preços correntes dos serviços, exclusive administração, defesa, educação e saúde públicas e seguridade social;Mil Reais;35732.0;35732.0;disponivel
N6;Município;2301000;Aquiraz - CE;2021;2021;6575;Valor adicionado bruto a preços correntes dos serviços, exclusive administração, defesa, educação e saúde públicas e seguridade social;Mil Reais;1347196.0;1347196.0;disponivel
N6;Município;2301109;Aracati - CE;2021;2021;6575;Valor adicionado bruto a preços correntes dos serviços, exclusive administração, defesa, educação e saúde públicas e seguridade social;Mil Reais;598729.0;598729.0;disponivel
N6;Município;2301208;Aracoiaba - CE;2021;2021;6575;Valor adicionado bruto a preços correntes dos serviços, exclusive administração, defesa, educação e saúde públicas e seguridade social;Mil Reais;80019.0;80019.0;disponivel
N6;Município;2301257;Ararendá - CE;2021;2021;6575;Valor adicionado bruto a preços correntes dos serviços, exclusive administração, defesa, educação e saúde públicas e seguridade social;Mil Reais;27874.0;27874.0;disponivel
N6;Município;2301307;Araripe - CE;2021;2021;6575;Valor adicionado bruto a preços correntes dos serviços, exclusive administração, defesa, educação e saúde públicas e seguridade social;Mil Reais;48531.0;48531.0;disponivel
N6;Município;2301406;Aratuba - CE;2021;2021;6575;Valor adicionado bruto a preços correntes dos serviços, exclusive administração, defesa, educação e saúde públicas e seguridade social;Mil Reais;32495.0;32495.0;disponivel
N6;Município;2301505;Arneiroz - CE;2021;2021;6575;Valor adicionado bruto a preços correntes dos serviços, exclusive administração, defesa, educação e saúde públicas e seguridade social;Mil Reais;17066.0;17066.0;disponivel
N6;Município;2301604;Assaré - CE;2021;2021;6575;Valor adicionado bruto a preços correntes dos serviços, exclusive administração, defesa, educação e saúde públicas e seguridade social;Mil Reais;75910.0;75910.0;disponivel
N6;Município;2301703;Aurora - CE;2021;2021;6575;Valor adicionado bruto a preços correntes dos serviços, exclusive administração, defesa, educação e saúde públicas e seguridade social;Mil Reais;65680.0;65680.0;disponivel
N6;Município;2301802;Baixio - CE;2021;2021;6575;Valor adicionado bruto a preços correntes dos serviços, exclusive administração, defesa, educação e saúde públicas e seguridade social;Mil Reais;14465.0;14465.0;disponivel
N6;Município;2301851;Banabuiú - CE;2021;2021;6575;Valor adicionado bruto a preços correntes dos serviços, exclusive administração, defesa, educação e saúde públicas e seguridade social;Mil Reais;66669.0;66669.0;disponivel
N6;Município;2301901;Barbalha - CE;2021;2021;6575;Valor adicionado bruto a preços correntes dos serviços, exclusive administração, defesa, educação e saúde públicas e seguridade social;Mil Reais;584349.0;584349.0;disponivel
N6;Município;2301950;Barreira - CE;2021;2021;6575;Valor adicionado bruto a preços correntes dos serviços, exclusive administração, defesa, educação e saúde públicas e seguridade social;Mil Reais;71941.0;71941.0;disponivel
N6;Município;2302008;Barro - CE;2021;2021;6575;Valor adicionado bruto a preços correntes dos serviços, exclusive administração, defesa, educação e saúde públicas e seguridade social;Mil Reais;77545.0;77545.0;disponivel
N6;Município;2302057;Barroquinha - CE;2021;2021;6575;Valor adicionado bruto a preços correntes dos serviços, exclusive administração, defesa, educação e saúde públicas e seguridade social;Mil Reais;36510.0;36510.0;disponivel
N6;Município;2302107;Baturité - CE;2021;2021;6575;Valor adicionado bruto a preços correntes dos serviços, exclusive administração, defesa, educação e saúde públicas e seguridade social;Mil Reais;208836.0;208836.0;disponivel
N6;Município;2302206;Beberibe - CE;2021;2021;6575;Valor adicionado bruto a preços correntes dos serviços, exclusive administração, defesa, educação e saúde públicas e seguridade social;Mil Reais;247368.0;247368.0;disponivel
N6;Município;2302305;Bela Cruz - CE;2021;2021;6575;Valor adicionado bruto a preços correntes dos serviços, exclusive administração, defesa, educação e saúde públicas e seguridade social;Mil Reais;85925.0;85925.0;disponivel
N6;Município;2302404;Boa Viagem - CE;2021;2021;6575;Valor adicionado bruto a preços correntes dos serviços, exclusive administração, defesa, educação e saúde públicas e seguridade social;Mil Reais;189399.0;189399.0;disponivel
N6;Município;2302503;Brejo Santo - CE;2021;2021;6575;Valor adicionado bruto a preços correntes dos serviços, exclusive administração, defesa, educação e saúde públicas e seguridade social;Mil Reais;318299.0;318299.0;disponivel
N6;Município;2302602;Camocim - CE;2021;2021;6575;Valor adicionado bruto a preços correntes dos serviços, exclusive administração, defesa, educação e saúde públicas e seguridade social;Mil Reais;280667.0;280667.0;disponivel
N6;Município;2302701;Campos Sales - CE;2021;2021;6575;Valor adicionado bruto a preços correntes dos serviços, exclusive administração, defesa, educação e saúde públicas e seguridade social;Mil Reais;110385.0;110385.0;disponivel
N6;Município;2302800;Canindé - CE;2021;2021;6575;Valor adicionado bruto a preços correntes dos serviços, exclusive administração, defesa, educação e saúde públicas e seguridade social;Mil Reais;370446.0;370446.0;disponivel
N6;Município;2302909;Capistrano - CE;2021;2021;6575;Valor adicionado bruto a preços correntes dos serviços, exclusive administração, defesa, educação e saúde públicas e seguridade social;Mil Reais;51841.0;51841.0;disponivel
N6;Município;2303006;Caridade - CE;2021;2021;6575;Valor adicionado bruto a preços correntes dos serviços, exclusive administração, defesa, educação e saúde públicas e seguridade social;Mil Reais;55813.0;55813.0;disponivel
N6;Município;2303105;Cariré - CE;2021;2021;6575;Valor adicionado bruto a preços correntes dos serviços, exclusive administração, defesa, educação e saúde públicas e seguridade social;Mil Reais;42335.0;42335.0;disponivel
N6;Município;2303204;Caririaçu - CE;2021;2021;6575;Valor adicionado bruto a preços correntes dos serviços, exclusive administração, defesa, educação e saúde públicas e seguridade social;Mil Reais;65384.0;65384.0;disponivel
N6;Município;2303303;Cariús - CE;2021;2021;6575;Valor adicionado bruto a preços correntes dos serviços, exclusive administração, defesa, educação e saúde públicas e seguridade social;Mil Reais;41909.0;41909.0;disponivel
N6;Município;2303402;Carnaubal - CE;2021;2021;6575;Valor adicionado bruto a preços correntes dos serviços, exclusive administração, defesa, educação e saúde públicas e seguridade social;Mil Reais;48573.0;48573.0;disponivel
N6;Município;2303501;Cascavel - CE;2021;2021;6575;Valor adicionado bruto a preços correntes dos serviços, exclusive administração, defesa, educação e saúde públicas e seguridade social;Mil Reais;411528.0;411528.0;disponivel
N6;Município;2303600;Catarina - CE;2021;2021;6575;Valor adicionado bruto a preços correntes dos serviços, exclusive administração, defesa, educação e saúde públicas e seguridade social;Mil Reais;35333.0;35333.0;disponivel
N6;Município;2303659;Catunda - CE;2021;2021;6575;Valor adicionado bruto a preços correntes dos serviços, exclusive administração, defesa, educação e saúde públicas e seguridade social;Mil Reais;29683.0;29683.0;disponivel
N6;Município;2303709;Caucaia - CE;2021;2021;6575;Valor adicionado bruto a preços correntes dos serviços, exclusive administração, defesa, educação e saúde públicas e seguridade social;Mil Reais;3305418.0;3305418.0;disponivel
N6;Município;2303808;Cedro - CE;2021;2021;6575;Valor adicionado bruto a preços correntes dos serviços, exclusive administração, defesa, educação e saúde públicas e seguridade social;Mil Reais;79138.0;79138.0;disponivel
N6;Município;2303907;Chaval - CE;2021;2021;6575;Valor adicionado bruto a preços correntes dos serviços, exclusive administração, defesa, educação e saúde públicas e seguridade social;Mil Reais;34129.0;34129.0;disponivel
N6;Município;2303931;Choró - CE;2021;2021;6575;Valor adicionado bruto a preços correntes dos serviços, exclusive administração, defesa, educação e saúde públicas e seguridade social;Mil Reais;84820.0;84820.0;disponivel
N6;Município;2303956;Chorozinho - CE;2021;2021;6575;Valor adicionado bruto a preços correntes dos serviços, exclusive administração, defesa, educação e saúde públicas e seguridade social;Mil Reais;78132.0;78132.0;disponivel
N6;Município;2304004;Coreaú - CE;2021;2021;6575;Valor adicionado bruto a preços correntes dos serviços, exclusive administração, defesa, educação e saúde públicas e seguridade social;Mil Reais;70140.0;70140.0;disponivel
N6;Município;2304103;Crateús - CE;2021;2021;6575;Valor adicionado bruto a preços correntes dos serviços, exclusive administração, defesa, educação e saúde públicas e seguridade social;Mil Reais;438111.0;438111.0;disponivel
N6;Município;2304202;Crato - CE;2021;2021;6575;Valor adicionado bruto a preços correntes dos serviços, exclusive administração, defesa, educação e saúde públicas e seguridade social;Mil Reais;913224.0;913224.0;disponivel
N6;Município;2304236;Croatá - CE;2021;2021;6575;Valor adicionado bruto a preços correntes dos serviços, exclusive administração, defesa, educação e saúde públicas e seguridade social;Mil Reais;53249.0;53249.0;disponivel
N6;Município;2304251;Cruz - CE;2021;2021;6575;Valor adicionado bruto a preços correntes dos serviços, exclusive administração, defesa, educação e saúde públicas e seguridade social;Mil Reais;166099.0;166099.0;disponivel
N6;Município;2304269;Deputado Irapuan Pinheiro - CE;2021;2021;6575;Valor adicionado bruto a preços correntes dos serviços, exclusive administração, defesa, educação e saúde públicas e seguridade social;Mil Reais;26363.0;26363.0;disponivel
N6;Município;2304277;Ereré - CE;2021;2021;6575;Valor adicionado bruto a preços correntes dos serviços, exclusive administração, defesa, educação e saúde públicas e seguridade social;Mil Reais;17845.0;17845.0;disponivel
N6;Município;2304285;Eusébio - CE;2021;2021;6575;Valor adicionado bruto a preços correntes dos serviços, exclusive administração, defesa, educação e saúde públicas e seguridade social;Mil Reais;1503329.0;1503329.0;disponivel
N6;Município;2304301;Farias Brito - CE;2021;2021;6575;Valor adicionado bruto a preços correntes dos serviços, exclusive administração, defesa, educação e saúde públicas e seguridade social;Mil Reais;49617.0;49617.0;disponivel
N6;Município;2304350;Forquilha - CE;2021;2021;6575;Valor adicionado bruto a preços correntes dos serviços, exclusive administração, defesa, educação e saúde públicas e seguridade social;Mil Reais;96570.0;96570.0;disponivel
N6;Município;2304400;Fortaleza - CE;2021;2021;6575;Valor adicionado bruto a preços correntes dos serviços, exclusive administração, defesa, educação e saúde públicas e seguridade social;Mil Reais;41839224.0;41839224.0;disponivel
N6;Município;2304459;Fortim - CE;2021;2021;6575;Valor adicionado bruto a preços correntes dos serviços, exclusive administração, defesa, educação e saúde públicas e seguridade social;Mil Reais;84875.0;84875.0;disponivel
N6;Município;2304509;Frecheirinha - CE;2021;2021;6575;Valor adicionado bruto a preços correntes dos serviços, exclusive administração, defesa, educação e saúde públicas e seguridade social;Mil Reais;75995.0;75995.0;disponivel
N6;Município;2304608;General Sampaio - CE;2021;2021;6575;Valor adicionado bruto a preços correntes dos serviços, exclusive administração, defesa, educação e saúde públicas e seguridade social;Mil Reais;26864.0;26864.0;disponivel
N6;Município;2304657;Graça - CE;2021;2021;6575;Valor adicionado bruto a preços correntes dos serviços, exclusive administração, defesa, educação e saúde públicas e seguridade social;Mil Reais;32559.0;32559.0;disponivel
N6;Município;2304707;Granja - CE;2021;2021;6575;Valor adicionado bruto a preços correntes dos serviços, exclusive administração, defesa, educação e saúde públicas e seguridade social;Mil Reais;140722.0;140722.0;disponivel
N6;Município;2304806;Granjeiro - CE;2021;2021;6575;Valor adicionado bruto a preços correntes dos serviços, exclusive administração, defesa, educação e saúde públicas e seguridade social;Mil Reais;10300.0;10300.0;disponivel
N6;Município;2304905;Groaíras - CE;2021;2021;6575;Valor adicionado bruto a preços correntes dos serviços, exclusive administração, defesa, educação e saúde públicas e seguridade social;Mil Reais;33769.0;33769.0;disponivel
N6;Município;2304954;Guaiúba - CE;2021;2021;6575;Valor adicionado bruto a preços correntes dos serviços, exclusive administração, defesa, educação e saúde públicas e seguridade social;Mil Reais;65325.0;65325.0;disponivel
N6;Município;2305001;Guaraciaba do Norte - CE;2021;2021;6575;Valor adicionado bruto a preços correntes dos serviços, exclusive administração, defesa, educação e saúde públicas e seguridade social;Mil Reais;181927.0;181927.0;disponivel
N6;Município;2305100;Guaramiranga - CE;2021;2021;6575;Valor adicionado bruto a preços correntes dos serviços, exclusive administração, defesa, educação e saúde públicas e seguridade social;Mil Reais;32717.0;32717.0;disponivel
N6;Município;2305209;Hidrolândia - CE;2021;2021;6575;Valor adicionado bruto a preços correntes dos serviços, exclusive administração, defesa, educação e saúde públicas e seguridade social;Mil Reais;53115.0;53115.0;disponivel
N6;Município;2305233;Horizonte - CE;2021;2021;6575;Valor adicionado bruto a preços correntes dos serviços, exclusive administração, defesa, educação e saúde públicas e seguridade social;Mil Reais;609647.0;609647.0;disponivel
N6;Município;2305266;Ibaretama - CE;2021;2021;6575;Valor adicionado bruto a preços correntes dos serviços, exclusive administração, defesa, educação e saúde públicas e seguridade social;Mil Reais;33518.0;33518.0;disponivel
N6;Município;2305308;Ibiapina - CE;2021;2021;6575;Valor adicionado bruto a preços correntes dos serviços, exclusive administração, defesa, educação e saúde públicas e seguridade social;Mil Reais;83134.0;83134.0;disponivel
N6;Município;2305332;Ibicuitinga - CE;2021;2021;6575;Valor adicionado bruto a preços correntes dos serviços, exclusive administração, defesa, educação e saúde públicas e seguridade social;Mil Reais;32427.0;32427.0;disponivel
N6;Município;2305357;Icapuí - CE;2021;2021;6575;Valor adicionado bruto a preços correntes dos serviços, exclusive administração, defesa, educação e saúde públicas e seguridade social;Mil Reais;103076.0;103076.0;disponivel
N6;Município;2305407;Icó - CE;2021;2021;6575;Valor adicionado bruto a preços correntes dos serviços, exclusive administração, defesa, educação e saúde públicas e seguridade social;Mil Reais;261107.0;261107.0;disponivel
N6;Município;2305506;Iguatu - CE;2021;2021;6575;Valor adicionado bruto a preços correntes dos serviços, exclusive administração, defesa, educação e saúde públicas e seguridade social;Mil Reais;884619.0;884619.0;disponivel
N6;Município;2305605;Independência - CE;2021;2021;6575;Valor adicionado bruto a preços correntes dos serviços, exclusive administração, defesa, educação e saúde públicas e seguridade social;Mil Reais;69067.0;69067.0;disponivel
N6;Município;2305654;Ipaporanga - CE;2021;2021;6575;Valor adicionado bruto a preços correntes dos serviços, exclusive administração, defesa, educação e saúde públicas e seguridade social;Mil Reais;27825.0;27825.0;disponivel
N6;Município;2305704;Ipaumirim - CE;2021;2021;6575;Valor adicionado bruto a preços correntes dos serviços, exclusive administração, defesa, educação e saúde públicas e seguridade social;Mil Reais;46333.0;46333.0;disponivel
N6;Município;2305803;Ipu - CE;2021;2021;6575;Valor adicionado bruto a preços correntes dos serviços, exclusive administração, defesa, educação e saúde públicas e seguridade social;Mil Reais;179310.0;179310.0;disponivel
N6;Município;2305902;Ipueiras - CE;2021;2021;6575;Valor adicionado bruto a preços correntes dos serviços, exclusive administração, defesa, educação e saúde públicas e seguridade social;Mil Reais;102283.0;102283.0;disponivel
N6;Município;2306009;Iracema - CE;2021;2021;6575;Valor adicionado bruto a preços correntes dos serviços, exclusive administração, defesa, educação e saúde públicas e seguridade social;Mil Reais;56868.0;56868.0;disponivel
N6;Município;2306108;Irauçuba - CE;2021;2021;6575;Valor adicionado bruto a preços correntes dos serviços, exclusive administração, defesa, educação e saúde públicas e seguridade social;Mil Reais;65103.0;65103.0;disponivel
N6;Município;2306207;Itaiçaba - CE;2021;2021;6575;Valor adicionado bruto a preços correntes dos serviços, exclusive administração, defesa, educação e saúde públicas e seguridade social;Mil Reais;23458.0;23458.0;disponivel
N6;Município;2306256;Itaitinga - CE;2021;2021;6575;Valor adicionado bruto a preços correntes dos serviços, exclusive administração, defesa, educação e saúde públicas e seguridade social;Mil Reais;620820.0;620820.0;disponivel
N6;Município;2306306;Itapajé - CE;2021;2021;6575;Valor adicionado bruto a preços correntes dos serviços, exclusive administração, defesa, educação e saúde públicas e seguridade social;Mil Reais;199604.0;199604.0;disponivel
N6;Município;2306405;Itapipoca - CE;2021;2021;6575;Valor adicionado bruto a preços correntes dos serviços, exclusive administração, defesa, educação e saúde públicas e seguridade social;Mil Reais;724250.0;724250.0;disponivel
N6;Município;2306504;Itapiúna - CE;2021;2021;6575;Valor adicionado bruto a preços correntes dos serviços, exclusive administração, defesa, educação e saúde públicas e seguridade social;Mil Reais;44797.0;44797.0;disponivel
N6;Município;2306553;Itarema - CE;2021;2021;6575;Valor adicionado bruto a preços correntes dos serviços, exclusive administração, defesa, educação e saúde públicas e seguridade social;Mil Reais;157933.0;157933.0;disponivel
N6;Município;2306603;Itatira - CE;2021;2021;6575;Valor adicionado bruto a preços correntes dos serviços, exclusive administração, defesa, educação e saúde públicas e seguridade social;Mil Reais;45940.0;45940.0;disponivel
N6;Município;2306702;Jaguaretama - CE;2021;2021;6575;Valor adicionado bruto a preços correntes dos serviços, exclusive administração, defesa, educação e saúde públicas e seguridade social;Mil Reais;56205.0;56205.0;disponivel
N6;Município;2306801;Jaguaribara - CE;2021;2021;6575;Valor adicionado bruto a preços correntes dos serviços, exclusive administração, defesa, educação e saúde públicas e seguridade social;Mil Reais;45304.0;45304.0;disponivel
N6;Município;2306900;Jaguaribe - CE;2021;2021;6575;Valor adicionado bruto a preços correntes dos serviços, exclusive administração, defesa, educação e saúde públicas e seguridade social;Mil Reais;215448.0;215448.0;disponivel
N6;Município;2307007;Jaguaruana - CE;2021;2021;6575;Valor adicionado bruto a preços correntes dos serviços, exclusive administração, defesa, educação e saúde públicas e seguridade social;Mil Reais;141165.0;141165.0;disponivel
N6;Município;2307106;Jardim - CE;2021;2021;6575;Valor adicionado bruto a preços correntes dos serviços, exclusive administração, defesa, educação e saúde públicas e seguridade social;Mil Reais;75399.0;75399.0;disponivel
N6;Município;2307205;Jati - CE;2021;2021;6575;Valor adicionado bruto a preços correntes dos serviços, exclusive administração, defesa, educação e saúde públicas e seguridade social;Mil Reais;56137.0;56137.0;disponivel
N6;Município;2307254;Jijoca de Jericoacoara - CE;2021;2021;6575;Valor adicionado bruto a preços correntes dos serviços, exclusive administração, defesa, educação e saúde públicas e seguridade social;Mil Reais;347801.0;347801.0;disponivel
N6;Município;2307304;Juazeiro do Norte - CE;2021;2021;6575;Valor adicionado bruto a preços correntes dos serviços, exclusive administração, defesa, educação e saúde públicas e seguridade social;Mil Reais;2988180.0;2988180.0;disponivel
N6;Município;2307403;Jucás - CE;2021;2021;6575;Valor adicionado bruto a preços correntes dos serviços, exclusive administração, defesa, educação e saúde públicas e seguridade social;Mil Reais;97526.0;97526.0;disponivel
N6;Município;2307502;Lavras da Mangabeira - CE;2021;2021;6575;Valor adicionado bruto a preços correntes dos serviços, exclusive administração, defesa, educação e saúde públicas e seguridade social;Mil Reais;95604.0;95604.0;disponivel
N6;Município;2307601;Limoeiro do Norte - CE;2021;2021;6575;Valor adicionado bruto a preços correntes dos serviços, exclusive administração, defesa, educação e saúde públicas e seguridade social;Mil Reais;524692.0;524692.0;disponivel
N6;Município;2307635;Madalena - CE;2021;2021;6575;Valor adicionado bruto a preços correntes dos serviços, exclusive administração, defesa, educação e saúde públicas e seguridade social;Mil Reais;50606.0;50606.0;disponivel
N6;Município;2307650;Maracanaú - CE;2021;2021;6575;Valor adicionado bruto a preços correntes dos serviços, exclusive administração, defesa, educação e saúde públicas e seguridade social;Mil Reais;4907454.0;4907454.0;disponivel
N6;Município;2307700;Maranguape - CE;2021;2021;6575;Valor adicionado bruto a preços correntes dos serviços, exclusive administração, defesa, educação e saúde públicas e seguridade social;Mil Reais;571469.0;571469.0;disponivel
N6;Município;2307809;Marco - CE;2021;2021;6575;Valor adicionado bruto a preços correntes dos serviços, exclusive administração, defesa, educação e saúde públicas e seguridade social;Mil Reais;145584.0;145584.0;disponivel
N6;Município;2307908;Martinópole - CE;2021;2021;6575;Valor adicionado bruto a preços correntes dos serviços, exclusive administração, defesa, educação e saúde públicas e seguridade social;Mil Reais;27561.0;27561.0;disponivel
N6;Município;2308005;Massapê - CE;2021;2021;6575;Valor adicionado bruto a preços correntes dos serviços, exclusive administração, defesa, educação e saúde públicas e seguridade social;Mil Reais;115808.0;115808.0;disponivel
N6;Município;2308104;Mauriti - CE;2021;2021;6575;Valor adicionado bruto a preços correntes dos serviços, exclusive administração, defesa, educação e saúde públicas e seguridade social;Mil Reais;134582.0;134582.0;disponivel
N6;Município;2308203;Meruoca - CE;2021;2021;6575;Valor adicionado bruto a preços correntes dos serviços, exclusive administração, defesa, educação e saúde públicas e seguridade social;Mil Reais;34959.0;34959.0;disponivel
N6;Município;2308302;Milagres - CE;2021;2021;6575;Valor adicionado bruto a preços correntes dos serviços, exclusive administração, defesa, educação e saúde públicas e seguridade social;Mil Reais;86872.0;86872.0;disponivel
N6;Município;2308351;Milhã - CE;2021;2021;6575;Valor adicionado bruto a preços correntes dos serviços, exclusive administração, defesa, educação e saúde públicas e seguridade social;Mil Reais;43137.0;43137.0;disponivel
N6;Município;2308377;Miraíma - CE;2021;2021;6575;Valor adicionado bruto a preços correntes dos serviços, exclusive administração, defesa, educação e saúde públicas e seguridade social;Mil Reais;25252.0;25252.0;disponivel
N6;Município;2308401;Missão Velha - CE;2021;2021;6575;Valor adicionado bruto a preços correntes dos serviços, exclusive administração, defesa, educação e saúde públicas e seguridade social;Mil Reais;112924.0;112924.0;disponivel
N6;Município;2308500;Mombaça - CE;2021;2021;6575;Valor adicionado bruto a preços correntes dos serviços, exclusive administração, defesa, educação e saúde públicas e seguridade social;Mil Reais;139510.0;139510.0;disponivel
N6;Município;2308609;Monsenhor Tabosa - CE;2021;2021;6575;Valor adicionado bruto a preços correntes dos serviços, exclusive administração, defesa, educação e saúde públicas e seguridade social;Mil Reais;47068.0;47068.0;disponivel
N6;Município;2308708;Morada Nova - CE;2021;2021;6575;Valor adicionado bruto a preços correntes dos serviços, exclusive administração, defesa, educação e saúde públicas e seguridade social;Mil Reais;376388.0;376388.0;disponivel
N6;Município;2308807;Moraújo - CE;2021;2021;6575;Valor adicionado bruto a preços correntes dos serviços, exclusive administração, defesa, educação e saúde públicas e seguridade social;Mil Reais;18413.0;18413.0;disponivel
N6;Município;2308906;Morrinhos - CE;2021;2021;6575;Valor adicionado bruto a preços correntes dos serviços, exclusive administração, defesa, educação e saúde públicas e seguridade social;Mil Reais;61542.0;61542.0;disponivel
N6;Município;2309003;Mucambo - CE;2021;2021;6575;Valor adicionado bruto a preços correntes dos serviços, exclusive administração, defesa, educação e saúde públicas e seguridade social;Mil Reais;42409.0;42409.0;disponivel
N6;Município;2309102;Mulungu - CE;2021;2021;6575;Valor adicionado bruto a preços correntes dos serviços, exclusive administração, defesa, educação e saúde públicas e seguridade social;Mil Reais;29819.0;29819.0;disponivel
N6;Município;2309201;Nova Olinda - CE;2021;2021;6575;Valor adicionado bruto a preços correntes dos serviços, exclusive administração, defesa, educação e saúde públicas e seguridade social;Mil Reais;50242.0;50242.0;disponivel
N6;Município;2309300;Nova Russas - CE;2021;2021;6575;Valor adicionado bruto a preços correntes dos serviços, exclusive administração, defesa, educação e saúde públicas e seguridade social;Mil Reais;139866.0;139866.0;disponivel
N6;Município;2309409;Novo Oriente - CE;2021;2021;6575;Valor adicionado bruto a preços correntes dos serviços, exclusive administração, defesa, educação e saúde públicas e seguridade social;Mil Reais;79829.0;79829.0;disponivel
N6;Município;2309458;Ocara - CE;2021;2021;6575;Valor adicionado bruto a preços correntes dos serviços, exclusive administração, defesa, educação e saúde públicas e seguridade social;Mil Reais;74395.0;74395.0;disponivel
N6;Município;2309508;Orós - CE;2021;2021;6575;Valor adicionado bruto a preços correntes dos serviços, exclusive administração, defesa, educação e saúde públicas e seguridade social;Mil Reais;68849.0;68849.0;disponivel
N6;Município;2309607;Pacajus - CE;2021;2021;6575;Valor adicionado bruto a preços correntes dos serviços, exclusive administração, defesa, educação e saúde públicas e seguridade social;Mil Reais;456707.0;456707.0;disponivel
N6;Município;2309706;Pacatuba - CE;2021;2021;6575;Valor adicionado bruto a preços correntes dos serviços, exclusive administração, defesa, educação e saúde públicas e seguridade social;Mil Reais;420947.0;420947.0;disponivel
N6;Município;2309805;Pacoti - CE;2021;2021;6575;Valor adicionado bruto a preços correntes dos serviços, exclusive administração, defesa, educação e saúde públicas e seguridade social;Mil Reais;37160.0;37160.0;disponivel
N6;Município;2309904;Pacujá - CE;2021;2021;6575;Valor adicionado bruto a preços correntes dos serviços, exclusive administração, defesa, educação e saúde públicas e seguridade social;Mil Reais;17818.0;17818.0;disponivel
N6;Município;2310001;Palhano - CE;2021;2021;6575;Valor adicionado bruto a preços correntes dos serviços, exclusive administração, defesa, educação e saúde públicas e seguridade social;Mil Reais;26999.0;26999.0;disponivel
N6;Município;2310100;Palmácia - CE;2021;2021;6575;Valor adicionado bruto a preços correntes dos serviços, exclusive administração, defesa, educação e saúde públicas e seguridade social;Mil Reais;22983.0;22983.0;disponivel
N6;Município;2310209;Paracuru - CE;2021;2021;6575;Valor adicionado bruto a preços correntes dos serviços, exclusive administração, defesa, educação e saúde públicas e seguridade social;Mil Reais;203579.0;203579.0;disponivel
N6;Município;2310258;Paraipaba - CE;2021;2021;6575;Valor adicionado bruto a preços correntes dos serviços, exclusive administração, defesa, educação e saúde públicas e seguridade social;Mil Reais;142824.0;142824.0;disponivel
N6;Município;2310308;Parambu - CE;2021;2021;6575;Valor adicionado bruto a preços correntes dos serviços, exclusive administração, defesa, educação e saúde públicas e seguridade social;Mil Reais;87813.0;87813.0;disponivel
N6;Município;2310407;Paramoti - CE;2021;2021;6575;Valor adicionado bruto a preços correntes dos serviços, exclusive administração, defesa, educação e saúde públicas e seguridade social;Mil Reais;27935.0;27935.0;disponivel
N6;Município;2310506;Pedra Branca - CE;2021;2021;6575;Valor adicionado bruto a preços correntes dos serviços, exclusive administração, defesa, educação e saúde públicas e seguridade social;Mil Reais;123938.0;123938.0;disponivel
N6;Município;2310605;Penaforte - CE;2021;2021;6575;Valor adicionado bruto a preços correntes dos serviços, exclusive administração, defesa, educação e saúde públicas e seguridade social;Mil Reais;43357.0;43357.0;disponivel
N6;Município;2310704;Pentecoste - CE;2021;2021;6575;Valor adicionado bruto a preços correntes dos serviços, exclusive administração, defesa, educação e saúde públicas e seguridade social;Mil Reais;139880.0;139880.0;disponivel
N6;Município;2310803;Pereiro - CE;2021;2021;6575;Valor adicionado bruto a preços correntes dos serviços, exclusive administração, defesa, educação e saúde públicas e seguridade social;Mil Reais;358702.0;358702.0;disponivel
N6;Município;2310852;Pindoretama - CE;2021;2021;6575;Valor adicionado bruto a preços correntes dos serviços, exclusive administração, defesa, educação e saúde públicas e seguridade social;Mil Reais;103708.0;103708.0;disponivel
N6;Município;2310902;Piquet Carneiro - CE;2021;2021;6575;Valor adicionado bruto a preços correntes dos serviços, exclusive administração, defesa, educação e saúde públicas e seguridade social;Mil Reais;44220.0;44220.0;disponivel
N6;Município;2310951;Pires Ferreira - CE;2021;2021;6575;Valor adicionado bruto a preços correntes dos serviços, exclusive administração, defesa, educação e saúde públicas e seguridade social;Mil Reais;17209.0;17209.0;disponivel
N6;Município;2311009;Poranga - CE;2021;2021;6575;Valor adicionado bruto a preços correntes dos serviços, exclusive administração, defesa, educação e saúde públicas e seguridade social;Mil Reais;32583.0;32583.0;disponivel
N6;Município;2311108;Porteiras - CE;2021;2021;6575;Valor adicionado bruto a preços correntes dos serviços, exclusive administração, defesa, educação e saúde públicas e seguridade social;Mil Reais;44200.0;44200.0;disponivel
N6;Município;2311207;Potengi - CE;2021;2021;6575;Valor adicionado bruto a preços correntes dos serviços, exclusive administração, defesa, educação e saúde públicas e seguridade social;Mil Reais;31212.0;31212.0;disponivel
N6;Município;2311231;Potiretama - CE;2021;2021;6575;Valor adicionado bruto a preços correntes dos serviços, exclusive administração, defesa, educação e saúde públicas e seguridade social;Mil Reais;21161.0;21161.0;disponivel
N6;Município;2311264;Quiterianópolis - CE;2021;2021;6575;Valor adicionado bruto a preços correntes dos serviços, exclusive administração, defesa, educação e saúde públicas e seguridade social;Mil Reais;51976.0;51976.0;disponivel
N6;Município;2311306;Quixadá - CE;2021;2021;6575;Valor adicionado bruto a preços correntes dos serviços, exclusive administração, defesa, educação e saúde públicas e seguridade social;Mil Reais;489828.0;489828.0;disponivel
N6;Município;2311355;Quixelô - CE;2021;2021;6575;Valor adicionado bruto a preços correntes dos serviços, exclusive administração, defesa, educação e saúde públicas e seguridade social;Mil Reais;45199.0;45199.0;disponivel
N6;Município;2311405;Quixeramobim - CE;2021;2021;6575;Valor adicionado bruto a preços correntes dos serviços, exclusive administração, defesa, educação e saúde públicas e seguridade social;Mil Reais;520662.0;520662.0;disponivel
N6;Município;2311504;Quixeré - CE;2021;2021;6575;Valor adicionado bruto a preços correntes dos serviços, exclusive administração, defesa, educação e saúde públicas e seguridade social;Mil Reais;133180.0;133180.0;disponivel
N6;Município;2311603;Redenção - CE;2021;2021;6575;Valor adicionado bruto a preços correntes dos serviços, exclusive administração, defesa, educação e saúde públicas e seguridade social;Mil Reais;127843.0;127843.0;disponivel
N6;Município;2311702;Reriutaba - CE;2021;2021;6575;Valor adicionado bruto a preços correntes dos serviços, exclusive administração, defesa, educação e saúde públicas e seguridade social;Mil Reais;62340.0;62340.0;disponivel
N6;Município;2311801;Russas - CE;2021;2021;6575;Valor adicionado bruto a preços correntes dos serviços, exclusive administração, defesa, educação e saúde públicas e seguridade social;Mil Reais;432063.0;432063.0;disponivel
N6;Município;2311900;Saboeiro - CE;2021;2021;6575;Valor adicionado bruto a preços correntes dos serviços, exclusive administração, defesa, educação e saúde públicas e seguridade social;Mil Reais;34207.0;34207.0;disponivel
N6;Município;2311959;Salitre - CE;2021;2021;6575;Valor adicionado bruto a preços correntes dos serviços, exclusive administração, defesa, educação e saúde públicas e seguridade social;Mil Reais;37686.0;37686.0;disponivel
N6;Município;2312007;Santana do Acaraú - CE;2021;2021;6575;Valor adicionado bruto a preços correntes dos serviços, exclusive administração, defesa, educação e saúde públicas e seguridade social;Mil Reais;72123.0;72123.0;disponivel
N6;Município;2312106;Santana do Cariri - CE;2021;2021;6575;Valor adicionado bruto a preços correntes dos serviços, exclusive administração, defesa, educação e saúde públicas e seguridade social;Mil Reais;36529.0;36529.0;disponivel
N6;Município;2312205;Santa Quitéria - CE;2021;2021;6575;Valor adicionado bruto a preços correntes dos serviços, exclusive administração, defesa, educação e saúde públicas e seguridade social;Mil Reais;188009.0;188009.0;disponivel
N6;Município;2312304;São Benedito - CE;2021;2021;6575;Valor adicionado bruto a preços correntes dos serviços, exclusive administração, defesa, educação e saúde públicas e seguridade social;Mil Reais;206784.0;206784.0;disponivel
N6;Município;2312403;São Gonçalo do Amarante - CE;2021;2021;6575;Valor adicionado bruto a preços correntes dos serviços, exclusive administração, defesa, educação e saúde públicas e seguridade social;Mil Reais;1454218.0;1454218.0;disponivel
N6;Município;2312502;São João do Jaguaribe - CE;2021;2021;6575;Valor adicionado bruto a preços correntes dos serviços, exclusive administração, defesa, educação e saúde públicas e seguridade social;Mil Reais;19676.0;19676.0;disponivel
N6;Município;2312601;São Luís do Curu - CE;2021;2021;6575;Valor adicionado bruto a preços correntes dos serviços, exclusive administração, defesa, educação e saúde públicas e seguridade social;Mil Reais;36820.0;36820.0;disponivel
N6;Município;2312700;Senador Pompeu - CE;2021;2021;6575;Valor adicionado bruto a preços correntes dos serviços, exclusive administração, defesa, educação e saúde públicas e seguridade social;Mil Reais;119903.0;119903.0;disponivel
N6;Município;2312809;Senador Sá - CE;2021;2021;6575;Valor adicionado bruto a preços correntes dos serviços, exclusive administração, defesa, educação e saúde públicas e seguridade social;Mil Reais;16709.0;16709.0;disponivel
N6;Município;2312908;Sobral - CE;2021;2021;6575;Valor adicionado bruto a preços correntes dos serviços, exclusive administração, defesa, educação e saúde públicas e seguridade social;Mil Reais;2596111.0;2596111.0;disponivel
N6;Município;2313005;Solonópole - CE;2021;2021;6575;Valor adicionado bruto a preços correntes dos serviços, exclusive administração, defesa, educação e saúde públicas e seguridade social;Mil Reais;77541.0;77541.0;disponivel
N6;Município;2313104;Tabuleiro do Norte - CE;2021;2021;6575;Valor adicionado bruto a preços correntes dos serviços, exclusive administração, defesa, educação e saúde públicas e seguridade social;Mil Reais;176995.0;176995.0;disponivel
N6;Município;2313203;Tamboril - CE;2021;2021;6575;Valor adicionado bruto a preços correntes dos serviços, exclusive administração, defesa, educação e saúde públicas e seguridade social;Mil Reais;75382.0;75382.0;disponivel
N6;Município;2313252;Tarrafas - CE;2021;2021;6575;Valor adicionado bruto a preços correntes dos serviços, exclusive administração, defesa, educação e saúde públicas e seguridade social;Mil Reais;18272.0;18272.0;disponivel
N6;Município;2313302;Tauá - CE;2021;2021;6575;Valor adicionado bruto a preços correntes dos serviços, exclusive administração, defesa, educação e saúde públicas e seguridade social;Mil Reais;294449.0;294449.0;disponivel
N6;Município;2313351;Tejuçuoca - CE;2021;2021;6575;Valor adicionado bruto a preços correntes dos serviços, exclusive administração, defesa, educação e saúde públicas e seguridade social;Mil Reais;32854.0;32854.0;disponivel
N6;Município;2313401;Tianguá - CE;2021;2021;6575;Valor adicionado bruto a preços correntes dos serviços, exclusive administração, defesa, educação e saúde públicas e seguridade social;Mil Reais;678008.0;678008.0;disponivel
N6;Município;2313500;Trairi - CE;2021;2021;6575;Valor adicionado bruto a preços correntes dos serviços, exclusive administração, defesa, educação e saúde públicas e seguridade social;Mil Reais;224615.0;224615.0;disponivel
N6;Município;2313559;Tururu - CE;2021;2021;6575;Valor adicionado bruto a preços correntes dos serviços, exclusive administração, defesa, educação e saúde públicas e seguridade social;Mil Reais;33971.0;33971.0;disponivel
N6;Município;2313609;Ubajara - CE;2021;2021;6575;Valor adicionado bruto a preços correntes dos serviços, exclusive administração, defesa, educação e saúde públicas e seguridade social;Mil Reais;162615.0;162615.0;disponivel
N6;Município;2313708;Umari - CE;2021;2021;6575;Valor adicionado bruto a preços correntes dos serviços, exclusive administração, defesa, educação e saúde públicas e seguridade social;Mil Reais;14875.0;14875.0;disponivel
N6;Município;2313757;Umirim - CE;2021;2021;6575;Valor adicionado bruto a preços correntes dos serviços, exclusive administração, defesa, educação e saúde públicas e seguridade social;Mil Reais;38466.0;38466.0;disponivel
N6;Município;2313807;Uruburetama - CE;2021;2021;6575;Valor adicionado bruto a preços correntes dos serviços, exclusive administração, defesa, educação e saúde públicas e seguridade social;Mil Reais;71909.0;71909.0;disponivel
N6;Município;2313906;Uruoca - CE;2021;2021;6575;Valor adicionado bruto a preços correntes dos serviços, exclusive administração, defesa, educação e saúde públicas e seguridade social;Mil Reais;69188.0;69188.0;disponivel
N6;Município;2313955;Varjota - CE;2021;2021;6575;Valor adicionado bruto a preços correntes dos serviços, exclusive administração, defesa, educação e saúde públicas e seguridade social;Mil Reais;97380.0;97380.0;disponivel
N6;Município;2314003;Várzea Alegre - CE;2021;2021;6575;Valor adicionado bruto a preços correntes dos serviços, exclusive administração, defesa, educação e saúde públicas e seguridade social;Mil Reais;168249.0;168249.0;disponivel
N6;Município;2314102;Viçosa do Ceará - CE;2021;2021;6575;Valor adicionado bruto a preços correntes dos serviços, exclusive administração, defesa, educação e saúde públicas e seguridade social;Mil Reais;145587.0;145587.0;disponivel
N1;Brasil;1;Brasil;2021;2021;6574;Participação do valor adicionado bruto a preços correntes dos serviços, exclusive administração, defesa, educação e saúde públicas e seguridade social, no valor adicionado bruto a preços correntes total;%;50.69;50.69;disponivel
N3;Unidade da Federação;23;Ceará;2021;2021;6574;Participação do valor adicionado bruto a preços correntes dos serviços, exclusive administração, defesa, educação e saúde públicas e seguridade social, no valor adicionado bruto a preços correntes total;%;50.28;50.28;disponivel
N6;Município;2300101;Abaiara - CE;2021;2021;6574;Participação do valor adicionado bruto a preços correntes dos serviços, exclusive administração, defesa, educação e saúde públicas e seguridade social, no valor adicionado bruto a preços correntes total;%;25.81;25.81;disponivel
N6;Município;2300150;Acarape - CE;2021;2021;6574;Participação do valor adicionado bruto a preços correntes dos serviços, exclusive administração, defesa, educação e saúde públicas e seguridade social, no valor adicionado bruto a preços correntes total;%;33.88;33.88;disponivel
N6;Município;2300200;Acaraú - CE;2021;2021;6574;Participação do valor adicionado bruto a preços correntes dos serviços, exclusive administração, defesa, educação e saúde públicas e seguridade social, no valor adicionado bruto a preços correntes total;%;30.39;30.39;disponivel
N6;Município;2300309;Acopiara - CE;2021;2021;6574;Participação do valor adicionado bruto a preços correntes dos serviços, exclusive administração, defesa, educação e saúde públicas e seguridade social, no valor adicionado bruto a preços correntes total;%;32.48;32.48;disponivel
N6;Município;2300408;Aiuaba - CE;2021;2021;6574;Participação do valor adicionado bruto a preços correntes dos serviços, exclusive administração, defesa, educação e saúde públicas e seguridade social, no valor adicionado bruto a preços correntes total;%;23.2;23.2;disponivel
N6;Município;2300507;Alcântaras - CE;2021;2021;6574;Participação do valor adicionado bruto a preços correntes dos serviços, exclusive administração, defesa, educação e saúde públicas e seguridade social, no valor adicionado bruto a preços correntes total;%;27.86;27.86;disponivel
N6;Município;2300606;Altaneira - CE;2021;2021;6574;Participação do valor adicionado bruto a preços correntes dos serviços, exclusive administração, defesa, educação e saúde públicas e seguridade social, no valor adicionado bruto a preços correntes total;%;26.63;26.63;disponivel
N6;Município;2300705;Alto Santo - CE;2021;2021;6574;Participação do valor adicionado bruto a preços correntes dos serviços, exclusive administração, defesa, educação e saúde públicas e seguridade social, no valor adicionado bruto a preços correntes total;%;25.72;25.72;disponivel
N6;Município;2300754;Amontada - CE;2021;2021;6574;Participação do valor adicionado bruto a preços correntes dos serviços, exclusive administração, defesa, educação e saúde públicas e seguridade social, no valor adicionado bruto a preços correntes total;%;23.48;23.48;disponivel
N6;Município;2300804;Antonina do Norte - CE;2021;2021;6574;Participação do valor adicionado bruto a preços correntes dos serviços, exclusive administração, defesa, educação e saúde públicas e seguridade social, no valor adicionado bruto a preços correntes total;%;34.52;34.52;disponivel
N6;Município;2300903;Apuiarés - CE;2021;2021;6574;Participação do valor adicionado bruto a preços correntes dos serviços, exclusive administração, defesa, educação e saúde públicas e seguridade social, no valor adicionado bruto a preços correntes total;%;31.24;31.24;disponivel
N6;Município;2301000;Aquiraz - CE;2021;2021;6574;Participação do valor adicionado bruto a preços correntes dos serviços, exclusive administração, defesa, educação e saúde públicas e seguridade social, no valor adicionado bruto a preços correntes total;%;47.25;47.25;disponivel
N6;Município;2301109;Aracati - CE;2021;2021;6574;Participação do valor adicionado bruto a preços correntes dos serviços, exclusive administração, defesa, educação e saúde públicas e seguridade social, no valor adicionado bruto a preços correntes total;%;38.46;38.46;disponivel
N6;Município;2301208;Aracoiaba - CE;2021;2021;6574;Participação do valor adicionado bruto a preços correntes dos serviços, exclusive administração, defesa, educação e saúde públicas e seguridade social, no valor adicionado bruto a preços correntes total;%;31.9;31.9;disponivel
N6;Município;2301257;Ararendá - CE;2021;2021;6574;Participação do valor adicionado bruto a preços correntes dos serviços, exclusive administração, defesa, educação e saúde públicas e seguridade social, no valor adicionado bruto a preços correntes total;%;27.34;27.34;disponivel
N6;Município;2301307;Araripe - CE;2021;2021;6574;Participação do valor adicionado bruto a preços correntes dos serviços, exclusive administração, defesa, educação e saúde públicas e seguridade social, no valor adicionado bruto a preços correntes total;%;24.23;24.23;disponivel
N6;Município;2301406;Aratuba - CE;2021;2021;6574;Participação do valor adicionado bruto a preços correntes dos serviços, exclusive administração, defesa, educação e saúde públicas e seguridade social, no valor adicionado bruto a preços correntes total;%;22.23;22.23;disponivel
N6;Município;2301505;Arneiroz - CE;2021;2021;6574;Participação do valor adicionado bruto a preços correntes dos serviços, exclusive administração, defesa, educação e saúde públicas e seguridade social, no valor adicionado bruto a preços correntes total;%;25.42;25.42;disponivel
N6;Município;2301604;Assaré - CE;2021;2021;6574;Participação do valor adicionado bruto a preços correntes dos serviços, exclusive administração, defesa, educação e saúde públicas e seguridade social, no valor adicionado bruto a preços correntes total;%;33.76;33.76;disponivel
N6;Município;2301703;Aurora - CE;2021;2021;6574;Participação do valor adicionado bruto a preços correntes dos serviços, exclusive administração, defesa, educação e saúde públicas e seguridade social, no valor adicionado bruto a preços correntes total;%;32.15;32.15;disponivel
N6;Município;2301802;Baixio - CE;2021;2021;6574;Participação do valor adicionado bruto a preços correntes dos serviços, exclusive administração, defesa, educação e saúde públicas e seguridade social, no valor adicionado bruto a preços correntes total;%;22.05;22.05;disponivel
N6;Município;2301851;Banabuiú - CE;2021;2021;6574;Participação do valor adicionado bruto a preços correntes dos serviços, exclusive administração, defesa, educação e saúde públicas e seguridade social, no valor adicionado bruto a preços correntes total;%;27.13;27.13;disponivel
N6;Município;2301901;Barbalha - CE;2021;2021;6574;Participação do valor adicionado bruto a preços correntes dos serviços, exclusive administração, defesa, educação e saúde públicas e seguridade social, no valor adicionado bruto a preços correntes total;%;48.0;48.0;disponivel
N6;Município;2301950;Barreira - CE;2021;2021;6574;Participação do valor adicionado bruto a preços correntes dos serviços, exclusive administração, defesa, educação e saúde públicas e seguridade social, no valor adicionado bruto a preços correntes total;%;31.74;31.74;disponivel
N6;Município;2302008;Barro - CE;2021;2021;6574;Participação do valor adicionado bruto a preços correntes dos serviços, exclusive administração, defesa, educação e saúde públicas e seguridade social, no valor adicionado bruto a preços correntes total;%;33.96;33.96;disponivel
N6;Município;2302057;Barroquinha - CE;2021;2021;6574;Participação do valor adicionado bruto a preços correntes dos serviços, exclusive administração, defesa, educação e saúde públicas e seguridade social, no valor adicionado bruto a preços correntes total;%;28.69;28.69;disponivel
N6;Município;2302107;Baturité - CE;2021;2021;6574;Participação do valor adicionado bruto a preços correntes dos serviços, exclusive administração, defesa, educação e saúde públicas e seguridade social, no valor adicionado bruto a preços correntes total;%;49.73;49.73;disponivel
N6;Município;2302206;Beberibe - CE;2021;2021;6574;Participação do valor adicionado bruto a preços correntes dos serviços, exclusive administração, defesa, educação e saúde públicas e seguridade social, no valor adicionado bruto a preços correntes total;%;24.38;24.38;disponivel
N6;Município;2302305;Bela Cruz - CE;2021;2021;6574;Participação do valor adicionado bruto a preços correntes dos serviços, exclusive administração, defesa, educação e saúde públicas e seguridade social, no valor adicionado bruto a preços correntes total;%;27.96;27.96;disponivel
N6;Município;2302404;Boa Viagem - CE;2021;2021;6574;Participação do valor adicionado bruto a preços correntes dos serviços, exclusive administração, defesa, educação e saúde públicas e seguridade social, no valor adicionado bruto a preços correntes total;%;37.69;37.69;disponivel
N6;Município;2302503;Brejo Santo - CE;2021;2021;6574;Participação do valor adicionado bruto a preços correntes dos serviços, exclusive administração, defesa, educação e saúde públicas e seguridade social, no valor adicionado bruto a preços correntes total;%;42.57;42.57;disponivel
N6;Município;2302602;Camocim - CE;2021;2021;6574;Participação do valor adicionado bruto a preços correntes dos serviços, exclusive administração, defesa, educação e saúde públicas e seguridade social, no valor adicionado bruto a preços correntes total;%;35.59;35.59;disponivel
N6;Município;2302701;Campos Sales - CE;2021;2021;6574;Participação do valor adicionado bruto a preços correntes dos serviços, exclusive administração, defesa, educação e saúde públicas e seguridade social, no valor adicionado bruto a preços correntes total;%;40.17;40.17;disponivel
N6;Município;2302800;Canindé - CE;2021;2021;6574;Participação do valor adicionado bruto a preços correntes dos serviços, exclusive administração, defesa, educação e saúde públicas e seguridade social, no valor adicionado bruto a preços correntes total;%;43.77;43.77;disponivel
N6;Município;2302909;Capistrano - CE;2021;2021;6574;Participação do valor adicionado bruto a preços correntes dos serviços, exclusive administração, defesa, educação e saúde públicas e seguridade social, no valor adicionado bruto a preços correntes total;%;31.02;31.02;disponivel
N6;Município;2303006;Caridade - CE;2021;2021;6574;Participação do valor adicionado bruto a preços correntes dos serviços, exclusive administração, defesa, educação e saúde públicas e seguridade social, no valor adicionado bruto a preços correntes total;%;32.34;32.34;disponivel
N6;Município;2303105;Cariré - CE;2021;2021;6574;Participação do valor adicionado bruto a preços correntes dos serviços, exclusive administração, defesa, educação e saúde públicas e seguridade social, no valor adicionado bruto a preços correntes total;%;22.91;22.91;disponivel
N6;Município;2303204;Caririaçu - CE;2021;2021;6574;Participação do valor adicionado bruto a preços correntes dos serviços, exclusive administração, defesa, educação e saúde públicas e seguridade social, no valor adicionado bruto a preços correntes total;%;26.97;26.97;disponivel
N6;Município;2303303;Cariús - CE;2021;2021;6574;Participação do valor adicionado bruto a preços correntes dos serviços, exclusive administração, defesa, educação e saúde públicas e seguridade social, no valor adicionado bruto a preços correntes total;%;24.19;24.19;disponivel
N6;Município;2303402;Carnaubal - CE;2021;2021;6574;Participação do valor adicionado bruto a preços correntes dos serviços, exclusive administração, defesa, educação e saúde públicas e seguridade social, no valor adicionado bruto a preços correntes total;%;30.7;30.7;disponivel
N6;Município;2303501;Cascavel - CE;2021;2021;6574;Participação do valor adicionado bruto a preços correntes dos serviços, exclusive administração, defesa, educação e saúde públicas e seguridade social, no valor adicionado bruto a preços correntes total;%;41.86;41.86;disponivel
N6;Município;2303600;Catarina - CE;2021;2021;6574;Participação do valor adicionado bruto a preços correntes dos serviços, exclusive administração, defesa, educação e saúde públicas e seguridade social, no valor adicionado bruto a preços correntes total;%;23.8;23.8;disponivel
N6;Município;2303659;Catunda - CE;2021;2021;6574;Participação do valor adicionado bruto a preços correntes dos serviços, exclusive administração, defesa, educação e saúde públicas e seguridade social, no valor adicionado bruto a preços correntes total;%;27.5;27.5;disponivel
N6;Município;2303709;Caucaia - CE;2021;2021;6574;Participação do valor adicionado bruto a preços correntes dos serviços, exclusive administração, defesa, educação e saúde públicas e seguridade social, no valor adicionado bruto a preços correntes total;%;39.24;39.24;disponivel
N6;Município;2303808;Cedro - CE;2021;2021;6574;Participação do valor adicionado bruto a preços correntes dos serviços, exclusive administração, defesa, educação e saúde públicas e seguridade social, no valor adicionado bruto a preços correntes total;%;34.02;34.02;disponivel
N6;Município;2303907;Chaval - CE;2021;2021;6574;Participação do valor adicionado bruto a preços correntes dos serviços, exclusive administração, defesa, educação e saúde públicas e seguridade social, no valor adicionado bruto a preços correntes total;%;32.56;32.56;disponivel
N6;Município;2303931;Choró - CE;2021;2021;6574;Participação do valor adicionado bruto a preços correntes dos serviços, exclusive administração, defesa, educação e saúde públicas e seguridade social, no valor adicionado bruto a preços correntes total;%;50.78;50.78;disponivel
N6;Município;2303956;Chorozinho - CE;2021;2021;6574;Participação do valor adicionado bruto a preços correntes dos serviços, exclusive administração, defesa, educação e saúde públicas e seguridade social, no valor adicionado bruto a preços correntes total;%;37.45;37.45;disponivel
N6;Município;2304004;Coreaú - CE;2021;2021;6574;Participação do valor adicionado bruto a preços correntes dos serviços, exclusive administração, defesa, educação e saúde públicas e seguridade social, no valor adicionado bruto a preços correntes total;%;33.07;33.07;disponivel
N6;Município;2304103;Crateús - CE;2021;2021;6574;Participação do valor adicionado bruto a preços correntes dos serviços, exclusive administração, defesa, educação e saúde públicas e seguridade social, no valor adicionado bruto a preços correntes total;%;49.32;49.32;disponivel
N6;Município;2304202;Crato - CE;2021;2021;6574;Participação do valor adicionado bruto a preços correntes dos serviços, exclusive administração, defesa, educação e saúde públicas e seguridade social, no valor adicionado bruto a preços correntes total;%;54.37;54.37;disponivel
N6;Município;2304236;Croatá - CE;2021;2021;6574;Participação do valor adicionado bruto a preços correntes dos serviços, exclusive administração, defesa, educação e saúde públicas e seguridade social, no valor adicionado bruto a preços correntes total;%;24.61;24.61;disponivel
N6;Município;2304251;Cruz - CE;2021;2021;6574;Participação do valor adicionado bruto a preços correntes dos serviços, exclusive administração, defesa, educação e saúde públicas e seguridade social, no valor adicionado bruto a preços correntes total;%;48.89;48.89;disponivel
N6;Município;2304269;Deputado Irapuan Pinheiro - CE;2021;2021;6574;Participação do valor adicionado bruto a preços correntes dos serviços, exclusive administração, defesa, educação e saúde públicas e seguridade social, no valor adicionado bruto a preços correntes total;%;27.22;27.22;disponivel
N6;Município;2304277;Ereré - CE;2021;2021;6574;Participação do valor adicionado bruto a preços correntes dos serviços, exclusive administração, defesa, educação e saúde públicas e seguridade social, no valor adicionado bruto a preços correntes total;%;22.88;22.88;disponivel
N6;Município;2304285;Eusébio - CE;2021;2021;6574;Participação do valor adicionado bruto a preços correntes dos serviços, exclusive administração, defesa, educação e saúde públicas e seguridade social, no valor adicionado bruto a preços correntes total;%;53.17;53.17;disponivel
N6;Município;2304301;Farias Brito - CE;2021;2021;6574;Participação do valor adicionado bruto a preços correntes dos serviços, exclusive administração, defesa, educação e saúde públicas e seguridade social, no valor adicionado bruto a preços correntes total;%;25.68;25.68;disponivel
N6;Município;2304350;Forquilha - CE;2021;2021;6574;Participação do valor adicionado bruto a preços correntes dos serviços, exclusive administração, defesa, educação e saúde públicas e seguridade social, no valor adicionado bruto a preços correntes total;%;34.55;34.55;disponivel
N6;Município;2304400;Fortaleza - CE;2021;2021;6574;Participação do valor adicionado bruto a preços correntes dos serviços, exclusive administração, defesa, educação e saúde públicas e seguridade social, no valor adicionado bruto a preços correntes total;%;69.01;69.01;disponivel
N6;Município;2304459;Fortim - CE;2021;2021;6574;Participação do valor adicionado bruto a preços correntes dos serviços, exclusive administração, defesa, educação e saúde públicas e seguridade social, no valor adicionado bruto a preços correntes total;%;29.01;29.01;disponivel
N6;Município;2304509;Frecheirinha - CE;2021;2021;6574;Participação do valor adicionado bruto a preços correntes dos serviços, exclusive administração, defesa, educação e saúde públicas e seguridade social, no valor adicionado bruto a preços correntes total;%;30.85;30.85;disponivel
N6;Município;2304608;General Sampaio - CE;2021;2021;6574;Participação do valor adicionado bruto a preços correntes dos serviços, exclusive administração, defesa, educação e saúde públicas e seguridade social, no valor adicionado bruto a preços correntes total;%;33.58;33.58;disponivel
N6;Município;2304657;Graça - CE;2021;2021;6574;Participação do valor adicionado bruto a preços correntes dos serviços, exclusive administração, defesa, educação e saúde públicas e seguridade social, no valor adicionado bruto a preços correntes total;%;26.09;26.09;disponivel
N6;Município;2304707;Granja - CE;2021;2021;6574;Participação do valor adicionado bruto a preços correntes dos serviços, exclusive administração, defesa, educação e saúde públicas e seguridade social, no valor adicionado bruto a preços correntes total;%;31.58;31.58;disponivel
N6;Município;2304806;Granjeiro - CE;2021;2021;6574;Participação do valor adicionado bruto a preços correntes dos serviços, exclusive administração, defesa, educação e saúde públicas e seguridade social, no valor adicionado bruto a preços correntes total;%;20.73;20.73;disponivel
N6;Município;2304905;Groaíras - CE;2021;2021;6574;Participação do valor adicionado bruto a preços correntes dos serviços, exclusive administração, defesa, educação e saúde públicas e seguridade social, no valor adicionado bruto a preços correntes total;%;32.68;32.68;disponivel
N6;Município;2304954;Guaiúba - CE;2021;2021;6574;Participação do valor adicionado bruto a preços correntes dos serviços, exclusive administração, defesa, educação e saúde públicas e seguridade social, no valor adicionado bruto a preços correntes total;%;29.64;29.64;disponivel
N6;Município;2305001;Guaraciaba do Norte - CE;2021;2021;6574;Participação do valor adicionado bruto a preços correntes dos serviços, exclusive administração, defesa, educação e saúde públicas e seguridade social, no valor adicionado bruto a preços correntes total;%;28.78;28.78;disponivel
N6;Município;2305100;Guaramiranga - CE;2021;2021;6574;Participação do valor adicionado bruto a preços correntes dos serviços, exclusive administração, defesa, educação e saúde públicas e seguridade social, no valor adicionado bruto a preços correntes total;%;42.73;42.73;disponivel
N6;Município;2305209;Hidrolândia - CE;2021;2021;6574;Participação do valor adicionado bruto a preços correntes dos serviços, exclusive administração, defesa, educação e saúde públicas e seguridade social, no valor adicionado bruto a preços correntes total;%;30.01;30.01;disponivel
N6;Município;2305233;Horizonte - CE;2021;2021;6574;Participação do valor adicionado bruto a preços correntes dos serviços, exclusive administração, defesa, educação e saúde públicas e seguridade social, no valor adicionado bruto a preços correntes total;%;34.55;34.55;disponivel
N6;Município;2305266;Ibaretama - CE;2021;2021;6574;Participação do valor adicionado bruto a preços correntes dos serviços, exclusive administração, defesa, educação e saúde públicas e seguridade social, no valor adicionado bruto a preços correntes total;%;26.59;26.59;disponivel
N6;Município;2305308;Ibiapina - CE;2021;2021;6574;Participação do valor adicionado bruto a preços correntes dos serviços, exclusive administração, defesa, educação e saúde públicas e seguridade social, no valor adicionado bruto a preços correntes total;%;25.2;25.2;disponivel
N6;Município;2305332;Ibicuitinga - CE;2021;2021;6574;Participação do valor adicionado bruto a preços correntes dos serviços, exclusive administração, defesa, educação e saúde públicas e seguridade social, no valor adicionado bruto a preços correntes total;%;27.16;27.16;disponivel
N6;Município;2305357;Icapuí - CE;2021;2021;6574;Participação do valor adicionado bruto a preços correntes dos serviços, exclusive administração, defesa, educação e saúde públicas e seguridade social, no valor adicionado bruto a preços correntes total;%;27.12;27.12;disponivel
N6;Município;2305407;Icó - CE;2021;2021;6574;Participação do valor adicionado bruto a preços correntes dos serviços, exclusive administração, defesa, educação e saúde públicas e seguridade social, no valor adicionado bruto a preços correntes total;%;37.91;37.91;disponivel
N6;Município;2305506;Iguatu - CE;2021;2021;6574;Participação do valor adicionado bruto a preços correntes dos serviços, exclusive administração, defesa, educação e saúde públicas e seguridade social, no valor adicionado bruto a preços correntes total;%;52.19;52.19;disponivel
N6;Município;2305605;Independência - CE;2021;2021;6574;Participação do valor adicionado bruto a preços correntes dos serviços, exclusive administração, defesa, educação e saúde públicas e seguridade social, no valor adicionado bruto a preços correntes total;%;23.41;23.41;disponivel
N6;Município;2305654;Ipaporanga - CE;2021;2021;6574;Participação do valor adicionado bruto a preços correntes dos serviços, exclusive administração, defesa, educação e saúde públicas e seguridade social, no valor adicionado bruto a preços correntes total;%;25.42;25.42;disponivel
N6;Município;2305704;Ipaumirim - CE;2021;2021;6574;Participação do valor adicionado bruto a preços correntes dos serviços, exclusive administração, defesa, educação e saúde públicas e seguridade social, no valor adicionado bruto a preços correntes total;%;34.72;34.72;disponivel
N6;Município;2305803;Ipu - CE;2021;2021;6574;Participação do valor adicionado bruto a preços correntes dos serviços, exclusive administração, defesa, educação e saúde públicas e seguridade social, no valor adicionado bruto a preços correntes total;%;36.77;36.77;disponivel
N6;Município;2305902;Ipueiras - CE;2021;2021;6574;Participação do valor adicionado bruto a preços correntes dos serviços, exclusive administração, defesa, educação e saúde públicas e seguridade social, no valor adicionado bruto a preços correntes total;%;32.84;32.84;disponivel
N6;Município;2306009;Iracema - CE;2021;2021;6574;Participação do valor adicionado bruto a preços correntes dos serviços, exclusive administração, defesa, educação e saúde públicas e seguridade social, no valor adicionado bruto a preços correntes total;%;30.63;30.63;disponivel
N6;Município;2306108;Irauçuba - CE;2021;2021;6574;Participação do valor adicionado bruto a preços correntes dos serviços, exclusive administração, defesa, educação e saúde públicas e seguridade social, no valor adicionado bruto a preços correntes total;%;31.51;31.51;disponivel
N6;Município;2306207;Itaiçaba - CE;2021;2021;6574;Participação do valor adicionado bruto a preços correntes dos serviços, exclusive administração, defesa, educação e saúde públicas e seguridade social, no valor adicionado bruto a preços correntes total;%;30.21;30.21;disponivel
N6;Município;2306256;Itaitinga - CE;2021;2021;6574;Participação do valor adicionado bruto a preços correntes dos serviços, exclusive administração, defesa, educação e saúde públicas e seguridade social, no valor adicionado bruto a preços correntes total;%;61.88;61.88;disponivel
N6;Município;2306306;Itapajé - CE;2021;2021;6574;Participação do valor adicionado bruto a preços correntes dos serviços, exclusive administração, defesa, educação e saúde públicas e seguridade social, no valor adicionado bruto a preços correntes total;%;36.06;36.06;disponivel
N6;Município;2306405;Itapipoca - CE;2021;2021;6574;Participação do valor adicionado bruto a preços correntes dos serviços, exclusive administração, defesa, educação e saúde públicas e seguridade social, no valor adicionado bruto a preços correntes total;%;44.93;44.93;disponivel
N6;Município;2306504;Itapiúna - CE;2021;2021;6574;Participação do valor adicionado bruto a preços correntes dos serviços, exclusive administração, defesa, educação e saúde públicas e seguridade social, no valor adicionado bruto a preços correntes total;%;27.57;27.57;disponivel
N6;Município;2306553;Itarema - CE;2021;2021;6574;Participação do valor adicionado bruto a preços correntes dos serviços, exclusive administração, defesa, educação e saúde públicas e seguridade social, no valor adicionado bruto a preços correntes total;%;21.82;21.82;disponivel
N6;Município;2306603;Itatira - CE;2021;2021;6574;Participação do valor adicionado bruto a preços correntes dos serviços, exclusive administração, defesa, educação e saúde públicas e seguridade social, no valor adicionado bruto a preços correntes total;%;27.65;27.65;disponivel
N6;Município;2306702;Jaguaretama - CE;2021;2021;6574;Participação do valor adicionado bruto a preços correntes dos serviços, exclusive administração, defesa, educação e saúde públicas e seguridade social, no valor adicionado bruto a preços correntes total;%;26.1;26.1;disponivel
N6;Município;2306801;Jaguaribara - CE;2021;2021;6574;Participação do valor adicionado bruto a preços correntes dos serviços, exclusive administração, defesa, educação e saúde públicas e seguridade social, no valor adicionado bruto a preços correntes total;%;31.19;31.19;disponivel
N6;Município;2306900;Jaguaribe - CE;2021;2021;6574;Participação do valor adicionado bruto a preços correntes dos serviços, exclusive administração, defesa, educação e saúde públicas e seguridade social, no valor adicionado bruto a preços correntes total;%;42.05;42.05;disponivel
N6;Município;2307007;Jaguaruana - CE;2021;2021;6574;Participação do valor adicionado bruto a preços correntes dos serviços, exclusive administração, defesa, educação e saúde públicas e seguridade social, no valor adicionado bruto a preços correntes total;%;28.21;28.21;disponivel
N6;Município;2307106;Jardim - CE;2021;2021;6574;Participação do valor adicionado bruto a preços correntes dos serviços, exclusive administração, defesa, educação e saúde públicas e seguridade social, no valor adicionado bruto a preços correntes total;%;26.77;26.77;disponivel
N6;Município;2307205;Jati - CE;2021;2021;6574;Participação do valor adicionado bruto a preços correntes dos serviços, exclusive administração, defesa, educação e saúde públicas e seguridade social, no valor adicionado bruto a preços correntes total;%;48.7;48.7;disponivel
N6;Município;2307254;Jijoca de Jericoacoara - CE;2021;2021;6574;Participação do valor adicionado bruto a preços correntes dos serviços, exclusive administração, defesa, educação e saúde públicas e seguridade social, no valor adicionado bruto a preços correntes total;%;69.0;69.0;disponivel
N6;Município;2307304;Juazeiro do Norte - CE;2021;2021;6574;Participação do valor adicionado bruto a preços correntes dos serviços, exclusive administração, defesa, educação e saúde públicas e seguridade social, no valor adicionado bruto a preços correntes total;%;66.51;66.51;disponivel
N6;Município;2307403;Jucás - CE;2021;2021;6574;Participação do valor adicionado bruto a preços correntes dos serviços, exclusive administração, defesa, educação e saúde públicas e seguridade social, no valor adicionado bruto a preços correntes total;%;32.73;32.73;disponivel
N6;Município;2307502;Lavras da Mangabeira - CE;2021;2021;6574;Participação do valor adicionado bruto a preços correntes dos serviços, exclusive administração, defesa, educação e saúde públicas e seguridade social, no valor adicionado bruto a preços correntes total;%;29.11;29.11;disponivel
N6;Município;2307601;Limoeiro do Norte - CE;2021;2021;6574;Participação do valor adicionado bruto a preços correntes dos serviços, exclusive administração, defesa, educação e saúde públicas e seguridade social, no valor adicionado bruto a preços correntes total;%;41.82;41.82;disponivel
N6;Município;2307635;Madalena - CE;2021;2021;6574;Participação do valor adicionado bruto a preços correntes dos serviços, exclusive administração, defesa, educação e saúde públicas e seguridade social, no valor adicionado bruto a preços correntes total;%;30.55;30.55;disponivel
N6;Município;2307650;Maracanaú - CE;2021;2021;6574;Participação do valor adicionado bruto a preços correntes dos serviços, exclusive administração, defesa, educação e saúde públicas e seguridade social, no valor adicionado bruto a preços correntes total;%;50.72;50.72;disponivel
N6;Município;2307700;Maranguape - CE;2021;2021;6574;Participação do valor adicionado bruto a preços correntes dos serviços, exclusive administração, defesa, educação e saúde públicas e seguridade social, no valor adicionado bruto a preços correntes total;%;40.49;40.49;disponivel
N6;Município;2307809;Marco - CE;2021;2021;6574;Participação do valor adicionado bruto a preços correntes dos serviços, exclusive administração, defesa, educação e saúde públicas e seguridade social, no valor adicionado bruto a preços correntes total;%;42.1;42.1;disponivel
N6;Município;2307908;Martinópole - CE;2021;2021;6574;Participação do valor adicionado bruto a preços correntes dos serviços, exclusive administração, defesa, educação e saúde públicas e seguridade social, no valor adicionado bruto a preços correntes total;%;29.86;29.86;disponivel
N6;Município;2308005;Massapê - CE;2021;2021;6574;Participação do valor adicionado bruto a preços correntes dos serviços, exclusive administração, defesa, educação e saúde públicas e seguridade social, no valor adicionado bruto a preços correntes total;%;32.34;32.34;disponivel
N6;Município;2308104;Mauriti - CE;2021;2021;6574;Participação do valor adicionado bruto a preços correntes dos serviços, exclusive administração, defesa, educação e saúde públicas e seguridade social, no valor adicionado bruto a preços correntes total;%;27.43;27.43;disponivel
N6;Município;2308203;Meruoca - CE;2021;2021;6574;Participação do valor adicionado bruto a preços correntes dos serviços, exclusive administração, defesa, educação e saúde públicas e seguridade social, no valor adicionado bruto a preços correntes total;%;28.17;28.17;disponivel
N6;Município;2308302;Milagres - CE;2021;2021;6574;Participação do valor adicionado bruto a preços correntes dos serviços, exclusive administração, defesa, educação e saúde públicas e seguridade social, no valor adicionado bruto a preços correntes total;%;32.32;32.32;disponivel
N6;Município;2308351;Milhã - CE;2021;2021;6574;Participação do valor adicionado bruto a preços correntes dos serviços, exclusive administração, defesa, educação e saúde públicas e seguridade social, no valor adicionado bruto a preços correntes total;%;22.96;22.96;disponivel
N6;Município;2308377;Miraíma - CE;2021;2021;6574;Participação do valor adicionado bruto a preços correntes dos serviços, exclusive administração, defesa, educação e saúde públicas e seguridade social, no valor adicionado bruto a preços correntes total;%;23.21;23.21;disponivel
N6;Município;2308401;Missão Velha - CE;2021;2021;6574;Participação do valor adicionado bruto a preços correntes dos serviços, exclusive administração, defesa, educação e saúde públicas e seguridade social, no valor adicionado bruto a preços correntes total;%;22.78;22.78;disponivel
N6;Município;2308500;Mombaça - CE;2021;2021;6574;Participação do valor adicionado bruto a preços correntes dos serviços, exclusive administração, defesa, educação e saúde públicas e seguridade social, no valor adicionado bruto a preços correntes total;%;33.19;33.19;disponivel
N6;Município;2308609;Monsenhor Tabosa - CE;2021;2021;6574;Participação do valor adicionado bruto a preços correntes dos serviços, exclusive administração, defesa, educação e saúde públicas e seguridade social, no valor adicionado bruto a preços correntes total;%;31.0;31.0;disponivel
N6;Município;2308708;Morada Nova - CE;2021;2021;6574;Participação do valor adicionado bruto a preços correntes dos serviços, exclusive administração, defesa, educação e saúde públicas e seguridade social, no valor adicionado bruto a preços correntes total;%;32.56;32.56;disponivel
N6;Município;2308807;Moraújo - CE;2021;2021;6574;Participação do valor adicionado bruto a preços correntes dos serviços, exclusive administração, defesa, educação e saúde públicas e seguridade social, no valor adicionado bruto a preços correntes total;%;25.23;25.23;disponivel
N6;Município;2308906;Morrinhos - CE;2021;2021;6574;Participação do valor adicionado bruto a preços correntes dos serviços, exclusive administração, defesa, educação e saúde públicas e seguridade social, no valor adicionado bruto a preços correntes total;%;34.09;34.09;disponivel
N6;Município;2309003;Mucambo - CE;2021;2021;6574;Participação do valor adicionado bruto a preços correntes dos serviços, exclusive administração, defesa, educação e saúde públicas e seguridade social, no valor adicionado bruto a preços correntes total;%;34.18;34.18;disponivel
N6;Município;2309102;Mulungu - CE;2021;2021;6574;Participação do valor adicionado bruto a preços correntes dos serviços, exclusive administração, defesa, educação e saúde públicas e seguridade social, no valor adicionado bruto a preços correntes total;%;24.94;24.94;disponivel
N6;Município;2309201;Nova Olinda - CE;2021;2021;6574;Participação do valor adicionado bruto a preços correntes dos serviços, exclusive administração, defesa, educação e saúde públicas e seguridade social, no valor adicionado bruto a preços correntes total;%;32.57;32.57;disponivel
N6;Município;2309300;Nova Russas - CE;2021;2021;6574;Participação do valor adicionado bruto a preços correntes dos serviços, exclusive administração, defesa, educação e saúde públicas e seguridade social, no valor adicionado bruto a preços correntes total;%;45.41;45.41;disponivel
N6;Município;2309409;Novo Oriente - CE;2021;2021;6574;Participação do valor adicionado bruto a preços correntes dos serviços, exclusive administração, defesa, educação e saúde públicas e seguridade social, no valor adicionado bruto a preços correntes total;%;29.67;29.67;disponivel
N6;Município;2309458;Ocara - CE;2021;2021;6574;Participação do valor adicionado bruto a preços correntes dos serviços, exclusive administração, defesa, educação e saúde públicas e seguridade social, no valor adicionado bruto a preços correntes total;%;27.89;27.89;disponivel
N6;Município;2309508;Orós - CE;2021;2021;6574;Participação do valor adicionado bruto a preços correntes dos serviços, exclusive administração, defesa, educação e saúde públicas e seguridade social, no valor adicionado bruto a preços correntes total;%;33.13;33.13;disponivel
N6;Município;2309607;Pacajus - CE;2021;2021;6574;Participação do valor adicionado bruto a preços correntes dos serviços, exclusive administração, defesa, educação e saúde públicas e seguridade social, no valor adicionado bruto a preços correntes total;%;37.57;37.57;disponivel
N6;Município;2309706;Pacatuba - CE;2021;2021;6574;Participação do valor adicionado bruto a preços correntes dos serviços, exclusive administração, defesa, educação e saúde públicas e seguridade social, no valor adicionado bruto a preços correntes total;%;39.1;39.1;disponivel
N6;Município;2309805;Pacoti - CE;2021;2021;6574;Participação do valor adicionado bruto a preços correntes dos serviços, exclusive administração, defesa, educação e saúde públicas e seguridade social, no valor adicionado bruto a preços correntes total;%;26.14;26.14;disponivel
N6;Município;2309904;Pacujá - CE;2021;2021;6574;Participação do valor adicionado bruto a preços correntes dos serviços, exclusive administração, defesa, educação e saúde públicas e seguridade social, no valor adicionado bruto a preços correntes total;%;31.16;31.16;disponivel
N6;Município;2310001;Palhano - CE;2021;2021;6574;Participação do valor adicionado bruto a preços correntes dos serviços, exclusive administração, defesa, educação e saúde públicas e seguridade social, no valor adicionado bruto a preços correntes total;%;28.93;28.93;disponivel
N6;Município;2310100;Palmácia - CE;2021;2021;6574;Participação do valor adicionado bruto a preços correntes dos serviços, exclusive administração, defesa, educação e saúde públicas e seguridade social, no valor adicionado bruto a preços correntes total;%;20.62;20.62;disponivel
N6;Município;2310209;Paracuru - CE;2021;2021;6574;Participação do valor adicionado bruto a preços correntes dos serviços, exclusive administração, defesa, educação e saúde públicas e seguridade social, no valor adicionado bruto a preços correntes total;%;39.33;39.33;disponivel
N6;Município;2310258;Paraipaba - CE;2021;2021;6574;Participação do valor adicionado bruto a preços correntes dos serviços, exclusive administração, defesa, educação e saúde públicas e seguridade social, no valor adicionado bruto a preços correntes total;%;28.89;28.89;disponivel
N6;Município;2310308;Parambu - CE;2021;2021;6574;Participação do valor adicionado bruto a preços correntes dos serviços, exclusive administração, defesa, educação e saúde públicas e seguridade social, no valor adicionado bruto a preços correntes total;%;32.22;32.22;disponivel
N6;Município;2310407;Paramoti - CE;2021;2021;6574;Participação do valor adicionado bruto a preços correntes dos serviços, exclusive administração, defesa, educação e saúde públicas e seguridade social, no valor adicionado bruto a preços correntes total;%;26.2;26.2;disponivel
N6;Município;2310506;Pedra Branca - CE;2021;2021;6574;Participação do valor adicionado bruto a preços correntes dos serviços, exclusive administração, defesa, educação e saúde públicas e seguridade social, no valor adicionado bruto a preços correntes total;%;33.52;33.52;disponivel
N6;Município;2310605;Penaforte - CE;2021;2021;6574;Participação do valor adicionado bruto a preços correntes dos serviços, exclusive administração, defesa, educação e saúde públicas e seguridade social, no valor adicionado bruto a preços correntes total;%;38.88;38.88;disponivel
N6;Município;2310704;Pentecoste - CE;2021;2021;6574;Participação do valor adicionado bruto a preços correntes dos serviços, exclusive administração, defesa, educação e saúde públicas e seguridade social, no valor adicionado bruto a preços correntes total;%;30.95;30.95;disponivel
N6;Município;2310803;Pereiro - CE;2021;2021;6574;Participação do valor adicionado bruto a preços correntes dos serviços, exclusive administração, defesa, educação e saúde públicas e seguridade social, no valor adicionado bruto a preços correntes total;%;74.4;74.4;disponivel
N6;Município;2310852;Pindoretama - CE;2021;2021;6574;Participação do valor adicionado bruto a preços correntes dos serviços, exclusive administração, defesa, educação e saúde públicas e seguridade social, no valor adicionado bruto a preços correntes total;%;40.89;40.89;disponivel
N6;Município;2310902;Piquet Carneiro - CE;2021;2021;6574;Participação do valor adicionado bruto a preços correntes dos serviços, exclusive administração, defesa, educação e saúde públicas e seguridade social, no valor adicionado bruto a preços correntes total;%;28.72;28.72;disponivel
N6;Município;2310951;Pires Ferreira - CE;2021;2021;6574;Participação do valor adicionado bruto a preços correntes dos serviços, exclusive administração, defesa, educação e saúde públicas e seguridade social, no valor adicionado bruto a preços correntes total;%;21.23;21.23;disponivel
N6;Município;2311009;Poranga - CE;2021;2021;6574;Participação do valor adicionado bruto a preços correntes dos serviços, exclusive administração, defesa, educação e saúde públicas e seguridade social, no valor adicionado bruto a preços correntes total;%;31.27;31.27;disponivel
N6;Município;2311108;Porteiras - CE;2021;2021;6574;Participação do valor adicionado bruto a preços correntes dos serviços, exclusive administração, defesa, educação e saúde públicas e seguridade social, no valor adicionado bruto a preços correntes total;%;24.85;24.85;disponivel
N6;Município;2311207;Potengi - CE;2021;2021;6574;Participação do valor adicionado bruto a preços correntes dos serviços, exclusive administração, defesa, educação e saúde públicas e seguridade social, no valor adicionado bruto a preços correntes total;%;29.4;29.4;disponivel
N6;Município;2311231;Potiretama - CE;2021;2021;6574;Participação do valor adicionado bruto a preços correntes dos serviços, exclusive administração, defesa, educação e saúde públicas e seguridade social, no valor adicionado bruto a preços correntes total;%;22.73;22.73;disponivel
N6;Município;2311264;Quiterianópolis - CE;2021;2021;6574;Participação do valor adicionado bruto a preços correntes dos serviços, exclusive administração, defesa, educação e saúde públicas e seguridade social, no valor adicionado bruto a preços correntes total;%;29.71;29.71;disponivel
N6;Município;2311306;Quixadá - CE;2021;2021;6574;Participação do valor adicionado bruto a preços correntes dos serviços, exclusive administração, defesa, educação e saúde públicas e seguridade social, no valor adicionado bruto a preços correntes total;%;47.92;47.92;disponivel
N6;Município;2311355;Quixelô - CE;2021;2021;6574;Participação do valor adicionado bruto a preços correntes dos serviços, exclusive administração, defesa, educação e saúde públicas e seguridade social, no valor adicionado bruto a preços correntes total;%;23.86;23.86;disponivel
N6;Município;2311405;Quixeramobim - CE;2021;2021;6574;Participação do valor adicionado bruto a preços correntes dos serviços, exclusive administração, defesa, educação e saúde públicas e seguridade social, no valor adicionado bruto a preços correntes total;%;40.67;40.67;disponivel
N6;Município;2311504;Quixeré - CE;2021;2021;6574;Participação do valor adicionado bruto a preços correntes dos serviços, exclusive administração, defesa, educação e saúde públicas e seguridade social, no valor adicionado bruto a preços correntes total;%;22.88;22.88;disponivel
N6;Município;2311603;Redenção - CE;2021;2021;6574;Participação do valor adicionado bruto a preços correntes dos serviços, exclusive administração, defesa, educação e saúde públicas e seguridade social, no valor adicionado bruto a preços correntes total;%;33.12;33.12;disponivel
N6;Município;2311702;Reriutaba - CE;2021;2021;6574;Participação do valor adicionado bruto a preços correntes dos serviços, exclusive administração, defesa, educação e saúde públicas e seguridade social, no valor adicionado bruto a preços correntes total;%;34.82;34.82;disponivel
N6;Município;2311801;Russas - CE;2021;2021;6574;Participação do valor adicionado bruto a preços correntes dos serviços, exclusive administração, defesa, educação e saúde públicas e seguridade social, no valor adicionado bruto a preços correntes total;%;41.65;41.65;disponivel
N6;Município;2311900;Saboeiro - CE;2021;2021;6574;Participação do valor adicionado bruto a preços correntes dos serviços, exclusive administração, defesa, educação e saúde públicas e seguridade social, no valor adicionado bruto a preços correntes total;%;20.8;20.8;disponivel
N6;Município;2311959;Salitre - CE;2021;2021;6574;Participação do valor adicionado bruto a preços correntes dos serviços, exclusive administração, defesa, educação e saúde públicas e seguridade social, no valor adicionado bruto a preços correntes total;%;24.5;24.5;disponivel
N6;Município;2312007;Santana do Acaraú - CE;2021;2021;6574;Participação do valor adicionado bruto a preços correntes dos serviços, exclusive administração, defesa, educação e saúde públicas e seguridade social, no valor adicionado bruto a preços correntes total;%;26.87;26.87;disponivel
N6;Município;2312106;Santana do Cariri - CE;2021;2021;6574;Participação do valor adicionado bruto a preços correntes dos serviços, exclusive administração, defesa, educação e saúde públicas e seguridade social, no valor adicionado bruto a preços correntes total;%;23.75;23.75;disponivel
N6;Município;2312205;Santa Quitéria - CE;2021;2021;6574;Participação do valor adicionado bruto a preços correntes dos serviços, exclusive administração, defesa, educação e saúde públicas e seguridade social, no valor adicionado bruto a preços correntes total;%;31.83;31.83;disponivel
N6;Município;2312304;São Benedito - CE;2021;2021;6574;Participação do valor adicionado bruto a preços correntes dos serviços, exclusive administração, defesa, educação e saúde públicas e seguridade social, no valor adicionado bruto a preços correntes total;%;35.18;35.18;disponivel
N6;Município;2312403;São Gonçalo do Amarante - CE;2021;2021;6574;Participação do valor adicionado bruto a preços correntes dos serviços, exclusive administração, defesa, educação e saúde públicas e seguridade social, no valor adicionado bruto a preços correntes total;%;20.62;20.62;disponivel
N6;Município;2312502;São João do Jaguaribe - CE;2021;2021;6574;Participação do valor adicionado bruto a preços correntes dos serviços, exclusive administração, defesa, educação e saúde públicas e seguridade social, no valor adicionado bruto a preços correntes total;%;18.91;18.91;disponivel
N6;Município;2312601;São Luís do Curu - CE;2021;2021;6574;Participação do valor adicionado bruto a preços correntes dos serviços, exclusive administração, defesa, educação e saúde públicas e seguridade social, no valor adicionado bruto a preços correntes total;%;29.8;29.8;disponivel
N6;Município;2312700;Senador Pompeu - CE;2021;2021;6574;Participação do valor adicionado bruto a preços correntes dos serviços, exclusive administração, defesa, educação e saúde públicas e seguridade social, no valor adicionado bruto a preços correntes total;%;36.86;36.86;disponivel
N6;Município;2312809;Senador Sá - CE;2021;2021;6574;Participação do valor adicionado bruto a preços correntes dos serviços, exclusive administração, defesa, educação e saúde públicas e seguridade social, no valor adicionado bruto a preços correntes total;%;27.61;27.61;disponivel
N6;Município;2312908;Sobral - CE;2021;2021;6574;Participação do valor adicionado bruto a preços correntes dos serviços, exclusive administração, defesa, educação e saúde públicas e seguridade social, no valor adicionado bruto a preços correntes total;%;53.62;53.62;disponivel
N6;Município;2313005;Solonópole - CE;2021;2021;6574;Participação do valor adicionado bruto a preços correntes dos serviços, exclusive administração, defesa, educação e saúde públicas e seguridade social, no valor adicionado bruto a preços correntes total;%;27.2;27.2;disponivel
N6;Município;2313104;Tabuleiro do Norte - CE;2021;2021;6574;Participação do valor adicionado bruto a preços correntes dos serviços, exclusive administração, defesa, educação e saúde públicas e seguridade social, no valor adicionado bruto a preços correntes total;%;42.94;42.94;disponivel
N6;Município;2313203;Tamboril - CE;2021;2021;6574;Participação do valor adicionado bruto a preços correntes dos serviços, exclusive administração, defesa, educação e saúde públicas e seguridade social, no valor adicionado bruto a preços correntes total;%;27.77;27.77;disponivel
N6;Município;2313252;Tarrafas - CE;2021;2021;6574;Participação do valor adicionado bruto a preços correntes dos serviços, exclusive administração, defesa, educação e saúde públicas e seguridade social, no valor adicionado bruto a preços correntes total;%;22.04;22.04;disponivel
N6;Município;2313302;Tauá - CE;2021;2021;6574;Participação do valor adicionado bruto a preços correntes dos serviços, exclusive administração, defesa, educação e saúde públicas e seguridade social, no valor adicionado bruto a preços correntes total;%;44.81;44.81;disponivel
N6;Município;2313351;Tejuçuoca - CE;2021;2021;6574;Participação do valor adicionado bruto a preços correntes dos serviços, exclusive administração, defesa, educação e saúde públicas e seguridade social, no valor adicionado bruto a preços correntes total;%;25.01;25.01;disponivel
N6;Município;2313401;Tianguá - CE;2021;2021;6574;Participação do valor adicionado bruto a preços correntes dos serviços, exclusive administração, defesa, educação e saúde públicas e seguridade social, no valor adicionado bruto a preços correntes total;%;44.42;44.42;disponivel
N6;Município;2313500;Trairi - CE;2021;2021;6574;Participação do valor adicionado bruto a preços correntes dos serviços, exclusive administração, defesa, educação e saúde públicas e seguridade social, no valor adicionado bruto a preços correntes total;%;21.62;21.62;disponivel
N6;Município;2313559;Tururu - CE;2021;2021;6574;Participação do valor adicionado bruto a preços correntes dos serviços, exclusive administração, defesa, educação e saúde públicas e seguridade social, no valor adicionado bruto a preços correntes total;%;25.52;25.52;disponivel
N6;Município;2313609;Ubajara - CE;2021;2021;6574;Participação do valor adicionado bruto a preços correntes dos serviços, exclusive administração, defesa, educação e saúde públicas e seguridade social, no valor adicionado bruto a preços correntes total;%;27.13;27.13;disponivel
N6;Município;2313708;Umari - CE;2021;2021;6574;Participação do valor adicionado bruto a preços correntes dos serviços, exclusive administração, defesa, educação e saúde públicas e seguridade social, no valor adicionado bruto a preços correntes total;%;22.11;22.11;disponivel
N6;Município;2313757;Umirim - CE;2021;2021;6574;Participação do valor adicionado bruto a preços correntes dos serviços, exclusive administração, defesa, educação e saúde públicas e seguridade social, no valor adicionado bruto a preços correntes total;%;23.91;23.91;disponivel
N6;Município;2313807;Uruburetama - CE;2021;2021;6574;Participação do valor adicionado bruto a preços correntes dos serviços, exclusive administração, defesa, educação e saúde públicas e seguridade social, no valor adicionado bruto a preços correntes total;%;25.31;25.31;disponivel
N6;Município;2313906;Uruoca - CE;2021;2021;6574;Participação do valor adicionado bruto a preços correntes dos serviços, exclusive administração, defesa, educação e saúde públicas e seguridade social, no valor adicionado bruto a preços correntes total;%;24.3;24.3;disponivel
N6;Município;2313955;Varjota - CE;2021;2021;6574;Participação do valor adicionado bruto a preços correntes dos serviços, exclusive administração, defesa, educação e saúde públicas e seguridade social, no valor adicionado bruto a preços correntes total;%;27.21;27.21;disponivel
N6;Município;2314003;Várzea Alegre - CE;2021;2021;6574;Participação do valor adicionado bruto a preços correntes dos serviços, exclusive administração, defesa, educação e saúde públicas e seguridade social, no valor adicionado bruto a preços correntes total;%;38.8;38.8;disponivel
N6;Município;2314102;Viçosa do Ceará - CE;2021;2021;6574;Participação do valor adicionado bruto a preços correntes dos serviços, exclusive administração, defesa, educação e saúde públicas e seguridade social, no valor adicionado bruto a preços correntes total;%;26.31;26.31;disponivel
N1;Brasil;1;Brasil;2021;2021;525;Valor adicionado bruto a preços correntes da administração, defesa, educação e saúde públicas e seguridade social;Mil Reais;1218956000.0;1218956000.0;disponivel
N3;Unidade da Federação;23;Ceará;2021;2021;525;Valor adicionado bruto a preços correntes da administração, defesa, educação e saúde públicas e seguridade social;Mil Reais;38425285.0;38425285.0;disponivel
N6;Município;2300101;Abaiara - CE;2021;2021;525;Valor adicionado bruto a preços correntes da administração, defesa, educação e saúde públicas e seguridade social;Mil Reais;56904.0;56904.0;disponivel
N6;Município;2300150;Acarape - CE;2021;2021;525;Valor adicionado bruto a preços correntes da administração, defesa, educação e saúde públicas e seguridade social;Mil Reais;68079.0;68079.0;disponivel
N6;Município;2300200;Acaraú - CE;2021;2021;525;Valor adicionado bruto a preços correntes da administração, defesa, educação e saúde públicas e seguridade social;Mil Reais;265682.0;265682.0;disponivel
N6;Município;2300309;Acopiara - CE;2021;2021;525;Valor adicionado bruto a preços correntes da administração, defesa, educação e saúde públicas e seguridade social;Mil Reais;190733.0;190733.0;disponivel
N6;Município;2300408;Aiuaba - CE;2021;2021;525;Valor adicionado bruto a preços correntes da administração, defesa, educação e saúde públicas e seguridade social;Mil Reais;75084.0;75084.0;disponivel
N6;Município;2300507;Alcântaras - CE;2021;2021;525;Valor adicionado bruto a preços correntes da administração, defesa, educação e saúde públicas e seguridade social;Mil Reais;54764.0;54764.0;disponivel
N6;Município;2300606;Altaneira - CE;2021;2021;525;Valor adicionado bruto a preços correntes da administração, defesa, educação e saúde públicas e seguridade social;Mil Reais;40753.0;40753.0;disponivel
N6;Município;2300705;Alto Santo - CE;2021;2021;525;Valor adicionado bruto a preços correntes da administração, defesa, educação e saúde públicas e seguridade social;Mil Reais;81358.0;81358.0;disponivel
N6;Município;2300754;Amontada - CE;2021;2021;525;Valor adicionado bruto a preços correntes da administração, defesa, educação e saúde públicas e seguridade social;Mil Reais;199442.0;199442.0;disponivel
N6;Município;2300804;Antonina do Norte - CE;2021;2021;525;Valor adicionado bruto a preços correntes da administração, defesa, educação e saúde públicas e seguridade social;Mil Reais;40074.0;40074.0;disponivel
N6;Município;2300903;Apuiarés - CE;2021;2021;525;Valor adicionado bruto a preços correntes da administração, defesa, educação e saúde públicas e seguridade social;Mil Reais;61699.0;61699.0;disponivel
N6;Município;2301000;Aquiraz - CE;2021;2021;525;Valor adicionado bruto a preços correntes da administração, defesa, educação e saúde públicas e seguridade social;Mil Reais;434603.0;434603.0;disponivel
N6;Município;2301109;Aracati - CE;2021;2021;525;Valor adicionado bruto a preços correntes da administração, defesa, educação e saúde públicas e seguridade social;Mil Reais;297681.0;297681.0;disponivel
N6;Município;2301208;Aracoiaba - CE;2021;2021;525;Valor adicionado bruto a preços correntes da administração, defesa, educação e saúde públicas e seguridade social;Mil Reais;117271.0;117271.0;disponivel
N6;Município;2301257;Ararendá - CE;2021;2021;525;Valor adicionado bruto a preços correntes da administração, defesa, educação e saúde públicas e seguridade social;Mil Reais;55233.0;55233.0;disponivel
N6;Município;2301307;Araripe - CE;2021;2021;525;Valor adicionado bruto a preços correntes da administração, defesa, educação e saúde públicas e seguridade social;Mil Reais;107395.0;107395.0;disponivel
N6;Município;2301406;Aratuba - CE;2021;2021;525;Valor adicionado bruto a preços correntes da administração, defesa, educação e saúde públicas e seguridade social;Mil Reais;58320.0;58320.0;disponivel
N6;Município;2301505;Arneiroz - CE;2021;2021;525;Valor adicionado bruto a preços correntes da administração, defesa, educação e saúde públicas e seguridade social;Mil Reais;33827.0;33827.0;disponivel
N6;Município;2301604;Assaré - CE;2021;2021;525;Valor adicionado bruto a preços correntes da administração, defesa, educação e saúde públicas e seguridade social;Mil Reais;96689.0;96689.0;disponivel
N6;Município;2301703;Aurora - CE;2021;2021;525;Valor adicionado bruto a preços correntes da administração, defesa, educação e saúde públicas e seguridade social;Mil Reais;99768.0;99768.0;disponivel
N6;Município;2301802;Baixio - CE;2021;2021;525;Valor adicionado bruto a preços correntes da administração, defesa, educação e saúde públicas e seguridade social;Mil Reais;34708.0;34708.0;disponivel
N6;Município;2301851;Banabuiú - CE;2021;2021;525;Valor adicionado bruto a preços correntes da administração, defesa, educação e saúde públicas e seguridade social;Mil Reais;85966.0;85966.0;disponivel
N6;Município;2301901;Barbalha - CE;2021;2021;525;Valor adicionado bruto a preços correntes da administração, defesa, educação e saúde públicas e seguridade social;Mil Reais;289848.0;289848.0;disponivel
N6;Município;2301950;Barreira - CE;2021;2021;525;Valor adicionado bruto a preços correntes da administração, defesa, educação e saúde públicas e seguridade social;Mil Reais;106114.0;106114.0;disponivel
N6;Município;2302008;Barro - CE;2021;2021;525;Valor adicionado bruto a preços correntes da administração, defesa, educação e saúde públicas e seguridade social;Mil Reais;95433.0;95433.0;disponivel
N6;Município;2302057;Barroquinha - CE;2021;2021;525;Valor adicionado bruto a preços correntes da administração, defesa, educação e saúde públicas e seguridade social;Mil Reais;73082.0;73082.0;disponivel
N6;Município;2302107;Baturité - CE;2021;2021;525;Valor adicionado bruto a preços correntes da administração, defesa, educação e saúde públicas e seguridade social;Mil Reais;151595.0;151595.0;disponivel
N6;Município;2302206;Beberibe - CE;2021;2021;525;Valor adicionado bruto a preços correntes da administração, defesa, educação e saúde públicas e seguridade social;Mil Reais;228880.0;228880.0;disponivel
N6;Município;2302305;Bela Cruz - CE;2021;2021;525;Valor adicionado bruto a preços correntes da administração, defesa, educação e saúde públicas e seguridade social;Mil Reais;140282.0;140282.0;disponivel
N6;Município;2302404;Boa Viagem - CE;2021;2021;525;Valor adicionado bruto a preços correntes da administração, defesa, educação e saúde públicas e seguridade social;Mil Reais;214382.0;214382.0;disponivel
N6;Município;2302503;Brejo Santo - CE;2021;2021;525;Valor adicionado bruto a preços correntes da administração, defesa, educação e saúde públicas e seguridade social;Mil Reais;228570.0;228570.0;disponivel
N6;Município;2302602;Camocim - CE;2021;2021;525;Valor adicionado bruto a preços correntes da administração, defesa, educação e saúde públicas e seguridade social;Mil Reais;257794.0;257794.0;disponivel
N6;Município;2302701;Campos Sales - CE;2021;2021;525;Valor adicionado bruto a preços correntes da administração, defesa, educação e saúde públicas e seguridade social;Mil Reais;115455.0;115455.0;disponivel
N6;Município;2302800;Canindé - CE;2021;2021;525;Valor adicionado bruto a preços correntes da administração, defesa, educação e saúde públicas e seguridade social;Mil Reais;342393.0;342393.0;disponivel
N6;Município;2302909;Capistrano - CE;2021;2021;525;Valor adicionado bruto a preços correntes da administração, defesa, educação e saúde públicas e seguridade social;Mil Reais;83480.0;83480.0;disponivel
N6;Município;2303006;Caridade - CE;2021;2021;525;Valor adicionado bruto a preços correntes da administração, defesa, educação e saúde públicas e seguridade social;Mil Reais;88751.0;88751.0;disponivel
N6;Município;2303105;Cariré - CE;2021;2021;525;Valor adicionado bruto a preços correntes da administração, defesa, educação e saúde públicas e seguridade social;Mil Reais;79957.0;79957.0;disponivel
N6;Município;2303204;Caririaçu - CE;2021;2021;525;Valor adicionado bruto a preços correntes da administração, defesa, educação e saúde públicas e seguridade social;Mil Reais;122751.0;122751.0;disponivel
N6;Município;2303303;Cariús - CE;2021;2021;525;Valor adicionado bruto a preços correntes da administração, defesa, educação e saúde públicas e seguridade social;Mil Reais;74755.0;74755.0;disponivel
N6;Município;2303402;Carnaubal - CE;2021;2021;525;Valor adicionado bruto a preços correntes da administração, defesa, educação e saúde públicas e seguridade social;Mil Reais;85051.0;85051.0;disponivel
N6;Município;2303501;Cascavel - CE;2021;2021;525;Valor adicionado bruto a preços correntes da administração, defesa, educação e saúde públicas e seguridade social;Mil Reais;315633.0;315633.0;disponivel
N6;Município;2303600;Catarina - CE;2021;2021;525;Valor adicionado bruto a preços correntes da administração, defesa, educação e saúde públicas e seguridade social;Mil Reais;84679.0;84679.0;disponivel
N6;Município;2303659;Catunda - CE;2021;2021;525;Valor adicionado bruto a preços correntes da administração, defesa, educação e saúde públicas e seguridade social;Mil Reais;58554.0;58554.0;disponivel
N6;Município;2303709;Caucaia - CE;2021;2021;525;Valor adicionado bruto a preços correntes da administração, defesa, educação e saúde públicas e seguridade social;Mil Reais;1356908.0;1356908.0;disponivel
N6;Município;2303808;Cedro - CE;2021;2021;525;Valor adicionado bruto a preços correntes da administração, defesa, educação e saúde públicas e seguridade social;Mil Reais;104589.0;104589.0;disponivel
N6;Município;2303907;Chaval - CE;2021;2021;525;Valor adicionado bruto a preços correntes da administração, defesa, educação e saúde públicas e seguridade social;Mil Reais;60249.0;60249.0;disponivel
N6;Município;2303931;Choró - CE;2021;2021;525;Valor adicionado bruto a preços correntes da administração, defesa, educação e saúde públicas e seguridade social;Mil Reais;60724.0;60724.0;disponivel
N6;Município;2303956;Chorozinho - CE;2021;2021;525;Valor adicionado bruto a preços correntes da administração, defesa, educação e saúde públicas e seguridade social;Mil Reais;88964.0;88964.0;disponivel
N6;Município;2304004;Coreaú - CE;2021;2021;525;Valor adicionado bruto a preços correntes da administração, defesa, educação e saúde públicas e seguridade social;Mil Reais;106463.0;106463.0;disponivel
N6;Município;2304103;Crateús - CE;2021;2021;525;Valor adicionado bruto a preços correntes da administração, defesa, educação e saúde públicas e seguridade social;Mil Reais;307802.0;307802.0;disponivel
N6;Município;2304202;Crato - CE;2021;2021;525;Valor adicionado bruto a preços correntes da administração, defesa, educação e saúde públicas e seguridade social;Mil Reais;509428.0;509428.0;disponivel
N6;Município;2304236;Croatá - CE;2021;2021;525;Valor adicionado bruto a preços correntes da administração, defesa, educação e saúde públicas e seguridade social;Mil Reais;82445.0;82445.0;disponivel
N6;Município;2304251;Cruz - CE;2021;2021;525;Valor adicionado bruto a preços correntes da administração, defesa, educação e saúde públicas e seguridade social;Mil Reais;129314.0;129314.0;disponivel
N6;Município;2304269;Deputado Irapuan Pinheiro - CE;2021;2021;525;Valor adicionado bruto a preços correntes da administração, defesa, educação e saúde públicas e seguridade social;Mil Reais;44770.0;44770.0;disponivel
N6;Município;2304277;Ereré - CE;2021;2021;525;Valor adicionado bruto a preços correntes da administração, defesa, educação e saúde públicas e seguridade social;Mil Reais;36908.0;36908.0;disponivel
N6;Município;2304285;Eusébio - CE;2021;2021;525;Valor adicionado bruto a preços correntes da administração, defesa, educação e saúde públicas e seguridade social;Mil Reais;370720.0;370720.0;disponivel
N6;Município;2304301;Farias Brito - CE;2021;2021;525;Valor adicionado bruto a preços correntes da administração, defesa, educação e saúde públicas e seguridade social;Mil Reais;91025.0;91025.0;disponivel
N6;Município;2304350;Forquilha - CE;2021;2021;525;Valor adicionado bruto a preços correntes da administração, defesa, educação e saúde públicas e seguridade social;Mil Reais;103602.0;103602.0;disponivel
N6;Município;2304400;Fortaleza - CE;2021;2021;525;Valor adicionado bruto a preços correntes da administração, defesa, educação e saúde públicas e seguridade social;Mil Reais;10205847.0;10205847.0;disponivel
N6;Município;2304459;Fortim - CE;2021;2021;525;Valor adicionado bruto a preços correntes da administração, defesa, educação e saúde públicas e seguridade social;Mil Reais;72704.0;72704.0;disponivel
N6;Município;2304509;Frecheirinha - CE;2021;2021;525;Valor adicionado bruto a preços correntes da administração, defesa, educação e saúde públicas e seguridade social;Mil Reais;71252.0;71252.0;disponivel
N6;Município;2304608;General Sampaio - CE;2021;2021;525;Valor adicionado bruto a preços correntes da administração, defesa, educação e saúde públicas e seguridade social;Mil Reais;42113.0;42113.0;disponivel
N6;Município;2304657;Graça - CE;2021;2021;525;Valor adicionado bruto a preços correntes da administração, defesa, educação e saúde públicas e seguridade social;Mil Reais;74061.0;74061.0;disponivel
N6;Município;2304707;Granja - CE;2021;2021;525;Valor adicionado bruto a preços correntes da administração, defesa, educação e saúde públicas e seguridade social;Mil Reais;220770.0;220770.0;disponivel
N6;Município;2304806;Granjeiro - CE;2021;2021;525;Valor adicionado bruto a preços correntes da administração, defesa, educação e saúde públicas e seguridade social;Mil Reais;27444.0;27444.0;disponivel
N6;Município;2304905;Groaíras - CE;2021;2021;525;Valor adicionado bruto a preços correntes da administração, defesa, educação e saúde públicas e seguridade social;Mil Reais;53620.0;53620.0;disponivel
N6;Município;2304954;Guaiúba - CE;2021;2021;525;Valor adicionado bruto a preços correntes da administração, defesa, educação e saúde públicas e seguridade social;Mil Reais;116452.0;116452.0;disponivel
N6;Município;2305001;Guaraciaba do Norte - CE;2021;2021;525;Valor adicionado bruto a preços correntes da administração, defesa, educação e saúde públicas e seguridade social;Mil Reais;177601.0;177601.0;disponivel
N6;Município;2305100;Guaramiranga - CE;2021;2021;525;Valor adicionado bruto a preços correntes da administração, defesa, educação e saúde públicas e seguridade social;Mil Reais;30660.0;30660.0;disponivel
N6;Município;2305209;Hidrolândia - CE;2021;2021;525;Valor adicionado bruto a preços correntes da administração, defesa, educação e saúde públicas e seguridade social;Mil Reais;82322.0;82322.0;disponivel
N6;Município;2305233;Horizonte - CE;2021;2021;525;Valor adicionado bruto a preços correntes da administração, defesa, educação e saúde públicas e seguridade social;Mil Reais;310614.0;310614.0;disponivel
N6;Município;2305266;Ibaretama - CE;2021;2021;525;Valor adicionado bruto a preços correntes da administração, defesa, educação e saúde públicas e seguridade social;Mil Reais;65914.0;65914.0;disponivel
N6;Município;2305308;Ibiapina - CE;2021;2021;525;Valor adicionado bruto a preços correntes da administração, defesa, educação e saúde públicas e seguridade social;Mil Reais;114962.0;114962.0;disponivel
N6;Município;2305332;Ibicuitinga - CE;2021;2021;525;Valor adicionado bruto a preços correntes da administração, defesa, educação e saúde públicas e seguridade social;Mil Reais;63774.0;63774.0;disponivel
N6;Município;2305357;Icapuí - CE;2021;2021;525;Valor adicionado bruto a preços correntes da administração, defesa, educação e saúde públicas e seguridade social;Mil Reais;106043.0;106043.0;disponivel
N6;Município;2305407;Icó - CE;2021;2021;525;Valor adicionado bruto a preços correntes da administração, defesa, educação e saúde públicas e seguridade social;Mil Reais;275568.0;275568.0;disponivel
N6;Município;2305506;Iguatu - CE;2021;2021;525;Valor adicionado bruto a preços correntes da administração, defesa, educação e saúde públicas e seguridade social;Mil Reais;438026.0;438026.0;disponivel
N6;Município;2305605;Independência - CE;2021;2021;525;Valor adicionado bruto a preços correntes da administração, defesa, educação e saúde públicas e seguridade social;Mil Reais;99953.0;99953.0;disponivel
N6;Município;2305654;Ipaporanga - CE;2021;2021;525;Valor adicionado bruto a preços correntes da administração, defesa, educação e saúde públicas e seguridade social;Mil Reais;52051.0;52051.0;disponivel
N6;Município;2305704;Ipaumirim - CE;2021;2021;525;Valor adicionado bruto a preços correntes da administração, defesa, educação e saúde públicas e seguridade social;Mil Reais;55318.0;55318.0;disponivel
N6;Município;2305803;Ipu - CE;2021;2021;525;Valor adicionado bruto a preços correntes da administração, defesa, educação e saúde públicas e seguridade social;Mil Reais;175870.0;175870.0;disponivel
N6;Município;2305902;Ipueiras - CE;2021;2021;525;Valor adicionado bruto a preços correntes da administração, defesa, educação e saúde públicas e seguridade social;Mil Reais;166790.0;166790.0;disponivel
N6;Município;2306009;Iracema - CE;2021;2021;525;Valor adicionado bruto a preços correntes da administração, defesa, educação e saúde públicas e seguridade social;Mil Reais;76388.0;76388.0;disponivel
N6;Município;2306108;Irauçuba - CE;2021;2021;525;Valor adicionado bruto a preços correntes da administração, defesa, educação e saúde públicas e seguridade social;Mil Reais;105882.0;105882.0;disponivel
N6;Município;2306207;Itaiçaba - CE;2021;2021;525;Valor adicionado bruto a preços correntes da administração, defesa, educação e saúde públicas e seguridade social;Mil Reais;40423.0;40423.0;disponivel
N6;Município;2306256;Itaitinga - CE;2021;2021;525;Valor adicionado bruto a preços correntes da administração, defesa, educação e saúde públicas e seguridade social;Mil Reais;191380.0;191380.0;disponivel
N6;Município;2306306;Itapajé - CE;2021;2021;525;Valor adicionado bruto a preços correntes da administração, defesa, educação e saúde públicas e seguridade social;Mil Reais;209087.0;209087.0;disponivel
N6;Município;2306405;Itapipoca - CE;2021;2021;525;Valor adicionado bruto a preços correntes da administração, defesa, educação e saúde públicas e seguridade social;Mil Reais;525386.0;525386.0;disponivel
N6;Município;2306504;Itapiúna - CE;2021;2021;525;Valor adicionado bruto a preços correntes da administração, defesa, educação e saúde públicas e seguridade social;Mil Reais;92535.0;92535.0;disponivel
N6;Município;2306553;Itarema - CE;2021;2021;525;Valor adicionado bruto a preços correntes da administração, defesa, educação e saúde públicas e seguridade social;Mil Reais;183032.0;183032.0;disponivel
N6;Município;2306603;Itatira - CE;2021;2021;525;Valor adicionado bruto a preços correntes da administração, defesa, educação e saúde públicas e seguridade social;Mil Reais;96437.0;96437.0;disponivel
N6;Município;2306702;Jaguaretama - CE;2021;2021;525;Valor adicionado bruto a preços correntes da administração, defesa, educação e saúde públicas e seguridade social;Mil Reais;78258.0;78258.0;disponivel
N6;Município;2306801;Jaguaribara - CE;2021;2021;525;Valor adicionado bruto a preços correntes da administração, defesa, educação e saúde públicas e seguridade social;Mil Reais;62461.0;62461.0;disponivel
N6;Município;2306900;Jaguaribe - CE;2021;2021;525;Valor adicionado bruto a preços correntes da administração, defesa, educação e saúde públicas e seguridade social;Mil Reais;155035.0;155035.0;disponivel
N6;Município;2307007;Jaguaruana - CE;2021;2021;525;Valor adicionado bruto a preços correntes da administração, defesa, educação e saúde públicas e seguridade social;Mil Reais;151554.0;151554.0;disponivel
N6;Município;2307106;Jardim - CE;2021;2021;525;Valor adicionado bruto a preços correntes da administração, defesa, educação e saúde públicas e seguridade social;Mil Reais;128953.0;128953.0;disponivel
N6;Município;2307205;Jati - CE;2021;2021;525;Valor adicionado bruto a preços correntes da administração, defesa, educação e saúde públicas e seguridade social;Mil Reais;39429.0;39429.0;disponivel
N6;Município;2307254;Jijoca de Jericoacoara - CE;2021;2021;525;Valor adicionado bruto a preços correntes da administração, defesa, educação e saúde públicas e seguridade social;Mil Reais;120726.0;120726.0;disponivel
N6;Município;2307304;Juazeiro do Norte - CE;2021;2021;525;Valor adicionado bruto a preços correntes da administração, defesa, educação e saúde públicas e seguridade social;Mil Reais;1048872.0;1048872.0;disponivel
N6;Município;2307403;Jucás - CE;2021;2021;525;Valor adicionado bruto a preços correntes da administração, defesa, educação e saúde públicas e seguridade social;Mil Reais;114276.0;114276.0;disponivel
N6;Município;2307502;Lavras da Mangabeira - CE;2021;2021;525;Valor adicionado bruto a preços correntes da administração, defesa, educação e saúde públicas e seguridade social;Mil Reais;129650.0;129650.0;disponivel
N6;Município;2307601;Limoeiro do Norte - CE;2021;2021;525;Valor adicionado bruto a preços correntes da administração, defesa, educação e saúde públicas e seguridade social;Mil Reais;250412.0;250412.0;disponivel
N6;Município;2307635;Madalena - CE;2021;2021;525;Valor adicionado bruto a preços correntes da administração, defesa, educação e saúde públicas e seguridade social;Mil Reais;88358.0;88358.0;disponivel
N6;Município;2307650;Maracanaú - CE;2021;2021;525;Valor adicionado bruto a preços correntes da administração, defesa, educação e saúde públicas e seguridade social;Mil Reais;1084777.0;1084777.0;disponivel
N6;Município;2307700;Maranguape - CE;2021;2021;525;Valor adicionado bruto a preços correntes da administração, defesa, educação e saúde públicas e seguridade social;Mil Reais;480375.0;480375.0;disponivel
N6;Município;2307809;Marco - CE;2021;2021;525;Valor adicionado bruto a preços correntes da administração, defesa, educação e saúde públicas e seguridade social;Mil Reais;131626.0;131626.0;disponivel
N6;Município;2307908;Martinópole - CE;2021;2021;525;Valor adicionado bruto a preços correntes da administração, defesa, educação e saúde públicas e seguridade social;Mil Reais;53938.0;53938.0;disponivel
N6;Município;2308005;Massapê - CE;2021;2021;525;Valor adicionado bruto a preços correntes da administração, defesa, educação e saúde públicas e seguridade social;Mil Reais;161237.0;161237.0;disponivel
N6;Município;2308104;Mauriti - CE;2021;2021;525;Valor adicionado bruto a preços correntes da administração, defesa, educação e saúde públicas e seguridade social;Mil Reais;209165.0;209165.0;disponivel
N6;Município;2308203;Meruoca - CE;2021;2021;525;Valor adicionado bruto a preços correntes da administração, defesa, educação e saúde públicas e seguridade social;Mil Reais;72577.0;72577.0;disponivel
N6;Município;2308302;Milagres - CE;2021;2021;525;Valor adicionado bruto a preços correntes da administração, defesa, educação e saúde públicas e seguridade social;Mil Reais;114788.0;114788.0;disponivel
N6;Município;2308351;Milhã - CE;2021;2021;525;Valor adicionado bruto a preços correntes da administração, defesa, educação e saúde públicas e seguridade social;Mil Reais;60472.0;60472.0;disponivel
N6;Município;2308377;Miraíma - CE;2021;2021;525;Valor adicionado bruto a preços correntes da administração, defesa, educação e saúde públicas e seguridade social;Mil Reais;66207.0;66207.0;disponivel
N6;Município;2308401;Missão Velha - CE;2021;2021;525;Valor adicionado bruto a preços correntes da administração, defesa, educação e saúde públicas e seguridade social;Mil Reais;163691.0;163691.0;disponivel
N6;Município;2308500;Mombaça - CE;2021;2021;525;Valor adicionado bruto a preços correntes da administração, defesa, educação e saúde públicas e seguridade social;Mil Reais;176331.0;176331.0;disponivel
N6;Município;2308609;Monsenhor Tabosa - CE;2021;2021;525;Valor adicionado bruto a preços correntes da administração, defesa, educação e saúde públicas e seguridade social;Mil Reais;80573.0;80573.0;disponivel
N6;Município;2308708;Morada Nova - CE;2021;2021;525;Valor adicionado bruto a preços correntes da administração, defesa, educação e saúde públicas e seguridade social;Mil Reais;261784.0;261784.0;disponivel
N6;Município;2308807;Moraújo - CE;2021;2021;525;Valor adicionado bruto a preços correntes da administração, defesa, educação e saúde públicas e seguridade social;Mil Reais;38739.0;38739.0;disponivel
N6;Município;2308906;Morrinhos - CE;2021;2021;525;Valor adicionado bruto a preços correntes da administração, defesa, educação e saúde públicas e seguridade social;Mil Reais;93911.0;93911.0;disponivel
N6;Município;2309003;Mucambo - CE;2021;2021;525;Valor adicionado bruto a preços correntes da administração, defesa, educação e saúde públicas e seguridade social;Mil Reais;65917.0;65917.0;disponivel
N6;Município;2309102;Mulungu - CE;2021;2021;525;Valor adicionado bruto a preços correntes da administração, defesa, educação e saúde públicas e seguridade social;Mil Reais;54771.0;54771.0;disponivel
N6;Município;2309201;Nova Olinda - CE;2021;2021;525;Valor adicionado bruto a preços correntes da administração, defesa, educação e saúde públicas e seguridade social;Mil Reais;73924.0;73924.0;disponivel
N6;Município;2309300;Nova Russas - CE;2021;2021;525;Valor adicionado bruto a preços correntes da administração, defesa, educação e saúde públicas e seguridade social;Mil Reais;141317.0;141317.0;disponivel
N6;Município;2309409;Novo Oriente - CE;2021;2021;525;Valor adicionado bruto a preços correntes da administração, defesa, educação e saúde públicas e seguridade social;Mil Reais;124882.0;124882.0;disponivel
N6;Município;2309458;Ocara - CE;2021;2021;525;Valor adicionado bruto a preços correntes da administração, defesa, educação e saúde públicas e seguridade social;Mil Reais;110770.0;110770.0;disponivel
N6;Município;2309508;Orós - CE;2021;2021;525;Valor adicionado bruto a preços correntes da administração, defesa, educação e saúde públicas e seguridade social;Mil Reais;97746.0;97746.0;disponivel
N6;Município;2309607;Pacajus - CE;2021;2021;525;Valor adicionado bruto a preços correntes da administração, defesa, educação e saúde públicas e seguridade social;Mil Reais;283862.0;283862.0;disponivel
N6;Município;2309706;Pacatuba - CE;2021;2021;525;Valor adicionado bruto a preços correntes da administração, defesa, educação e saúde públicas e seguridade social;Mil Reais;303701.0;303701.0;disponivel
N6;Município;2309805;Pacoti - CE;2021;2021;525;Valor adicionado bruto a preços correntes da administração, defesa, educação e saúde públicas e seguridade social;Mil Reais;54736.0;54736.0;disponivel
N6;Município;2309904;Pacujá - CE;2021;2021;525;Valor adicionado bruto a preços correntes da administração, defesa, educação e saúde públicas e seguridade social;Mil Reais;32469.0;32469.0;disponivel
N6;Município;2310001;Palhano - CE;2021;2021;525;Valor adicionado bruto a preços correntes da administração, defesa, educação e saúde públicas e seguridade social;Mil Reais;44103.0;44103.0;disponivel
N6;Município;2310100;Palmácia - CE;2021;2021;525;Valor adicionado bruto a preços correntes da administração, defesa, educação e saúde públicas e seguridade social;Mil Reais;57422.0;57422.0;disponivel
N6;Município;2310209;Paracuru - CE;2021;2021;525;Valor adicionado bruto a preços correntes da administração, defesa, educação e saúde públicas e seguridade social;Mil Reais;169458.0;169458.0;disponivel
N6;Município;2310258;Paraipaba - CE;2021;2021;525;Valor adicionado bruto a preços correntes da administração, defesa, educação e saúde públicas e seguridade social;Mil Reais;143423.0;143423.0;disponivel
N6;Município;2310308;Parambu - CE;2021;2021;525;Valor adicionado bruto a preços correntes da administração, defesa, educação e saúde públicas e seguridade social;Mil Reais;128656.0;128656.0;disponivel
N6;Município;2310407;Paramoti - CE;2021;2021;525;Valor adicionado bruto a preços correntes da administração, defesa, educação e saúde públicas e seguridade social;Mil Reais;56110.0;56110.0;disponivel
N6;Município;2310506;Pedra Branca - CE;2021;2021;525;Valor adicionado bruto a preços correntes da administração, defesa, educação e saúde públicas e seguridade social;Mil Reais;195399.0;195399.0;disponivel
N6;Município;2310605;Penaforte - CE;2021;2021;525;Valor adicionado bruto a preços correntes da administração, defesa, educação e saúde públicas e seguridade social;Mil Reais;48972.0;48972.0;disponivel
N6;Município;2310704;Pentecoste - CE;2021;2021;525;Valor adicionado bruto a preços correntes da administração, defesa, educação e saúde públicas e seguridade social;Mil Reais;179643.0;179643.0;disponivel
N6;Município;2310803;Pereiro - CE;2021;2021;525;Valor adicionado bruto a preços correntes da administração, defesa, educação e saúde públicas e seguridade social;Mil Reais;74775.0;74775.0;disponivel
N6;Município;2310852;Pindoretama - CE;2021;2021;525;Valor adicionado bruto a preços correntes da administração, defesa, educação e saúde públicas e seguridade social;Mil Reais;107772.0;107772.0;disponivel
N6;Município;2310902;Piquet Carneiro - CE;2021;2021;525;Valor adicionado bruto a preços correntes da administração, defesa, educação e saúde públicas e seguridade social;Mil Reais;76893.0;76893.0;disponivel
N6;Município;2310951;Pires Ferreira - CE;2021;2021;525;Valor adicionado bruto a preços correntes da administração, defesa, educação e saúde públicas e seguridade social;Mil Reais;43382.0;43382.0;disponivel
N6;Município;2311009;Poranga - CE;2021;2021;525;Valor adicionado bruto a preços correntes da administração, defesa, educação e saúde públicas e seguridade social;Mil Reais;57397.0;57397.0;disponivel
N6;Município;2311108;Porteiras - CE;2021;2021;525;Valor adicionado bruto a preços correntes da administração, defesa, educação e saúde públicas e seguridade social;Mil Reais;74879.0;74879.0;disponivel
N6;Município;2311207;Potengi - CE;2021;2021;525;Valor adicionado bruto a preços correntes da administração, defesa, educação e saúde públicas e seguridade social;Mil Reais;49672.0;49672.0;disponivel
N6;Município;2311231;Potiretama - CE;2021;2021;525;Valor adicionado bruto a preços correntes da administração, defesa, educação e saúde públicas e seguridade social;Mil Reais;37897.0;37897.0;disponivel
N6;Município;2311264;Quiterianópolis - CE;2021;2021;525;Valor adicionado bruto a preços correntes da administração, defesa, educação e saúde públicas e seguridade social;Mil Reais;89826.0;89826.0;disponivel
N6;Município;2311306;Quixadá - CE;2021;2021;525;Valor adicionado bruto a preços correntes da administração, defesa, educação e saúde públicas e seguridade social;Mil Reais;361528.0;361528.0;disponivel
N6;Município;2311355;Quixelô - CE;2021;2021;525;Valor adicionado bruto a preços correntes da administração, defesa, educação e saúde públicas e seguridade social;Mil Reais;72389.0;72389.0;disponivel
N6;Município;2311405;Quixeramobim - CE;2021;2021;525;Valor adicionado bruto a preços correntes da administração, defesa, educação e saúde públicas e seguridade social;Mil Reais;320101.0;320101.0;disponivel
N6;Município;2311504;Quixeré - CE;2021;2021;525;Valor adicionado bruto a preços correntes da administração, defesa, educação e saúde públicas e seguridade social;Mil Reais;105545.0;105545.0;disponivel
N6;Município;2311603;Redenção - CE;2021;2021;525;Valor adicionado bruto a preços correntes da administração, defesa, educação e saúde públicas e seguridade social;Mil Reais;131891.0;131891.0;disponivel
N6;Município;2311702;Reriutaba - CE;2021;2021;525;Valor adicionado bruto a preços correntes da administração, defesa, educação e saúde públicas e seguridade social;Mil Reais;80539.0;80539.0;disponivel
N6;Município;2311801;Russas - CE;2021;2021;525;Valor adicionado bruto a preços correntes da administração, defesa, educação e saúde públicas e seguridade social;Mil Reais;332272.0;332272.0;disponivel
N6;Município;2311900;Saboeiro - CE;2021;2021;525;Valor adicionado bruto a preços correntes da administração, defesa, educação e saúde públicas e seguridade social;Mil Reais;72951.0;72951.0;disponivel
N6;Município;2311959;Salitre - CE;2021;2021;525;Valor adicionado bruto a preços correntes da administração, defesa, educação e saúde públicas e seguridade social;Mil Reais;87086.0;87086.0;disponivel
N6;Município;2312007;Santana do Acaraú - CE;2021;2021;525;Valor adicionado bruto a preços correntes da administração, defesa, educação e saúde públicas e seguridade social;Mil Reais;135882.0;135882.0;disponivel
N6;Município;2312106;Santana do Cariri - CE;2021;2021;525;Valor adicionado bruto a preços correntes da administração, defesa, educação e saúde públicas e seguridade social;Mil Reais;83710.0;83710.0;disponivel
N6;Município;2312205;Santa Quitéria - CE;2021;2021;525;Valor adicionado bruto a preços correntes da administração, defesa, educação e saúde públicas e seguridade social;Mil Reais;197237.0;197237.0;disponivel
N6;Município;2312304;São Benedito - CE;2021;2021;525;Valor adicionado bruto a preços correntes da administração, defesa, educação e saúde públicas e seguridade social;Mil Reais;195862.0;195862.0;disponivel
N6;Município;2312403;São Gonçalo do Amarante - CE;2021;2021;525;Valor adicionado bruto a preços correntes da administração, defesa, educação e saúde públicas e seguridade social;Mil Reais;312348.0;312348.0;disponivel
N6;Município;2312502;São João do Jaguaribe - CE;2021;2021;525;Valor adicionado bruto a preços correntes da administração, defesa, educação e saúde públicas e seguridade social;Mil Reais;35208.0;35208.0;disponivel
N6;Município;2312601;São Luís do Curu - CE;2021;2021;525;Valor adicionado bruto a preços correntes da administração, defesa, educação e saúde públicas e seguridade social;Mil Reais;57523.0;57523.0;disponivel
N6;Município;2312700;Senador Pompeu - CE;2021;2021;525;Valor adicionado bruto a preços correntes da administração, defesa, educação e saúde públicas e seguridade social;Mil Reais;106017.0;106017.0;disponivel
N6;Município;2312809;Senador Sá - CE;2021;2021;525;Valor adicionado bruto a preços correntes da administração, defesa, educação e saúde públicas e seguridade social;Mil Reais;34287.0;34287.0;disponivel
N6;Município;2312908;Sobral - CE;2021;2021;525;Valor adicionado bruto a preços correntes da administração, defesa, educação e saúde públicas e seguridade social;Mil Reais;965637.0;965637.0;disponivel
N6;Município;2313005;Solonópole - CE;2021;2021;525;Valor adicionado bruto a preços correntes da administração, defesa, educação e saúde públicas e seguridade social;Mil Reais;86356.0;86356.0;disponivel
N6;Município;2313104;Tabuleiro do Norte - CE;2021;2021;525;Valor adicionado bruto a preços correntes da administração, defesa, educação e saúde públicas e seguridade social;Mil Reais;126963.0;126963.0;disponivel
N6;Município;2313203;Tamboril - CE;2021;2021;525;Valor adicionado bruto a preços correntes da administração, defesa, educação e saúde públicas e seguridade social;Mil Reais;117292.0;117292.0;disponivel
N6;Município;2313252;Tarrafas - CE;2021;2021;525;Valor adicionado bruto a preços correntes da administração, defesa, educação e saúde públicas e seguridade social;Mil Reais;42203.0;42203.0;disponivel
N6;Município;2313302;Tauá - CE;2021;2021;525;Valor adicionado bruto a preços correntes da administração, defesa, educação e saúde públicas e seguridade social;Mil Reais;224021.0;224021.0;disponivel
N6;Município;2313351;Tejuçuoca - CE;2021;2021;525;Valor adicionado bruto a preços correntes da administração, defesa, educação e saúde públicas e seguridade social;Mil Reais;82178.0;82178.0;disponivel
N6;Município;2313401;Tianguá - CE;2021;2021;525;Valor adicionado bruto a preços correntes da administração, defesa, educação e saúde públicas e seguridade social;Mil Reais;326956.0;326956.0;disponivel
N6;Município;2313500;Trairi - CE;2021;2021;525;Valor adicionado bruto a preços correntes da administração, defesa, educação e saúde públicas e seguridade social;Mil Reais;250907.0;250907.0;disponivel
N6;Município;2313559;Tururu - CE;2021;2021;525;Valor adicionado bruto a preços correntes da administração, defesa, educação e saúde públicas e seguridade social;Mil Reais;76714.0;76714.0;disponivel
N6;Município;2313609;Ubajara - CE;2021;2021;525;Valor adicionado bruto a preços correntes da administração, defesa, educação e saúde públicas e seguridade social;Mil Reais;151549.0;151549.0;disponivel
N6;Município;2313708;Umari - CE;2021;2021;525;Valor adicionado bruto a preços correntes da administração, defesa, educação e saúde públicas e seguridade social;Mil Reais;35204.0;35204.0;disponivel
N6;Município;2313757;Umirim - CE;2021;2021;525;Valor adicionado bruto a preços correntes da administração, defesa, educação e saúde públicas e seguridade social;Mil Reais;81745.0;81745.0;disponivel
N6;Município;2313807;Uruburetama - CE;2021;2021;525;Valor adicionado bruto a preços correntes da administração, defesa, educação e saúde públicas e seguridade social;Mil Reais;100173.0;100173.0;disponivel
N6;Município;2313906;Uruoca - CE;2021;2021;525;Valor adicionado bruto a preços correntes da administração, defesa, educação e saúde públicas e seguridade social;Mil Reais;65409.0;65409.0;disponivel
N6;Município;2313955;Varjota - CE;2021;2021;525;Valor adicionado bruto a preços correntes da administração, defesa, educação e saúde públicas e seguridade social;Mil Reais;89137.0;89137.0;disponivel
N6;Município;2314003;Várzea Alegre - CE;2021;2021;525;Valor adicionado bruto a preços correntes da administração, defesa, educação e saúde públicas e seguridade social;Mil Reais;169262.0;169262.0;disponivel
N6;Município;2314102;Viçosa do Ceará - CE;2021;2021;525;Valor adicionado bruto a preços correntes da administração, defesa, educação e saúde públicas e seguridade social;Mil Reais;245596.0;245596.0;disponivel
N1;Brasil;1;Brasil;2021;2021;528;Participação do valor adicionado bruto a preços correntes da administração, defesa, educação e saúde públicas e seguridade social no valor adicionado bruto a preços correntes total;%;15.8;15.8;disponivel
N3;Unidade da Federação;23;Ceará;2021;2021;528;Participação do valor adicionado bruto a preços correntes da administração, defesa, educação e saúde públicas e seguridade social no valor adicionado bruto a preços correntes total;%;23.0;23.0;disponivel
N6;Município;2300101;Abaiara - CE;2021;2021;528;Participação do valor adicionado bruto a preços correntes da administração, defesa, educação e saúde públicas e seguridade social no valor adicionado bruto a preços correntes total;%;50.49;50.49;disponivel
N6;Município;2300150;Acarape - CE;2021;2021;528;Participação do valor adicionado bruto a preços correntes da administração, defesa, educação e saúde públicas e seguridade social no valor adicionado bruto a preços correntes total;%;40.34;40.34;disponivel
N6;Município;2300200;Acaraú - CE;2021;2021;528;Participação do valor adicionado bruto a preços correntes da administração, defesa, educação e saúde públicas e seguridade social no valor adicionado bruto a preços correntes total;%;27.86;27.86;disponivel
N6;Município;2300309;Acopiara - CE;2021;2021;528;Participação do valor adicionado bruto a preços correntes da administração, defesa, educação e saúde públicas e seguridade social no valor adicionado bruto a preços correntes total;%;36.22;36.22;disponivel
N6;Município;2300408;Aiuaba - CE;2021;2021;528;Participação do valor adicionado bruto a preços correntes da administração, defesa, educação e saúde públicas e seguridade social no valor adicionado bruto a preços correntes total;%;51.34;51.34;disponivel
N6;Município;2300507;Alcântaras - CE;2021;2021;528;Participação do valor adicionado bruto a preços correntes da administração, defesa, educação e saúde públicas e seguridade social no valor adicionado bruto a preços correntes total;%;58.13;58.13;disponivel
N6;Município;2300606;Altaneira - CE;2021;2021;528;Participação do valor adicionado bruto a preços correntes da administração, defesa, educação e saúde públicas e seguridade social no valor adicionado bruto a preços correntes total;%;56.54;56.54;disponivel
N6;Município;2300705;Alto Santo - CE;2021;2021;528;Participação do valor adicionado bruto a preços correntes da administração, defesa, educação e saúde públicas e seguridade social no valor adicionado bruto a preços correntes total;%;36.75;36.75;disponivel
N6;Município;2300754;Amontada - CE;2021;2021;528;Participação do valor adicionado bruto a preços correntes da administração, defesa, educação e saúde públicas e seguridade social no valor adicionado bruto a preços correntes total;%;31.81;31.81;disponivel
N6;Município;2300804;Antonina do Norte - CE;2021;2021;528;Participação do valor adicionado bruto a preços correntes da administração, defesa, educação e saúde públicas e seguridade social no valor adicionado bruto a preços correntes total;%;53.87;53.87;disponivel
N6;Município;2300903;Apuiarés - CE;2021;2021;528;Participação do valor adicionado bruto a preços correntes da administração, defesa, educação e saúde públicas e seguridade social no valor adicionado bruto a preços correntes total;%;53.95;53.95;disponivel
N6;Município;2301000;Aquiraz - CE;2021;2021;528;Participação do valor adicionado bruto a preços correntes da administração, defesa, educação e saúde públicas e seguridade social no valor adicionado bruto a preços correntes total;%;15.24;15.24;disponivel
N6;Município;2301109;Aracati - CE;2021;2021;528;Participação do valor adicionado bruto a preços correntes da administração, defesa, educação e saúde públicas e seguridade social no valor adicionado bruto a preços correntes total;%;19.12;19.12;disponivel
N6;Município;2301208;Aracoiaba - CE;2021;2021;528;Participação do valor adicionado bruto a preços correntes da administração, defesa, educação e saúde públicas e seguridade social no valor adicionado bruto a preços correntes total;%;46.75;46.75;disponivel
N6;Município;2301257;Ararendá - CE;2021;2021;528;Participação do valor adicionado bruto a preços correntes da administração, defesa, educação e saúde públicas e seguridade social no valor adicionado bruto a preços correntes total;%;54.17;54.17;disponivel
N6;Município;2301307;Araripe - CE;2021;2021;528;Participação do valor adicionado bruto a preços correntes da administração, defesa, educação e saúde públicas e seguridade social no valor adicionado bruto a preços correntes total;%;53.61;53.61;disponivel
N6;Município;2301406;Aratuba - CE;2021;2021;528;Participação do valor adicionado bruto a preços correntes da administração, defesa, educação e saúde públicas e seguridade social no valor adicionado bruto a preços correntes total;%;39.9;39.9;disponivel
N6;Município;2301505;Arneiroz - CE;2021;2021;528;Participação do valor adicionado bruto a preços correntes da administração, defesa, educação e saúde públicas e seguridade social no valor adicionado bruto a preços correntes total;%;50.38;50.38;disponivel
N6;Município;2301604;Assaré - CE;2021;2021;528;Participação do valor adicionado bruto a preços correntes da administração, defesa, educação e saúde públicas e seguridade social no valor adicionado bruto a preços correntes total;%;43.01;43.01;disponivel
N6;Município;2301703;Aurora - CE;2021;2021;528;Participação do valor adicionado bruto a preços correntes da administração, defesa, educação e saúde públicas e seguridade social no valor adicionado bruto a preços correntes total;%;48.84;48.84;disponivel
N6;Município;2301802;Baixio - CE;2021;2021;528;Participação do valor adicionado bruto a preços correntes da administração, defesa, educação e saúde públicas e seguridade social no valor adicionado bruto a preços correntes total;%;52.9;52.9;disponivel
N6;Município;2301851;Banabuiú - CE;2021;2021;528;Participação do valor adicionado bruto a preços correntes da administração, defesa, educação e saúde públicas e seguridade social no valor adicionado bruto a preços correntes total;%;34.98;34.98;disponivel
N6;Município;2301901;Barbalha - CE;2021;2021;528;Participação do valor adicionado bruto a preços correntes da administração, defesa, educação e saúde públicas e seguridade social no valor adicionado bruto a preços correntes total;%;23.81;23.81;disponivel
N6;Município;2301950;Barreira - CE;2021;2021;528;Participação do valor adicionado bruto a preços correntes da administração, defesa, educação e saúde públicas e seguridade social no valor adicionado bruto a preços correntes total;%;46.82;46.82;disponivel
N6;Município;2302008;Barro - CE;2021;2021;528;Participação do valor adicionado bruto a preços correntes da administração, defesa, educação e saúde públicas e seguridade social no valor adicionado bruto a preços correntes total;%;41.79;41.79;disponivel
N6;Município;2302057;Barroquinha - CE;2021;2021;528;Participação do valor adicionado bruto a preços correntes da administração, defesa, educação e saúde públicas e seguridade social no valor adicionado bruto a preços correntes total;%;57.42;57.42;disponivel
N6;Município;2302107;Baturité - CE;2021;2021;528;Participação do valor adicionado bruto a preços correntes da administração, defesa, educação e saúde públicas e seguridade social no valor adicionado bruto a preços correntes total;%;36.1;36.1;disponivel
N6;Município;2302206;Beberibe - CE;2021;2021;528;Participação do valor adicionado bruto a preços correntes da administração, defesa, educação e saúde públicas e seguridade social no valor adicionado bruto a preços correntes total;%;22.55;22.55;disponivel
N6;Município;2302305;Bela Cruz - CE;2021;2021;528;Participação do valor adicionado bruto a preços correntes da administração, defesa, educação e saúde públicas e seguridade social no valor adicionado bruto a preços correntes total;%;45.64;45.64;disponivel
N6;Município;2302404;Boa Viagem - CE;2021;2021;528;Participação do valor adicionado bruto a preços correntes da administração, defesa, educação e saúde públicas e seguridade social no valor adicionado bruto a preços correntes total;%;42.67;42.67;disponivel
N6;Município;2302503;Brejo Santo - CE;2021;2021;528;Participação do valor adicionado bruto a preços correntes da administração, defesa, educação e saúde públicas e seguridade social no valor adicionado bruto a preços correntes total;%;30.57;30.57;disponivel
N6;Município;2302602;Camocim - CE;2021;2021;528;Participação do valor adicionado bruto a preços correntes da administração, defesa, educação e saúde públicas e seguridade social no valor adicionado bruto a preços correntes total;%;32.69;32.69;disponivel
N6;Município;2302701;Campos Sales - CE;2021;2021;528;Participação do valor adicionado bruto a preços correntes da administração, defesa, educação e saúde públicas e seguridade social no valor adicionado bruto a preços correntes total;%;42.02;42.02;disponivel
N6;Município;2302800;Canindé - CE;2021;2021;528;Participação do valor adicionado bruto a preços correntes da administração, defesa, educação e saúde públicas e seguridade social no valor adicionado bruto a preços correntes total;%;40.45;40.45;disponivel
N6;Município;2302909;Capistrano - CE;2021;2021;528;Participação do valor adicionado bruto a preços correntes da administração, defesa, educação e saúde públicas e seguridade social no valor adicionado bruto a preços correntes total;%;49.95;49.95;disponivel
N6;Município;2303006;Caridade - CE;2021;2021;528;Participação do valor adicionado bruto a preços correntes da administração, defesa, educação e saúde públicas e seguridade social no valor adicionado bruto a preços correntes total;%;51.42;51.42;disponivel
N6;Município;2303105;Cariré - CE;2021;2021;528;Participação do valor adicionado bruto a preços correntes da administração, defesa, educação e saúde públicas e seguridade social no valor adicionado bruto a preços correntes total;%;43.26;43.26;disponivel
N6;Município;2303204;Caririaçu - CE;2021;2021;528;Participação do valor adicionado bruto a preços correntes da administração, defesa, educação e saúde públicas e seguridade social no valor adicionado bruto a preços correntes total;%;50.62;50.62;disponivel
N6;Município;2303303;Cariús - CE;2021;2021;528;Participação do valor adicionado bruto a preços correntes da administração, defesa, educação e saúde públicas e seguridade social no valor adicionado bruto a preços correntes total;%;43.16;43.16;disponivel
N6;Município;2303402;Carnaubal - CE;2021;2021;528;Participação do valor adicionado bruto a preços correntes da administração, defesa, educação e saúde públicas e seguridade social no valor adicionado bruto a preços correntes total;%;53.76;53.76;disponivel
N6;Município;2303501;Cascavel - CE;2021;2021;528;Participação do valor adicionado bruto a preços correntes da administração, defesa, educação e saúde públicas e seguridade social no valor adicionado bruto a preços correntes total;%;32.11;32.11;disponivel
N6;Município;2303600;Catarina - CE;2021;2021;528;Participação do valor adicionado bruto a preços correntes da administração, defesa, educação e saúde públicas e seguridade social no valor adicionado bruto a preços correntes total;%;57.04;57.04;disponivel
N6;Município;2303659;Catunda - CE;2021;2021;528;Participação do valor adicionado bruto a preços correntes da administração, defesa, educação e saúde públicas e seguridade social no valor adicionado bruto a preços correntes total;%;54.25;54.25;disponivel
N6;Município;2303709;Caucaia - CE;2021;2021;528;Participação do valor adicionado bruto a preços correntes da administração, defesa, educação e saúde públicas e seguridade social no valor adicionado bruto a preços correntes total;%;16.11;16.11;disponivel
N6;Município;2303808;Cedro - CE;2021;2021;528;Participação do valor adicionado bruto a preços correntes da administração, defesa, educação e saúde públicas e seguridade social no valor adicionado bruto a preços correntes total;%;44.96;44.96;disponivel
N6;Município;2303907;Chaval - CE;2021;2021;528;Participação do valor adicionado bruto a preços correntes da administração, defesa, educação e saúde públicas e seguridade social no valor adicionado bruto a preços correntes total;%;57.47;57.47;disponivel
N6;Município;2303931;Choró - CE;2021;2021;528;Participação do valor adicionado bruto a preços correntes da administração, defesa, educação e saúde públicas e seguridade social no valor adicionado bruto a preços correntes total;%;36.36;36.36;disponivel
N6;Município;2303956;Chorozinho - CE;2021;2021;528;Participação do valor adicionado bruto a preços correntes da administração, defesa, educação e saúde públicas e seguridade social no valor adicionado bruto a preços correntes total;%;42.65;42.65;disponivel
N6;Município;2304004;Coreaú - CE;2021;2021;528;Participação do valor adicionado bruto a preços correntes da administração, defesa, educação e saúde públicas e seguridade social no valor adicionado bruto a preços correntes total;%;50.19;50.19;disponivel
N6;Município;2304103;Crateús - CE;2021;2021;528;Participação do valor adicionado bruto a preços correntes da administração, defesa, educação e saúde públicas e seguridade social no valor adicionado bruto a preços correntes total;%;34.65;34.65;disponivel
N6;Município;2304202;Crato - CE;2021;2021;528;Participação do valor adicionado bruto a preços correntes da administração, defesa, educação e saúde públicas e seguridade social no valor adicionado bruto a preços correntes total;%;30.33;30.33;disponivel
N6;Município;2304236;Croatá - CE;2021;2021;528;Participação do valor adicionado bruto a preços correntes da administração, defesa, educação e saúde públicas e seguridade social no valor adicionado bruto a preços correntes total;%;38.1;38.1;disponivel
N6;Município;2304251;Cruz - CE;2021;2021;528;Participação do valor adicionado bruto a preços correntes da administração, defesa, educação e saúde públicas e seguridade social no valor adicionado bruto a preços correntes total;%;38.06;38.06;disponivel
N6;Município;2304269;Deputado Irapuan Pinheiro - CE;2021;2021;528;Participação do valor adicionado bruto a preços correntes da administração, defesa, educação e saúde públicas e seguridade social no valor adicionado bruto a preços correntes total;%;46.23;46.23;disponivel
N6;Município;2304277;Ereré - CE;2021;2021;528;Participação do valor adicionado bruto a preços correntes da administração, defesa, educação e saúde públicas e seguridade social no valor adicionado bruto a preços correntes total;%;47.32;47.32;disponivel
N6;Município;2304285;Eusébio - CE;2021;2021;528;Participação do valor adicionado bruto a preços correntes da administração, defesa, educação e saúde públicas e seguridade social no valor adicionado bruto a preços correntes total;%;13.11;13.11;disponivel
N6;Município;2304301;Farias Brito - CE;2021;2021;528;Participação do valor adicionado bruto a preços correntes da administração, defesa, educação e saúde públicas e seguridade social no valor adicionado bruto a preços correntes total;%;47.11;47.11;disponivel
N6;Município;2304350;Forquilha - CE;2021;2021;528;Participação do valor adicionado bruto a preços correntes da administração, defesa, educação e saúde públicas e seguridade social no valor adicionado bruto a preços correntes total;%;37.07;37.07;disponivel
N6;Município;2304400;Fortaleza - CE;2021;2021;528;Participação do valor adicionado bruto a preços correntes da administração, defesa, educação e saúde públicas e seguridade social no valor adicionado bruto a preços correntes total;%;16.83;16.83;disponivel
N6;Município;2304459;Fortim - CE;2021;2021;528;Participação do valor adicionado bruto a preços correntes da administração, defesa, educação e saúde públicas e seguridade social no valor adicionado bruto a preços correntes total;%;24.85;24.85;disponivel
N6;Município;2304509;Frecheirinha - CE;2021;2021;528;Participação do valor adicionado bruto a preços correntes da administração, defesa, educação e saúde públicas e seguridade social no valor adicionado bruto a preços correntes total;%;28.92;28.92;disponivel
N6;Município;2304608;General Sampaio - CE;2021;2021;528;Participação do valor adicionado bruto a preços correntes da administração, defesa, educação e saúde públicas e seguridade social no valor adicionado bruto a preços correntes total;%;52.65;52.65;disponivel
N6;Município;2304657;Graça - CE;2021;2021;528;Participação do valor adicionado bruto a preços correntes da administração, defesa, educação e saúde públicas e seguridade social no valor adicionado bruto a preços correntes total;%;59.35;59.35;disponivel
N6;Município;2304707;Granja - CE;2021;2021;528;Participação do valor adicionado bruto a preços correntes da administração, defesa, educação e saúde públicas e seguridade social no valor adicionado bruto a preços correntes total;%;49.54;49.54;disponivel
N6;Município;2304806;Granjeiro - CE;2021;2021;528;Participação do valor adicionado bruto a preços correntes da administração, defesa, educação e saúde públicas e seguridade social no valor adicionado bruto a preços correntes total;%;55.24;55.24;disponivel
N6;Município;2304905;Groaíras - CE;2021;2021;528;Participação do valor adicionado bruto a preços correntes da administração, defesa, educação e saúde públicas e seguridade social no valor adicionado bruto a preços correntes total;%;51.9;51.9;disponivel
N6;Município;2304954;Guaiúba - CE;2021;2021;528;Participação do valor adicionado bruto a preços correntes da administração, defesa, educação e saúde públicas e seguridade social no valor adicionado bruto a preços correntes total;%;52.85;52.85;disponivel
N6;Município;2305001;Guaraciaba do Norte - CE;2021;2021;528;Participação do valor adicionado bruto a preços correntes da administração, defesa, educação e saúde públicas e seguridade social no valor adicionado bruto a preços correntes total;%;28.1;28.1;disponivel
N6;Município;2305100;Guaramiranga - CE;2021;2021;528;Participação do valor adicionado bruto a preços correntes da administração, defesa, educação e saúde públicas e seguridade social no valor adicionado bruto a preços correntes total;%;40.04;40.04;disponivel
N6;Município;2305209;Hidrolândia - CE;2021;2021;528;Participação do valor adicionado bruto a preços correntes da administração, defesa, educação e saúde públicas e seguridade social no valor adicionado bruto a preços correntes total;%;46.51;46.51;disponivel
N6;Município;2305233;Horizonte - CE;2021;2021;528;Participação do valor adicionado bruto a preços correntes da administração, defesa, educação e saúde públicas e seguridade social no valor adicionado bruto a preços correntes total;%;17.6;17.6;disponivel
N6;Município;2305266;Ibaretama - CE;2021;2021;528;Participação do valor adicionado bruto a preços correntes da administração, defesa, educação e saúde públicas e seguridade social no valor adicionado bruto a preços correntes total;%;52.3;52.3;disponivel
N6;Município;2305308;Ibiapina - CE;2021;2021;528;Participação do valor adicionado bruto a preços correntes da administração, defesa, educação e saúde públicas e seguridade social no valor adicionado bruto a preços correntes total;%;34.85;34.85;disponivel
N6;Município;2305332;Ibicuitinga - CE;2021;2021;528;Participação do valor adicionado bruto a preços correntes da administração, defesa, educação e saúde públicas e seguridade social no valor adicionado bruto a preços correntes total;%;53.41;53.41;disponivel
N6;Município;2305357;Icapuí - CE;2021;2021;528;Participação do valor adicionado bruto a preços correntes da administração, defesa, educação e saúde públicas e seguridade social no valor adicionado bruto a preços correntes total;%;27.9;27.9;disponivel
N6;Município;2305407;Icó - CE;2021;2021;528;Participação do valor adicionado bruto a preços correntes da administração, defesa, educação e saúde públicas e seguridade social no valor adicionado bruto a preços correntes total;%;40.0;40.0;disponivel
N6;Município;2305506;Iguatu - CE;2021;2021;528;Participação do valor adicionado bruto a preços correntes da administração, defesa, educação e saúde públicas e seguridade social no valor adicionado bruto a preços correntes total;%;25.84;25.84;disponivel
N6;Município;2305605;Independência - CE;2021;2021;528;Participação do valor adicionado bruto a preços correntes da administração, defesa, educação e saúde públicas e seguridade social no valor adicionado bruto a preços correntes total;%;33.88;33.88;disponivel
N6;Município;2305654;Ipaporanga - CE;2021;2021;528;Participação do valor adicionado bruto a preços correntes da administração, defesa, educação e saúde públicas e seguridade social no valor adicionado bruto a preços correntes total;%;47.55;47.55;disponivel
N6;Município;2305704;Ipaumirim - CE;2021;2021;528;Participação do valor adicionado bruto a preços correntes da administração, defesa, educação e saúde públicas e seguridade social no valor adicionado bruto a preços correntes total;%;41.45;41.45;disponivel
N6;Município;2305803;Ipu - CE;2021;2021;528;Participação do valor adicionado bruto a preços correntes da administração, defesa, educação e saúde públicas e seguridade social no valor adicionado bruto a preços correntes total;%;36.06;36.06;disponivel
N6;Município;2305902;Ipueiras - CE;2021;2021;528;Participação do valor adicionado bruto a preços correntes da administração, defesa, educação e saúde públicas e seguridade social no valor adicionado bruto a preços correntes total;%;53.55;53.55;disponivel
N6;Município;2306009;Iracema - CE;2021;2021;528;Participação do valor adicionado bruto a preços correntes da administração, defesa, educação e saúde públicas e seguridade social no valor adicionado bruto a preços correntes total;%;41.14;41.14;disponivel
N6;Município;2306108;Irauçuba - CE;2021;2021;528;Participação do valor adicionado bruto a preços correntes da administração, defesa, educação e saúde públicas e seguridade social no valor adicionado bruto a preços correntes total;%;51.25;51.25;disponivel
N6;Município;2306207;Itaiçaba - CE;2021;2021;528;Participação do valor adicionado bruto a preços correntes da administração, defesa, educação e saúde públicas e seguridade social no valor adicionado bruto a preços correntes total;%;52.07;52.07;disponivel
N6;Município;2306256;Itaitinga - CE;2021;2021;528;Participação do valor adicionado bruto a preços correntes da administração, defesa, educação e saúde públicas e seguridade social no valor adicionado bruto a preços correntes total;%;19.08;19.08;disponivel
N6;Município;2306306;Itapajé - CE;2021;2021;528;Participação do valor adicionado bruto a preços correntes da administração, defesa, educação e saúde públicas e seguridade social no valor adicionado bruto a preços correntes total;%;37.77;37.77;disponivel
N6;Município;2306405;Itapipoca - CE;2021;2021;528;Participação do valor adicionado bruto a preços correntes da administração, defesa, educação e saúde públicas e seguridade social no valor adicionado bruto a preços correntes total;%;32.59;32.59;disponivel
N6;Município;2306504;Itapiúna - CE;2021;2021;528;Participação do valor adicionado bruto a preços correntes da administração, defesa, educação e saúde públicas e seguridade social no valor adicionado bruto a preços correntes total;%;56.95;56.95;disponivel
N6;Município;2306553;Itarema - CE;2021;2021;528;Participação do valor adicionado bruto a preços correntes da administração, defesa, educação e saúde públicas e seguridade social no valor adicionado bruto a preços correntes total;%;25.28;25.28;disponivel
N6;Município;2306603;Itatira - CE;2021;2021;528;Participação do valor adicionado bruto a preços correntes da administração, defesa, educação e saúde públicas e seguridade social no valor adicionado bruto a preços correntes total;%;58.04;58.04;disponivel
N6;Município;2306702;Jaguaretama - CE;2021;2021;528;Participação do valor adicionado bruto a preços correntes da administração, defesa, educação e saúde públicas e seguridade social no valor adicionado bruto a preços correntes total;%;36.34;36.34;disponivel
N6;Município;2306801;Jaguaribara - CE;2021;2021;528;Participação do valor adicionado bruto a preços correntes da administração, defesa, educação e saúde públicas e seguridade social no valor adicionado bruto a preços correntes total;%;43.0;43.0;disponivel
N6;Município;2306900;Jaguaribe - CE;2021;2021;528;Participação do valor adicionado bruto a preços correntes da administração, defesa, educação e saúde públicas e seguridade social no valor adicionado bruto a preços correntes total;%;30.26;30.26;disponivel
N6;Município;2307007;Jaguaruana - CE;2021;2021;528;Participação do valor adicionado bruto a preços correntes da administração, defesa, educação e saúde públicas e seguridade social no valor adicionado bruto a preços correntes total;%;30.28;30.28;disponivel
N6;Município;2307106;Jardim - CE;2021;2021;528;Participação do valor adicionado bruto a preços correntes da administração, defesa, educação e saúde públicas e seguridade social no valor adicionado bruto a preços correntes total;%;45.78;45.78;disponivel
N6;Município;2307205;Jati - CE;2021;2021;528;Participação do valor adicionado bruto a preços correntes da administração, defesa, educação e saúde públicas e seguridade social no valor adicionado bruto a preços correntes total;%;34.2;34.2;disponivel
N6;Município;2307254;Jijoca de Jericoacoara - CE;2021;2021;528;Participação do valor adicionado bruto a preços correntes da administração, defesa, educação e saúde públicas e seguridade social no valor adicionado bruto a preços correntes total;%;23.95;23.95;disponivel
N6;Município;2307304;Juazeiro do Norte - CE;2021;2021;528;Participação do valor adicionado bruto a preços correntes da administração, defesa, educação e saúde públicas e seguridade social no valor adicionado bruto a preços correntes total;%;23.35;23.35;disponivel
N6;Município;2307403;Jucás - CE;2021;2021;528;Participação do valor adicionado bruto a preços correntes da administração, defesa, educação e saúde públicas e seguridade social no valor adicionado bruto a preços correntes total;%;38.35;38.35;disponivel
N6;Município;2307502;Lavras da Mangabeira - CE;2021;2021;528;Participação do valor adicionado bruto a preços correntes da administração, defesa, educação e saúde públicas e seguridade social no valor adicionado bruto a preços correntes total;%;39.48;39.48;disponivel
N6;Município;2307601;Limoeiro do Norte - CE;2021;2021;528;Participação do valor adicionado bruto a preços correntes da administração, defesa, educação e saúde públicas e seguridade social no valor adicionado bruto a preços correntes total;%;19.96;19.96;disponivel
N6;Município;2307635;Madalena - CE;2021;2021;528;Participação do valor adicionado bruto a preços correntes da administração, defesa, educação e saúde públicas e seguridade social no valor adicionado bruto a preços correntes total;%;53.33;53.33;disponivel
N6;Município;2307650;Maracanaú - CE;2021;2021;528;Participação do valor adicionado bruto a preços correntes da administração, defesa, educação e saúde públicas e seguridade social no valor adicionado bruto a preços correntes total;%;11.21;11.21;disponivel
N6;Município;2307700;Maranguape - CE;2021;2021;528;Participação do valor adicionado bruto a preços correntes da administração, defesa, educação e saúde públicas e seguridade social no valor adicionado bruto a preços correntes total;%;34.03;34.03;disponivel
N6;Município;2307809;Marco - CE;2021;2021;528;Participação do valor adicionado bruto a preços correntes da administração, defesa, educação e saúde públicas e seguridade social no valor adicionado bruto a preços correntes total;%;38.06;38.06;disponivel
N6;Município;2307908;Martinópole - CE;2021;2021;528;Participação do valor adicionado bruto a preços correntes da administração, defesa, educação e saúde públicas e seguridade social no valor adicionado bruto a preços correntes total;%;58.44;58.44;disponivel
N6;Município;2308005;Massapê - CE;2021;2021;528;Participação do valor adicionado bruto a preços correntes da administração, defesa, educação e saúde públicas e seguridade social no valor adicionado bruto a preços correntes total;%;45.02;45.02;disponivel
N6;Município;2308104;Mauriti - CE;2021;2021;528;Participação do valor adicionado bruto a preços correntes da administração, defesa, educação e saúde públicas e seguridade social no valor adicionado bruto a preços correntes total;%;42.63;42.63;disponivel
N6;Município;2308203;Meruoca - CE;2021;2021;528;Participação do valor adicionado bruto a preços correntes da administração, defesa, educação e saúde públicas e seguridade social no valor adicionado bruto a preços correntes total;%;58.49;58.49;disponivel
N6;Município;2308302;Milagres - CE;2021;2021;528;Participação do valor adicionado bruto a preços correntes da administração, defesa, educação e saúde públicas e seguridade social no valor adicionado bruto a preços correntes total;%;42.71;42.71;disponivel
N6;Município;2308351;Milhã - CE;2021;2021;528;Participação do valor adicionado bruto a preços correntes da administração, defesa, educação e saúde públicas e seguridade social no valor adicionado bruto a preços correntes total;%;32.19;32.19;disponivel
N6;Município;2308377;Miraíma - CE;2021;2021;528;Participação do valor adicionado bruto a preços correntes da administração, defesa, educação e saúde públicas e seguridade social no valor adicionado bruto a preços correntes total;%;60.85;60.85;disponivel
N6;Município;2308401;Missão Velha - CE;2021;2021;528;Participação do valor adicionado bruto a preços correntes da administração, defesa, educação e saúde públicas e seguridade social no valor adicionado bruto a preços correntes total;%;33.03;33.03;disponivel
N6;Município;2308500;Mombaça - CE;2021;2021;528;Participação do valor adicionado bruto a preços correntes da administração, defesa, educação e saúde públicas e seguridade social no valor adicionado bruto a preços correntes total;%;41.95;41.95;disponivel
N6;Município;2308609;Monsenhor Tabosa - CE;2021;2021;528;Participação do valor adicionado bruto a preços correntes da administração, defesa, educação e saúde públicas e seguridade social no valor adicionado bruto a preços correntes total;%;53.06;53.06;disponivel
N6;Município;2308708;Morada Nova - CE;2021;2021;528;Participação do valor adicionado bruto a preços correntes da administração, defesa, educação e saúde públicas e seguridade social no valor adicionado bruto a preços correntes total;%;22.64;22.64;disponivel
N6;Município;2308807;Moraújo - CE;2021;2021;528;Participação do valor adicionado bruto a preços correntes da administração, defesa, educação e saúde públicas e seguridade social no valor adicionado bruto a preços correntes total;%;53.08;53.08;disponivel
N6;Município;2308906;Morrinhos - CE;2021;2021;528;Participação do valor adicionado bruto a preços correntes da administração, defesa, educação e saúde públicas e seguridade social no valor adicionado bruto a preços correntes total;%;52.02;52.02;disponivel
N6;Município;2309003;Mucambo - CE;2021;2021;528;Participação do valor adicionado bruto a preços correntes da administração, defesa, educação e saúde públicas e seguridade social no valor adicionado bruto a preços correntes total;%;53.12;53.12;disponivel
N6;Município;2309102;Mulungu - CE;2021;2021;528;Participação do valor adicionado bruto a preços correntes da administração, defesa, educação e saúde públicas e seguridade social no valor adicionado bruto a preços correntes total;%;45.81;45.81;disponivel
N6;Município;2309201;Nova Olinda - CE;2021;2021;528;Participação do valor adicionado bruto a preços correntes da administração, defesa, educação e saúde públicas e seguridade social no valor adicionado bruto a preços correntes total;%;47.92;47.92;disponivel
N6;Município;2309300;Nova Russas - CE;2021;2021;528;Participação do valor adicionado bruto a preços correntes da administração, defesa, educação e saúde públicas e seguridade social no valor adicionado bruto a preços correntes total;%;45.88;45.88;disponivel
N6;Município;2309409;Novo Oriente - CE;2021;2021;528;Participação do valor adicionado bruto a preços correntes da administração, defesa, educação e saúde públicas e seguridade social no valor adicionado bruto a preços correntes total;%;46.41;46.41;disponivel
N6;Município;2309458;Ocara - CE;2021;2021;528;Participação do valor adicionado bruto a preços correntes da administração, defesa, educação e saúde públicas e seguridade social no valor adicionado bruto a preços correntes total;%;41.53;41.53;disponivel
N6;Município;2309508;Orós - CE;2021;2021;528;Participação do valor adicionado bruto a preços correntes da administração, defesa, educação e saúde públicas e seguridade social no valor adicionado bruto a preços correntes total;%;47.04;47.04;disponivel
N6;Município;2309607;Pacajus - CE;2021;2021;528;Participação do valor adicionado bruto a preços correntes da administração, defesa, educação e saúde públicas e seguridade social no valor adicionado bruto a preços correntes total;%;23.35;23.35;disponivel
N6;Município;2309706;Pacatuba - CE;2021;2021;528;Participação do valor adicionado bruto a preços correntes da administração, defesa, educação e saúde públicas e seguridade social no valor adicionado bruto a preços correntes total;%;28.21;28.21;disponivel
N6;Município;2309805;Pacoti - CE;2021;2021;528;Participação do valor adicionado bruto a preços correntes da administração, defesa, educação e saúde públicas e seguridade social no valor adicionado bruto a preços correntes total;%;38.51;38.51;disponivel
N6;Município;2309904;Pacujá - CE;2021;2021;528;Participação do valor adicionado bruto a preços correntes da administração, defesa, educação e saúde públicas e seguridade social no valor adicionado bruto a preços correntes total;%;56.77;56.77;disponivel
N6;Município;2310001;Palhano - CE;2021;2021;528;Participação do valor adicionado bruto a preços correntes da administração, defesa, educação e saúde públicas e seguridade social no valor adicionado bruto a preços correntes total;%;47.26;47.26;disponivel
N6;Município;2310100;Palmácia - CE;2021;2021;528;Participação do valor adicionado bruto a preços correntes da administração, defesa, educação e saúde públicas e seguridade social no valor adicionado bruto a preços correntes total;%;51.53;51.53;disponivel
N6;Município;2310209;Paracuru - CE;2021;2021;528;Participação do valor adicionado bruto a preços correntes da administração, defesa, educação e saúde públicas e seguridade social no valor adicionado bruto a preços correntes total;%;32.73;32.73;disponivel
N6;Município;2310258;Paraipaba - CE;2021;2021;528;Participação do valor adicionado bruto a preços correntes da administração, defesa, educação e saúde públicas e seguridade social no valor adicionado bruto a preços correntes total;%;29.01;29.01;disponivel
N6;Município;2310308;Parambu - CE;2021;2021;528;Participação do valor adicionado bruto a preços correntes da administração, defesa, educação e saúde públicas e seguridade social no valor adicionado bruto a preços correntes total;%;47.21;47.21;disponivel
N6;Município;2310407;Paramoti - CE;2021;2021;528;Participação do valor adicionado bruto a preços correntes da administração, defesa, educação e saúde públicas e seguridade social no valor adicionado bruto a preços correntes total;%;52.63;52.63;disponivel
N6;Município;2310506;Pedra Branca - CE;2021;2021;528;Participação do valor adicionado bruto a preços correntes da administração, defesa, educação e saúde públicas e seguridade social no valor adicionado bruto a preços correntes total;%;52.85;52.85;disponivel
N6;Município;2310605;Penaforte - CE;2021;2021;528;Participação do valor adicionado bruto a preços correntes da administração, defesa, educação e saúde públicas e seguridade social no valor adicionado bruto a preços correntes total;%;43.91;43.91;disponivel
N6;Município;2310704;Pentecoste - CE;2021;2021;528;Participação do valor adicionado bruto a preços correntes da administração, defesa, educação e saúde públicas e seguridade social no valor adicionado bruto a preços correntes total;%;39.75;39.75;disponivel
N6;Município;2310803;Pereiro - CE;2021;2021;528;Participação do valor adicionado bruto a preços correntes da administração, defesa, educação e saúde públicas e seguridade social no valor adicionado bruto a preços correntes total;%;15.51;15.51;disponivel
N6;Município;2310852;Pindoretama - CE;2021;2021;528;Participação do valor adicionado bruto a preços correntes da administração, defesa, educação e saúde públicas e seguridade social no valor adicionado bruto a preços correntes total;%;42.5;42.5;disponivel
N6;Município;2310902;Piquet Carneiro - CE;2021;2021;528;Participação do valor adicionado bruto a preços correntes da administração, defesa, educação e saúde públicas e seguridade social no valor adicionado bruto a preços correntes total;%;49.95;49.95;disponivel
N6;Município;2310951;Pires Ferreira - CE;2021;2021;528;Participação do valor adicionado bruto a preços correntes da administração, defesa, educação e saúde públicas e seguridade social no valor adicionado bruto a preços correntes total;%;53.52;53.52;disponivel
N6;Município;2311009;Poranga - CE;2021;2021;528;Participação do valor adicionado bruto a preços correntes da administração, defesa, educação e saúde públicas e seguridade social no valor adicionado bruto a preços correntes total;%;55.08;55.08;disponivel
N6;Município;2311108;Porteiras - CE;2021;2021;528;Participação do valor adicionado bruto a preços correntes da administração, defesa, educação e saúde públicas e seguridade social no valor adicionado bruto a preços correntes total;%;42.09;42.09;disponivel
N6;Município;2311207;Potengi - CE;2021;2021;528;Participação do valor adicionado bruto a preços correntes da administração, defesa, educação e saúde públicas e seguridade social no valor adicionado bruto a preços correntes total;%;46.78;46.78;disponivel
N6;Município;2311231;Potiretama - CE;2021;2021;528;Participação do valor adicionado bruto a preços correntes da administração, defesa, educação e saúde públicas e seguridade social no valor adicionado bruto a preços correntes total;%;40.71;40.71;disponivel
N6;Município;2311264;Quiterianópolis - CE;2021;2021;528;Participação do valor adicionado bruto a preços correntes da administração, defesa, educação e saúde públicas e seguridade social no valor adicionado bruto a preços correntes total;%;51.34;51.34;disponivel
N6;Município;2311306;Quixadá - CE;2021;2021;528;Participação do valor adicionado bruto a preços correntes da administração, defesa, educação e saúde públicas e seguridade social no valor adicionado bruto a preços correntes total;%;35.37;35.37;disponivel
N6;Município;2311355;Quixelô - CE;2021;2021;528;Participação do valor adicionado bruto a preços correntes da administração, defesa, educação e saúde públicas e seguridade social no valor adicionado bruto a preços correntes total;%;38.22;38.22;disponivel
N6;Município;2311405;Quixeramobim - CE;2021;2021;528;Participação do valor adicionado bruto a preços correntes da administração, defesa, educação e saúde públicas e seguridade social no valor adicionado bruto a preços correntes total;%;25.0;25.0;disponivel
N6;Município;2311504;Quixeré - CE;2021;2021;528;Participação do valor adicionado bruto a preços correntes da administração, defesa, educação e saúde públicas e seguridade social no valor adicionado bruto a preços correntes total;%;18.13;18.13;disponivel
N6;Município;2311603;Redenção - CE;2021;2021;528;Participação do valor adicionado bruto a preços correntes da administração, defesa, educação e saúde públicas e seguridade social no valor adicionado bruto a preços correntes total;%;34.17;34.17;disponivel
N6;Município;2311702;Reriutaba - CE;2021;2021;528;Participação do valor adicionado bruto a preços correntes da administração, defesa, educação e saúde públicas e seguridade social no valor adicionado bruto a preços correntes total;%;44.98;44.98;disponivel
N6;Município;2311801;Russas - CE;2021;2021;528;Participação do valor adicionado bruto a preços correntes da administração, defesa, educação e saúde públicas e seguridade social no valor adicionado bruto a preços correntes total;%;32.03;32.03;disponivel
N6;Município;2311900;Saboeiro - CE;2021;2021;528;Participação do valor adicionado bruto a preços correntes da administração, defesa, educação e saúde públicas e seguridade social no valor adicionado bruto a preços correntes total;%;44.37;44.37;disponivel
N6;Município;2311959;Salitre - CE;2021;2021;528;Participação do valor adicionado bruto a preços correntes da administração, defesa, educação e saúde públicas e seguridade social no valor adicionado bruto a preços correntes total;%;56.61;56.61;disponivel
N6;Município;2312007;Santana do Acaraú - CE;2021;2021;528;Participação do valor adicionado bruto a preços correntes da administração, defesa, educação e saúde públicas e seguridade social no valor adicionado bruto a preços correntes total;%;50.62;50.62;disponivel
N6;Município;2312106;Santana do Cariri - CE;2021;2021;528;Participação do valor adicionado bruto a preços correntes da administração, defesa, educação e saúde públicas e seguridade social no valor adicionado bruto a preços correntes total;%;54.44;54.44;disponivel
N6;Município;2312205;Santa Quitéria - CE;2021;2021;528;Participação do valor adicionado bruto a preços correntes da administração, defesa, educação e saúde públicas e seguridade social no valor adicionado bruto a preços correntes total;%;33.39;33.39;disponivel
N6;Município;2312304;São Benedito - CE;2021;2021;528;Participação do valor adicionado bruto a preços correntes da administração, defesa, educação e saúde públicas e seguridade social no valor adicionado bruto a preços correntes total;%;33.32;33.32;disponivel
N6;Município;2312403;São Gonçalo do Amarante - CE;2021;2021;528;Participação do valor adicionado bruto a preços correntes da administração, defesa, educação e saúde públicas e seguridade social no valor adicionado bruto a preços correntes total;%;4.43;4.43;disponivel
N6;Município;2312502;São João do Jaguaribe - CE;2021;2021;528;Participação do valor adicionado bruto a preços correntes da administração, defesa, educação e saúde públicas e seguridade social no valor adicionado bruto a preços correntes total;%;33.83;33.83;disponivel
N6;Município;2312601;São Luís do Curu - CE;2021;2021;528;Participação do valor adicionado bruto a preços correntes da administração, defesa, educação e saúde públicas e seguridade social no valor adicionado bruto a preços correntes total;%;46.56;46.56;disponivel
N6;Município;2312700;Senador Pompeu - CE;2021;2021;528;Participação do valor adicionado bruto a preços correntes da administração, defesa, educação e saúde públicas e seguridade social no valor adicionado bruto a preços correntes total;%;32.59;32.59;disponivel
N6;Município;2312809;Senador Sá - CE;2021;2021;528;Participação do valor adicionado bruto a preços correntes da administração, defesa, educação e saúde públicas e seguridade social no valor adicionado bruto a preços correntes total;%;56.65;56.65;disponivel
N6;Município;2312908;Sobral - CE;2021;2021;528;Participação do valor adicionado bruto a preços correntes da administração, defesa, educação e saúde públicas e seguridade social no valor adicionado bruto a preços correntes total;%;19.94;19.94;disponivel
N6;Município;2313005;Solonópole - CE;2021;2021;528;Participação do valor adicionado bruto a preços correntes da administração, defesa, educação e saúde públicas e seguridade social no valor adicionado bruto a preços correntes total;%;30.3;30.3;disponivel
N6;Município;2313104;Tabuleiro do Norte - CE;2021;2021;528;Participação do valor adicionado bruto a preços correntes da administração, defesa, educação e saúde públicas e seguridade social no valor adicionado bruto a preços correntes total;%;30.8;30.8;disponivel
N6;Município;2313203;Tamboril - CE;2021;2021;528;Participação do valor adicionado bruto a preços correntes da administração, defesa, educação e saúde públicas e seguridade social no valor adicionado bruto a preços correntes total;%;43.2;43.2;disponivel
N6;Município;2313252;Tarrafas - CE;2021;2021;528;Participação do valor adicionado bruto a preços correntes da administração, defesa, educação e saúde públicas e seguridade social no valor adicionado bruto a preços correntes total;%;50.91;50.91;disponivel
N6;Município;2313302;Tauá - CE;2021;2021;528;Participação do valor adicionado bruto a preços correntes da administração, defesa, educação e saúde públicas e seguridade social no valor adicionado bruto a preços correntes total;%;34.09;34.09;disponivel
N6;Município;2313351;Tejuçuoca - CE;2021;2021;528;Participação do valor adicionado bruto a preços correntes da administração, defesa, educação e saúde públicas e seguridade social no valor adicionado bruto a preços correntes total;%;62.56;62.56;disponivel
N6;Município;2313401;Tianguá - CE;2021;2021;528;Participação do valor adicionado bruto a preços correntes da administração, defesa, educação e saúde públicas e seguridade social no valor adicionado bruto a preços correntes total;%;21.42;21.42;disponivel
N6;Município;2313500;Trairi - CE;2021;2021;528;Participação do valor adicionado bruto a preços correntes da administração, defesa, educação e saúde públicas e seguridade social no valor adicionado bruto a preços correntes total;%;24.15;24.15;disponivel
N6;Município;2313559;Tururu - CE;2021;2021;528;Participação do valor adicionado bruto a preços correntes da administração, defesa, educação e saúde públicas e seguridade social no valor adicionado bruto a preços correntes total;%;57.62;57.62;disponivel
N6;Município;2313609;Ubajara - CE;2021;2021;528;Participação do valor adicionado bruto a preços correntes da administração, defesa, educação e saúde públicas e seguridade social no valor adicionado bruto a preços correntes total;%;25.28;25.28;disponivel
N6;Município;2313708;Umari - CE;2021;2021;528;Participação do valor adicionado bruto a preços correntes da administração, defesa, educação e saúde públicas e seguridade social no valor adicionado bruto a preços correntes total;%;52.33;52.33;disponivel
N6;Município;2313757;Umirim - CE;2021;2021;528;Participação do valor adicionado bruto a preços correntes da administração, defesa, educação e saúde públicas e seguridade social no valor adicionado bruto a preços correntes total;%;50.81;50.81;disponivel
N6;Município;2313807;Uruburetama - CE;2021;2021;528;Participação do valor adicionado bruto a preços correntes da administração, defesa, educação e saúde públicas e seguridade social no valor adicionado bruto a preços correntes total;%;35.26;35.26;disponivel
N6;Município;2313906;Uruoca - CE;2021;2021;528;Participação do valor adicionado bruto a preços correntes da administração, defesa, educação e saúde públicas e seguridade social no valor adicionado bruto a preços correntes total;%;22.97;22.97;disponivel
N6;Município;2313955;Varjota - CE;2021;2021;528;Participação do valor adicionado bruto a preços correntes da administração, defesa, educação e saúde públicas e seguridade social no valor adicionado bruto a preços correntes total;%;24.91;24.91;disponivel
N6;Município;2314003;Várzea Alegre - CE;2021;2021;528;Participação do valor adicionado bruto a preços correntes da administração, defesa, educação e saúde públicas e seguridade social no valor adicionado bruto a preços correntes total;%;39.04;39.04;disponivel
N6;Município;2314102;Viçosa do Ceará - CE;2021;2021;528;Participação do valor adicionado bruto a preços correntes da administração, defesa, educação e saúde públicas e seguridade social no valor adicionado bruto a preços correntes total;%;44.38;44.38;disponivel
